:020000041000EA
:1000000000B5324B212058609868022188439860DF
:10001000D860186158612E4B002199600221596106
:100020000121F02299502B49196001219960352056
:1000300000F044F80222904214D00621196600F024
:1000400034F8196E01211966002018661A6600F04E
:100050002CF8196E196E196E052000F02FF8012189
:100060000842F9D1002199601B49196000215960AB
:100070001A491B48016001219960EB211966A021F2
:10008000196600F012F800219960164914480160C1
:100090000121996001BC002800D000471248134993
:1000A000086003C880F30888084703B5996A0420EC
:1000B0000142FBD001200142F8D103BD02B5186610
:1000C0001866FFF7F2FF186E186E02BD00000240BE
:1000D000000000180000070000035F00212200005C
:1000E000F4000018222000A00001001008ED00E03C
:1000F00000000000000000000000000074B24E7A12
:1001000000200420F7010010CB010010CD010010E9
:10011000C9010010C9010010C9010010C901001077
:10012000C9010010C9010010C9010010CF01001061
:10013000C9010010C9010010D1010010D301001045
:10014000C1010010C1010010C1010010C101001067
:10015000C1010010C1010010C1010010C101001057
:10016000C1010010C1010010C1010010C101001047
:10017000C1010010C1010010C1010010C101001037
:10018000C1010010C1010010C1010010C101001027
:10019000C1010010C1010010C1010010C101001017
:1001A000C1010010C1010010C1010010C101001007
:1001B000C1010010C1010010C1010010C1010010F7
:1001C000EFF30580103800BE00BE00BE00BE00BECA
:1001D00000BE00BEF2EB8871F083001014840010A2
:1001E0003802001090A31AE71E481F49086006C88D
:1001F00081F3088810471D480068002801D019487D
:10020000F3E70DA40ECC002902D000F012F8F9E7B4
:100210001749184A002000E001C19142FCD116495B
:100220008847164988471649884700BEFDE701C937
:1002300001C29A42FBD3704714840010C000002012
:10024000000D002054900010000004200000042045
:100250005490001000100420001004200000000042
:10026000704700000000000008ED00E0000000D032
:10027000000D00200C1E0020F93B0010450300106B
:10028000B93B0010F8B5C0460448054B10B5834291
:1002900003D0044B002B00D0984710BD000D002068
:1002A000000D00200000000006480749091A8B10C5
:1002B000C90FC91810B5491003D0044B002B00D04A
:1002C000984710BD000D0020000D00200000000028
:1002D00010B5074C2378002B09D1FFF7D5FF054B4C
:1002E000002B02D0044800E000BF0123237010BDA2
:1002F000880E002000000000906F0010054B10B524
:10030000002B03D00449054800E000BFFFF7CCFFF5
:1003100010BDC046000000008C0E0020906F001041
:1003200010B50649064806F0D3FC0121122000F062
:1003300067F90121132000F063F910BD40420F005E
:1003400000C0034070B582B003F076FDFFF7E8FF10
:100350001E2000F043F800F0AFF8002500F04AF846
:1003600006000024B44207D300F04AF8052001F04B
:1003700039F80135EDB2F1E7A200A218D2B2521954
:10038000D2B27823009387331421200000F008F9BB
:100390000134A4B2E6E70000034B18880F300009CF
:1003A00000D101307047C046300C002010B5024823
:1003B000042100F01BF910BDE41D002010B5FFF76B
:1003C000EBFF040005E00448012100F00FF9013CB7
:1003D000A4B2002CF7D110BD091E0020431E9BB211
:1003E0001D2B03D8024B1880002070470220FCE729
:1003F000300C0020014B18887047C046300C00209C
:1004000010B5FFF7D3FF054B1988890089B204485E
:1004100000F0ECF8FFF7D2FF10BDC046300C002012
:100420003C1B002070B504AC26780A4C2488A042FE
:100430000ED21F2900D91F21074C850020204042E1
:10044000014329556019C27083704670002070BD49
:100450000120FCE7300C00203C1B0020F0B505AC6F
:10046000277806AC2478A446114C2488844218D9F5
:100470008C4218D9884218D81F2A0ED91F220CE0A6
:100480000C4C860020256D4215433555A419E370A8
:10049000A77065466570013080B28842F0D90020AF
:1004A00000E00120F0BD0120FCE70120FAE7C04692
:1004B000300C00203C1B002000B583B0074B19888E
:1004C000013989B20023019300931F220020FFF716
:1004D000C5FFFFF795FF03B000BDC046300C0020FC
:1004E000F0B583B043001818FF248508C0091F2306
:1004F0002B40DB00CD43EDB2DE43F6B255432D0A6F
:100500004B431B125B420133FF335343DF1727403A
:10051000FB181B12DBB27143091249420131FF3152
:100520005143CE17344064182412E4B2052807D88A
:100530008000194909588F466B46DA709C705D70CF
:1005400001AB009A01925A781202187810439A78F7
:100550001204124908401043DB781B060002000A0F
:10056000184303B0F0BD6946CB708A704D70E7E761
:100570006B46DD709A705C70E2E76946CD708B70F7
:100580004A70DDE76B46DC709D705A70D8E76946AB
:10059000CA708D704B70D3E7906F0010FFFF00FFA3
:1005A00070B584B004000D001000190008AA12787C
:1005B0000D4E3688A64215D91F2D00D91F25FFF7ED
:1005C0008FFF03AE0390202149422943C9B2317005
:1005D000B378F278E0B274780094FFF723FF00203C
:1005E00004B070BD0120FBE7300C002010B50A00FC
:1005F0000100024806F068FC10BDC04600C0034080
:1006000010B58300084A9A1814684022544080327A
:100610002240064CA44663441A60C000044B9C462A
:100620006044416010BDC04604C0014004D0014098
:100630000040014010B58023DB05186803051B0D41
:100640000B4A934207D10B4B034080229201934205
:1006500007D1000F10BD084B084A0948132103F0C9
:10066000AFFA084B054A0648142103F0A9FAC04620
:100670002709000000F0FF0FA86F0010D87B0010C2
:10068000CC6F0010147000100FB400B583B0084890
:1006900003F0D6FB049B002B07D005A9019118009D
:1006A00003F0DEFB034803F0CBFB012003F082FAEA
:1006B0002870001038700010EFF3108072B6034BF2
:1006C0001B68002BFBD0BFF35F8F70472C0100D05D
:1006D000BFF35F8F024B00221A6080F310887047CF
:1006E0002C0100D0F8B506000C001500FFF7E4FF60
:1006F000E308F718F15C07222240012393400B42E4
:1007000005D1DBB20B433B70FFF7E2FFF8BD2100E0
:100710002800FFF7B9FFF0B583B00600019114007F
:100720001F00FFF7C9FF00E00134BC420CD8E3080A
:10073000F518F35C0721214001228A401A42F3D1C7
:10074000D2B21A432A7001E001246442FFF7C0FFCD
:10075000002C02DB200003B0F0BD019B002BF9D080
:100760000898FFF791FF0000054A1078431CDBB2A0
:100770001370172B02D9130010221A707047C0464D
:10078000320C002010B582B00100054C054B0093DF
:100790001F2318222000FFF7BEFF02B010BDC04685
:1007A000D81600203C700010002307E0054A9A1874
:1007B0009200BFF35F8F0021116001331F2BF5D929
:1007C0007047C04640000034074B9B6810308000E3
:1007D0001950BFF35F8FBFF35F8F044B0021196087
:1007E00082F310887047C04600ED00E0240100D07D
:1007F0000048704700E400E010B5FFF7F9FF002360
:1008000002E0034A04C00133072BFAD910BDC046E9
:100810008080808010B50388DA0A1C2A05D15B0528
:100820005B1502335B00C01810BD034B034A8E21D9
:100830000348490003F0C4F958700010147C0010FC
:100840007070001010B5091A0B1F0A4A88180A4A5E
:10085000904208D8C90706D45B105B055B0D0748BA
:10086000184380B210BD064B064A8721064849004E
:1008700003F0A6F9FC070000FE0F000000E0FFFFF8
:10088000B8700010087C00107070001001238340C5
:10089000034A10681840431E9841C0B27047C046D2
:1008A00000E100E0002A05D0044BC022520099501C
:1008B00019607047014A8023D150FAE700E100E057
:1008C00010B50A001F230340012199404009FFF79A
:1008D000E9FF10BD01238340014A13607047C04601
:1008E00000E200E0024B9B6810308000C058704767
:1008F00000ED00E010B5FFF7F5FF044BC31A002030
:100900002F229A424041C0B210BDC046340C002094
:1009100070B504000D00EFF3108672B60C4B1B6827
:10092000002BFBD0BFF35F8F2000FFF7DBFF094BED
:10093000984201D0A84205D1320029002000FFF7DB
:1009400043FF70BD044B054A0548ED2103F038F91B
:10095000240100D0C1010010E87000103C7C0010A0
:1009600070700010F0B5DE4657464E464546E0B57D
:1009700089B0814601911500EFF3108B72B66F4B71
:100980001B68002BFBD0BFF35F8F6D4B00269E577B
:10099000002E40DB7400A419A4006A482418062223
:1009A000A256674B1A70684B9A684B4610339B00EF
:1009B000D35898461B1A2F2B3BD9644B984531D1FD
:1009C00005AF634B3B80634973009A4698198000DA
:1009D0005C4B984640440230FFF734FF78805E4B12
:1009E000BB80FF23BB71FD71019B07933300534410
:1009F0009B00434407CF07C301231C43A0465A462C
:100A000041464846FFF7E0FE09B0F0BCBB46B2469F
:100A1000A946A046F0BD514B514ABE21514849005C
:100A200003F0CEF8504B4E4A84214E48FF3103F07C
:100A3000C7F8012342469A439246101A0C2101F04E
:100A4000BFF800290FD153460027DA79AA4212D9FC
:100A50000621595600290DDB4A00521892003949E7
:100A60001F008B18F1E7414B3D4ACA213D48490020
:100A700003F0A6F81F00002F2ED005AB3C4A1A80C9
:100A8000813A5A800623FB560293002B17DA394825
:100A900005AB9A469880029A9A71DD71019A079285
:100AA000381D2100FFF7CEFEB880BE71254B7200C5
:100AB000921992009B18524613CA13C39FE7381D20
:100AC000FFF7A8FE01007000801980001D4BC018C0
:100AD0000430FFF7B7FEDBE705AF1D4B3B801D4938
:100AE000730002939B199B00164A90461A004244D9
:100AF0000392901CFFF7A6FE7880039A101D5146C2
:100B0000FFF7A0FEB8801C4B52464146521A524194
:100B100053431B0DBB71FD71019A0792029B9B19F8
:100B20009B00434407CF07C3114B52461380813BC0
:100B3000538001231C43A04661E7C046240100D036
:100B4000051E0020340C002000ED00E0C101001063
:100B500000A1FFFF640C002001BDFFFF2071001009
:100B6000247C00107070001048710010707100102B
:100B70000148000001BD0000AAAA0000F8B501224A
:100B800002432C4BD31A2F2B28D8EFF30583002BCD
:100B90002AD0EFF3108472B6274909680029FBD0E8
:100BA000BFF35F8F234D25490600761B76417143C5
:100BB000090D4DB2224989689B00C958914219D04C
:100BC0000021032930D81B4B4A00521892009B1871
:100BD0009B795BB2AB421DD00131F2E7194B1A4A47
:100BE0001A481B4902F0ECFF1A4B174A17481A49DA
:100BF00002F0E6FF124A92681849D150184B1A7851
:100C000082711D70BFF35F8F0B4B00221A6084F35B
:100C10001088F8BD074B4A005618B6009E19FF27EA
:100C2000B771104AB280E9E70F4B074A07480F49EE
:100C300002F0C6FF340C0020240100D0AAAA000054
:100C400000ED00E0F4710010EC7B001070700010FB
:100C50007F0200001C72001082020000C10100101F
:100C6000051E002001BDFFFF287200109302000046
:100C700010B582B00100074C074B009305230022FA
:100C80002000FFF748FD002801DB1F23181A02B0DF
:100C900010BDC0460A1E002030720010024B9C4658
:100CA00061448900016070474000003410B50400C1
:100CB000FFF75AFD01002000FFF7F0FFFF2323712B
:100CC000BFF35F8F10BD10B50400FFF74DFD0100AD
:100CD0002000FFF7E3FFFF23237100236371BFF3BD
:100CE0005F8F10BD10B50D4C09E00D4B0D4A0E483D
:100CF0001A2102F065FF2000FFF7D8FF08340B4BE4
:100D00009C4209D22368002BF5D0012BEDD12000A5
:100D1000FFF7D9FF0834F2E710BDC046F80C0020F9
:100D20004C7200107C7C00106C720010000D0020D2
:100D3000034B9C46614489000160BFF35F8F70479D
:100D40004000003410B504000120FFF71BFD010036
:100D50002000FFF7EDFF10BD30B5846A151B0B1D99
:100D60009B001B581B1B9D4204D3046A01238B402C
:100D7000234202D1043189000A5030BD00040843E7
:100D8000704700000A4B1968EFF3108372B60A68C7
:100D9000002AFCD0BFF35F8F054A1268BFF35F8F54
:100DA0000021116083F3108840BF002000217047AC
:100DB000E01D0020F0B5DE4657464E464546E0B5FC
:100DC00087B0EFF3058303221A409246AE4B9200A0
:100DD000D7583B78534507D1012352469340994653
:100DE000AA4B4A461A6025E1A94BAA4AAA48922171
:100DF00002F0E6FE7A6973009B19DB009046984486
:100E000043469C68DD68A54800F0AEFB001BA94185
:100E1000002900DA16E1002D74DB43461B699B466E
:100E20009F4B9B454FD00823F85E4346598889B2B3
:100E3000FFF7A4FF43465969D847029003910299EE
:100E4000039A0B00100013435CD013000A00002823
:100E500047DAA41A9D41009401954346009C019DE8
:100E60009C60DD600021595E002900DAEAE07869C3
:100E70004B005B18DB00C3189A68DB68A41A9D411D
:100E8000002D00DADEE039813D000835844604910A
:100E90002A000597B346009E019F049B002B2ADB86
:100EA0000023D45E63001B19DB0063449C68DD688B
:100EB00030003900001BA94100291CDB1A00002169
:100EC000595E0491E9E743465B699B461B695846B6
:100ED0009847002816D05B461A685B680292039315
:100EE000ADE76E4800F040FB029B039C1B184C4191
:100EF00000930194B1E70499059F5E46434619802B
:100F000016809FE0434600229B5E3B813A69EFF3E7
:100F1000108372B611680029FCD0BFF35F8F0221E5
:100F20007A5E41460A807E803A69BFF35F8F002176
:100F3000116083F3108885E03969EFF3108372B68E
:100F40000A68002AFCD0BFF35F8FB88800B2012284
:100F50005242BA803A69BFF35F8F0021116083F378
:100F600010880500BC461CE0049300229A5E002A0B
:100F70000EDB049B0021595E4B005B18DB006344D1
:100F80009868D96834003D00241A8D41002DEBDAB1
:100F900004995D46009B9C4644460D800023E55E17
:100FA0002280002D12DB634658696C006419E4004E
:100FB0000419A668E7686146083108229A5EAB46C4
:100FC000049163460093A0468446D0E767463EE01E
:100FD0000023BB71390008310823F85E0EE00124BC
:100FE0006442E5179460D56008243B5F834204D0D7
:100FF0000E8008243B5F138038813000431C29D0C9
:101000007C6943001B18DB00E218E65E53881BB2C4
:10101000002BE4DB1100F0E722002B0051461F48B3
:10102000FFF79AFE1D4800F09FFA241A8D41002D0B
:1010300022DC1FD0194B4A465A630823FE5E002E5D
:1010400000DBD7E6BB881BB2002B00DB74E7BB7963
:10105000002BBDD10823FA5E002A0DDB796953000D
:101060009B18DB00CB189C68DD68631CD4D16B1C1B
:10107000D8D0D1E7002CDDD040BF07B0F0BCBB46D4
:10108000B246A946A046F0BDC41B00203C700540F6
:1010900000730010A87C00102C7300100040054065
:1010A000B50D001070B504000D0011000126AE4012
:1010B00006622800FFF72CFC01212800FFF700FC46
:1010C000024B9C466444266070BDC0463820000038
:1010D000F8B5CE46474680B50600894690461F00C3
:1010E000C160FFF741FB154B9C46604480003061B6
:1010F00043463370BBB27381D022120612787270ED
:10110000012252423281B2809B187380002406E093
:10111000621E736965002D19ED005A530134BC42FB
:10112000F6D3074B42469200D650064A41464846FF
:10113000FFF7B8FFC0BCB946B046F8BD4000003468
:10114000C41B0020B50D001010B5064B1B69002B09
:1011500001D0044810BD044B044A0548652102F043
:101160002FFDC0467C0C00206C730010907C00109A
:101170002C730010F8B504000569EFF3108072B607
:1011800029680029FCD0BFF35F8F0221665E656984
:1011900071008919C9006D18002E02DB0027E95F74
:1011A00061802169BFF35F8F00270F6080F3108893
:1011B000002E2CDB0699296107996961AA60EB6012
:1011C0006B8801335B04590C002B00D1012169802D
:1011D0003000FFF7D3FD2169EFF3108372B60A6880
:1011E000002AFCD0BFF35F8FA2882A80A6802269E4
:1011F000BFF35F8F0021116083F31088E3682178CB
:1012000001228A4003498C4663441A60F8BD0120DC
:101210004042FBE73C20000070B582B0060014009D
:101220001D0008AB1B78002B07D100F0B3F922009A
:101230002B00121A8B41002B0ADB079B0193069BA4
:10124000009322002B003000FFF794FF02B070BD26
:101250000020FBE7F0B5C64600B584B0050088461F
:1012600016001F000AAB1C78FFF76EFF029401976F
:1012700000962A004346FFF7CFFF04B080BCB84673
:10128000F0BD000030B504000A1443899A422EDAFA
:10129000406953009B18DB00C3182569EFF31082E7
:1012A00072B628680028FCD0BFF35F8F588885B2DB
:1012B0000904090C884212D000202369BFF35F8F14
:1012C0000021196082F31088002811D0E36821788A
:1012D00001228A4007498C4663441A6008E00649A7
:1012E000294389B259800123A3710120E5E7002039
:1012F00030BDC0463C2000000080FFFF10B5040058
:10130000FFF722FF2100FFF7BDFF10BD40787047B7
:10131000F0B583B006000F00EFF30583002B1AD160
:1013200006246442E517A4197D418D4202D803D1F9
:10133000844201D90024002500F02CF922002B0062
:10134000121A8B41002B0BDC08D03000390000F062
:1013500029F903B0F0BD1648FFF796F9002AF4D03A
:10136000144A0023009320002900FFF773FF002890
:1013700013DAEAE7104B1968EFF3108372B60A68C4
:10138000002AFCD0BFF35F8F0B4A1268BFF35F8F58
:101390000021116083F3108820BF084B5B6A9D42D7
:1013A000E8D80649896AA142CFD29D42CDD1E1E772
:1013B00090730010850D0010E01D002000400540D6
:1013C00070B504000D0000F0E5F80019694100292E
:1013D00002DBFFF79DFF70BD012040420049F8E7A6
:1013E000FFFFFF7F10B5FA2292000023002101F0D9
:1013F00023FAFFF7E5FF10BDF0B5CE46474680B5AE
:1014000083B005000C00EFF30583002B15D03F4B94
:101410005B6A8B4209D33D4A926A82420BD28B426D
:1014200001D0012002E0002000E0002003B0C0BC99
:10143000B946B046F0BD0120F8E7FFF785FEC36866
:101440009946037898462E002700484600F08CF80D
:1014500002000B00B61A9F41434604339B004A46E4
:101460009B581B1A0022BA420FDC0CD020BF274B1E
:101470005B6A9C422DD8254A926AAA422BD29C4292
:1014800025D00120D2E7B342F0D9214A00230093AE
:1014900028002100FFF7DEFE00281EDD1B4B5B6AE3
:1014A0009C4205D8194A926AAA4202D29C4200D1B3
:1014B00020BFFFF723FF154B5B6A9C4221D8134ADC
:1014C000926AAA421FD29C4219D00120AEE70020A6
:1014D000ACE70020AAE70120A8E70C4B5B6A9C421E
:1014E00009D80A4A926AAA4207D29C4201D0012036
:1014F0009CE700209AE7002098E7012096E700206B
:1015000094E7002092E7012090E7C04600400540A4
:10151000850D0010004870470040054010B50B4B8A
:101520001B69002B04D00A480A21FFF7B7FB10BD46
:10153000FFF7F0FF0400032100F00CF8034810232C
:1015400003222100FFF7C4FDEDE7C0467C0C00201C
:10155000E01D002010B5024A0248FFF7C3F810BD95
:10156000E0730010DC1600200200436A906A190044
:10157000536A9942FAD17047416A00E0416A994240
:10158000FCD300E0416A994202D1816A9142F9D3C9
:101590007047000010B50248FFF7E6FF10BDC046D7
:1015A0000040054010B502000B000248FFF7E4FFC1
:1015B00010BDC04600400540F8B5D646474680B548
:1015C00006000D001700984644002418A400294B7B
:1015D0009C4664446368089A934200D26260331F59
:1015E000DBB29A46012B2ED980221201C0239B0127
:1015F000E3181A60204BB200D158002907D058696F
:1016000000F0DEFA013043001B18033BFDD27F01DE
:1016100023685F40E0233B4080225201A218136000
:101620005346012B1AD980239B01E3188022120113
:101630001A60089B6360104BB6004246F250C0BC73
:10164000BA46B046F8BD012DCED10322C0239B017E
:10165000E3181A60A368DB07FCD5D8E72168694066
:1016600003230B401360A3680122AA401A42FAD058
:10167000D9E7C04600800040E0160020F0B583B0F6
:1016800005000E0017001800089900F099FA0300F1
:10169000089A140200943A0031002800FFF78CFFEA
:1016A00003B0F0BD10B582B0802464000094FFF751
:1016B00083FF02B010BD0000014B8000C05870478E
:1016C000E0160020F0B5C64600B504000E00170075
:1016D0001D00374800F074FA8046364BFA18364B36
:1016E0009A4239D80100380000F06AFA0200103A34
:1016F00098235B009A4235D86B1E062B38D8069B80
:10170000013B062B34D83F09474537D32D04069BB0
:101710001B031D432368002B36DB284B9C4244D01F
:101720000C2201239340264A1360264A1360264A5E
:101730001268190091430A1EF9D12660A060234B5C
:10174000E31821321A602268002AFCDAE5600822D8
:101750001A6080BCB846F0BD1D4B1E4A1E481121C0
:1017600002F02EFA1D4B1B4A1B48192102F028FAE1
:101770001B4B184A18481C2102F022FA194B154A33
:101780001548232102F01CFA22683F231340B3427C
:10179000C3D1A3681B051B0D8342BED1E368EE22B3
:1017A000D2021340AB42B8D1D3E70D22B9E7C0460D
:1017B000001BB70080E84BD380F8A93200C002407C
:1017C00000E0004000F0004008C00040043000008D
:1017D00004740010C07C0010547400109C7400103D
:1017E000B874001004750010024B1A68024B5A605E
:1017F0007047C046B41B00200080054010B5174B51
:101800008022D2051A60164B164A1A6000290AD0A7
:10181000154BE022D2041A60002809D1124B802215
:1018200012061A6010BD0D4BE022D2041A60F3E7D5
:1018300043011B1A9B00181800010C4B18608023F1
:101840005B04984202D3094B094A1A60FFF7CCFFA8
:10185000054B8022D2051A60E4E7C04600B005407F
:1018600008200140FCFF010000A00540B41B00203F
:10187000FFFFFF0010B5030010000C4A8024E405B0
:101880001460002B0DD001221343094A094CD46186
:10189000094C5C401462516293620021FFF7AEFF75
:1018A00010BD034B0022DA61F7E7C04600B00540E7
:1018B00000800540D3C007B02D3FF84F80239B0028
:1018C0000B43014AD36270470080054010B5010008
:1018D00018231B8814221088984710BD10B50100EA
:1018E00018231B8816221088984710BDF0B5C646ED
:1018F00000B507000E0000250123984600E00135E1
:10190000B5420AD2AC003C192068FFF7DFFF206027
:101910000028F4D100239846F1E7404680BCB84641
:10192000F0BD000070B504000D000648FFF7CEFFC3
:101930000300002C03DB0120A04029009847002071
:10194000FBE7C04655420000074BAA2212011A606D
:101950008D225200DA60054B054A1A60024B5B6823
:10196000002BFBDA7047C046004002400060024096
:1019700000B0FA0010B5040001E008CC9847024B13
:101980009C42FAD310BDC046846F0010704700001F
:1019900010B50248FFF7EEFF10BDC046486F0010BB
:1019A000054B064A1A60064B064A1A60064B1A682F
:1019B000044B9343FAD1704700E00040BFCDFBFEDB
:1019C00000F00040FE7F3C0008C00040044BDB6C90
:1019D000002B03D1034B8022D2021A607047C0460D
:1019E000000011504C201150044B054A1A60054B61
:1019F0001B68DB43DB01FAD17047C04600F00040B2
:101A0000FFFFFF0108C00040034B40229A675A675E
:101A10001A67DA667047C04600F0014010B5FEF75D
:101A2000C3FE10BD10B50C4A0C4BD21A9210140014
:101A3000302A00D9302292000948084900F0BCFF42
:101A400004E0084A064BA100CA5001342F2CF8D9F3
:101A5000034B054A936010BDC00100100001001047
:101A600000000020C101001000ED00E070B504206E
:101A7000FFF722FE064900F0A3F805000024002C21
:101A800000DD70BDE0B22900FFF718FF0134F6E772
:101A900040420F0030B583B0274B00229A67FFF712
:101AA00053FF264B01221A60234B5B6C012BFBD1A9
:101AB000234B03221A60204B9B6B012BFBD101337C
:101AC000009304331F4A01211F48FFF7FBFD052344
:101AD00000931E4A01211E48FFF7F4FD1D4B002212
:101AE00002210420FFF7DEFD1B4D2B000022012107
:101AF0000520FFF7D7FD194C230000220021072005
:101B0000FFF7D0FD2300002200210820FFF7CAFDC7
:101B10008023DB0000932300002200210920FFF72F
:101B2000ADFD2B00002200210620FFF7BBFDFFF7D3
:101B30009DFF03B030BDC046008000403CB0004077
:101B400030B00040002F685900800240008C86476A
:101B500000C00240001BB70040597307006CDC0254
:101B600001480421014B1847A00C0020ED1800107B
:101B7000124A936F9B0815D29066D166002905D052
:101B8000FFE7FFE7FFE7516F106F704704B5802153
:101B90000906C2175140002800D0C84305F07CF95F
:101BA000002104BDF0B5146E556E576F166FFFF728
:101BB000E3FF1466556657671667F0BD000000D056
:101BC000114A936F9B0813D210665166002905D005
:101BD000FFE7FFE7FFE7516F106F704704B500287C
:101BE00001D00020C04305F057F9002104BDC046D4
:101BF000F0B5146E556E576F166FFFF7E5FF14665C
:101C0000556657671667F0BD000000D094464A4AF3
:101C1000926F9208624601D228E0C046F0B5464E67
:101C2000346E756E776F366F00F020F89446424A36
:101C300014665566576716676246F0BD94463E4A7D
:101C4000926F9208624601D254E0C046F0B53A4E17
:101C5000346E756E776F366F00F04CF89446364AE6
:101C600014665566576716676246F0BD002B24DB85
:101C700011D000293EDA00B5C943404200D10131FC
:101C800000F038F8C943404200D10131DB435242F1
:101C900000D1013300BD002AEBD1002801D1002979
:101CA00005D00020C90FC90701D1C043410800B5C4
:101CB00005F0EAF80022002300BD00B500290ADB88
:101CC000DB43524200D1013300F014F8C9434042D3
:101CD00000D1013100BDC943404200D10131DB4395
:101CE000524200D1013300F005F8DB43524200D1EB
:101CF000013300BD002923D1002B18D1002A0CD0BC
:101D0000BC460D4F38667A6600210023FFE7FFE7E7
:101D1000FFE77A6F386F67467047002801D00748A1
:101D2000010000B505F0B0F80022002300BD02005C
:101D30000B00002000217047000000D0FFFFFFFFD4
:101D4000002B00D0BFE0130C28D1002AE7D080B4CC
:101D5000114F39667A66FFE7FFE730B4040C7B6FFA
:101D6000396F1B0423433B667A66FFE7FFE7FFE713
:101D7000C04684B27B6F3D6F1B0423433B667A668B
:101D8000FFE7FFE7C04600232C042D0C7A6F386F65
:101D900000196941B0BC7047000000D0F0B594460E
:101DA0000025140E01D112020835140F01D11201C1
:101DB0000435940F01D192000235D40F01D15200A5
:101DC0000135D40B0134254F7C66254C3C660E0C46
:101DD00093B2FFE7FFE7FFE73C6F6643360C7703FC
:101DE000BE467343DF0B5B04C01AB941130C734347
:101DF000DB18C91ACE086643360CB64493B2734357
:101E00001F0F1B01C01AB941130C73431F0B1B0595
:101E1000C01AB941860D8F023E436643360C092D28
:101E200024DB520A7243801A7703460A6643360C53
:101E300016235B1BDE40DF40BF1964466643821BEE
:101E40007046043506330100D940A840C01900D3BC
:101E50000131A24206D20023F0BD0000000000D0F4
:101E6000FFFFFFFF121B0130F3D3F1E709277F1BB0
:101E7000FE406446A2B27243801A00D20139220C9D
:101E80007243130C1204821A99410B0070460435F8
:101E900013370100F940A840801900D30131002B0D
:101EA00002D1A2420AD2F0BD013000D30131121B8F
:101EB000FAD2013BF8D1A24200D2F0BD013000D3EA
:101EC0000131121BF7E7F0B51C0C00D080E00CB418
:101ED00000251C0A04D11B02160E334312020835DA
:101EE0001C0B04D11B01160F3343120104359C0B4C
:101EF00004D19B00960F334392000235DC0B02D1D4
:101F000092185B4101351C00971864410134464F1B
:101F10007C66464C3C660E0CFFE7FFE7FFE7C046D9
:101F20003C6F6643360C7703BE4697B27743C01BBF
:101F300000D20139C01B00D201399FB27743C91BBF
:101F4000C91B170C77437E04FF0B801BB941CE08D9
:101F50006643360C0C2D33DBB644120B1F053A4397
:101F60001B0B97B27743C01B00D201399FB2774356
:101F7000C91B170C77433E043F0C801BB941860DEB
:101F80008F023E43664329277F1BFE400C3D774668
:101F9000AF40BF1930BCA2B2ABB272437343801AD8
:101FA0009941220C7243130C1204801A99410200C9
:101FB0000B000137001BA941F9D2781E0021F0BDAA
:101FC0000C277F1BFE4077467F0BAF40FF19E0E7F1
:101FD00000245D1C07D0144F7D663966FFE7FFE7DC
:101FE000FFE7FFE73C6F95B29EB265436643401B37
:101FF000B141150C1E0C6543664336042F0C3E435D
:102000002D04401BB141994204D202000B00200074
:102010000021F0BD01D19042F7D3801A99410134DB
:102020009942F2D3F6E70000000000D0FFFFFFFF67
:1020300048404140484018B41B4B5B68FC46019344
:1020400008BD04DF0B23001018B4174B1B68FC46B7
:10205000019308BD00DF152300109446134A926FC8
:10206000920809D2624618B40F4BDB68FC46019314
:1020700008BD0CDFCD2500100C4AF0B5146E556E6E
:10208000576F166F6246FFF7EEFF084A14665566F3
:1020900057671667F0BD18B4034B9B68FC46019365
:1020A00008BD08DF71240010DC1B0020000000D0F8
:1020B000FFB550404240504059404B40594000E02D
:1020C000FFB5154F4C00640D03D0BC4204D10C0386
:1020D00014D80020090D09055C00640D03D0BC4232
:1020E00004D11C030AD800221B0D1B0501264B40FE
:1020F00009D44B4003D58B4200D18242FFBD9942A7
:10210000FCD19042FFBD0B43DB1803431343F5D0D2
:10211000C9434918FFBD0000FF07000000B5FFF7E5
:10212000CFFF804100BDC04600B5FFF7C9FF01D910
:10213000002000BD012000BD00B5FFF7B9FF01D9A7
:10214000002000BD012000BD00B5FFF7B1FF8041B8
:1021500000BD012040054A00121804D85A00121888
:1021600001D800207047012070470000002100289E
:1021700005D17047C1174840401AFAD0C90713B5B6
:10218000064B1B6898470CBC441CA2401005120B60
:102190000349091B09051943114310BDDC1C00202C
:1021A0001F04000010B54C00620D8023D218DB0024
:1021B000D21A5B057E2A10DD9E3A13DACC1709038A
:1021C000490819435242D140640001341532202A93
:1021D00005DAD0400843604310BD002010BD08461A
:1021E000604310BDC80FC018013810BD18B4044BAF
:1021F0005B6AFC46019308BD24DF7D2700100000C8
:10220000DC1B002070B513231C78012C12D0012C8C
:1022100012DC214B214A93642148FFF757FB214BE5
:10222000186070BD1C491D4A9800815001331F2B56
:10223000F8D9ECE70023FAE71B48FFF74FFB05004E
:102240001A48FFF74BFB023803789B007F2B09DD10
:1022500012488022290000F0AFFB022C08D0022C8B
:10226000DADCD6E7124B134A1348332101F0A8FCFD
:10227000124B1A88B5231B029A4209D1104B1A88B7
:10228000104B9A4204D1104B1A88104B9A42E6D058
:102290000020FEF7F9F9C046D1220010DC1B002017
:1022A0004C330000DC1C0020534400005346000067
:1022B00020750010CC7C00106475001054380000AC
:1022C000D8380000494600009C38000059460000FC
:1022D00007B56046002800D100BE01880A0A023016
:1022E000DF2AFAD1C9B2820804D3028840880004E8
:1022F000104300E00068024A5050039007BD000000
:10230000DC1B00200FB403BC0CBCF0B50124E407B7
:10231000634000E0F0B50C0DCF0F661E3605891B3B
:10232000640503D3C943404200D30131640D03D097
:10233000661CF60A07D0E41B00207F00791C890781
:102340008912803C24031D0DDF0F6E1E36059B1B7A
:102350006D0503D3DB43524200D301336D0D03D02F
:102360006E1CF60A07D0ED1B00227F007B1C9B072A
:102370009B12803D2D032F1B661B58D4A446202E94
:1023800046DA20371400BC401D00BD40F240334106
:102390002A4380185941CB0F05D0C943C0430022BE
:1023A00064425041514162464D0D28D10D0D07D177
:1023B00000281FD0241940414941013A0D0DF9D0A0
:1023C000640006D3013000D30131002C01D1400854
:1023D0004000013A0BD4941CE40A04D112051144C4
:1023E000DB071944F0BDD907204B194300E0D9079A
:1023F0000020F0BD0029DDD1002CDBD1F0BD013281
:10240000C6074008CD0728434908002EE1D0D9E788
:102410003C2E29DA203E40371400BC4000D0012475
:10242000F24014431A00BB401C43D317ACE7AC4640
:10243000202F08DA20360400B4400D00B540F840E3
:1024400039412843A5E73C2F0CDA203F40360400F1
:10245000B44000D00124F84004430800B1400C43CC
:10246000C117EAE710001900002494E70000F07F8C
:10247000F0B50C0D661E3605891BE60A6405640D71
:1024800002D0651CED0A04D0002001210905803C22
:102490002403A4461C0D671E3F05DB1BE70A6405E9
:1024A000640D02D0651CED0A04D0002201231B0537
:1024B000803C24037740644497B484B296B274435A
:1024C000070C7E43150C6F4380B26843361802D365
:1024D000012000043F183004350C00197D4184466A
:1024E00088B29AB250430C0C62431F0C7C438EB2EC
:1024F0007E43921902D301263604A4191604170C40
:102500003618674101BC81B29AB25143040C624350
:102510001B0C5C4380B25843121802D30120000404
:1025200024181004130C401863412D185E4100203C
:10253000474106BC88B293B258430C0C6343120C5B
:10254000544389B251435B1802D301210904641832
:1025500019041A0C091862416D18564100204741B0
:1025600018BCF902720D1143F0026A0D1043ED021E
:102570000A0D03D16D1940414941013B124E9B1B8D
:102580007600B3420ED26D0007D3013000267141B0
:102590006646354301D1400840001B05C918E407D1
:1025A0002144F0BD0BDA013306D1013004D10131F1
:1025B0004F0D01D04908F2E7E1070020F0BD0136D8
:1025C00031050020EBE70000FF030000F0B51C0D13
:1025D000671E3F05DB1BE70A6405640D02D0661C1D
:1025E000F60A04D0002201231B05803C2403D025D9
:1025F0002D060026F6432E661E096E66CE0FF619CE
:10260000B44649004F0D02D07E1CF60A03D00020CC
:102610000021403F3F033E1BB600B444013F7F050D
:10262000C91B49082E6F013676089C02950D25437B
:102630007543ED137543AD1301356D10F603761B2D
:102640000CB4CC02450D2C43A2B2B3B25A43270CB2
:102650007B43350C6F43A4B26C431B1902D3012496
:1026600024043F191C041D0CA4187D4124196D413C
:10267000009A91B2ACB26143170C7C432B0C5F43C0
:1026800092B25A43A41802D301221204BF182204A2
:10269000230C52187B41019C6C431B19520ED9012B
:1026A0000A434401A01A81B2B2B2514303145A43FF
:1026B000360C734387B27743D617D21900277E4171
:1026C00036049B191704160C7F185E417316ED181B
:1026D000F301002680337541A90F06D16400690A11
:1026E000E8055B0A184309D22FE0042294448033A2
:1026F0007541A90AA8059B0A184326D340414941C0
:102700002404009A019B0D005543641B4343E41AC3
:1027100095B286B27543170C7E43030C5F4392B2A9
:102720005A43B61802D301221204BF183204330CE4
:1027300052197B4152429C41002C02D400220130AC
:1027400051414008CA071043490802B06246D70702
:102750009210084BD218084B9A4203D212058918DE
:10276000C919F0BD0020002A01DC3900F0BD013399
:102770001905F5E7FD030000FE070000002200B583
:10278000203200F004F8080000BD000000220B1504
:102790000AD410B5944600F031F81414013400DA6C
:1027A0000021CB17144C20470020002170476244C1
:1027B000343A0CD40C2A07DA04009140904052427B
:1027C0002032D440214310BDD843D94310BD20321C
:1027D00007D40C469440524220321141D04020434D
:1027E00010BD0800C917203203D4524220321041D4
:1027F00010BD1800190010BDAF2700100A0DCC0F36
:10280000531E1B05C91A520503D3C943404200D3C6
:102810000131520D03D0531CDB0A07D0121B0020DC
:102820006400611C89078912803A1203014BD21A95
:1028300070470000FF03000051434343C9188C4612
:10284000110C83B24B4310B4040C614392B280B2BA
:10285000504362431C041B0C001910BC5941130463
:10286000120CC018514161447047000070B5132329
:102870001E782A48FFF732F80500012E11D0012EEC
:1028800009DDAB1E1B789B007F2B40DD2448802296
:10289000290000F091F82348FFF718F8224B186040
:1028A00070BD1F485422290000F086F81F4B1A887B
:1028B0001F4B9A421CD1A7239B011A881D4B9A4299
:1028C00016D11D4B1A881D4B9A4211D11C4B1A88E8
:1028D00094239B019A420BD11A4B1A881A4B9A42A5
:1028E00006D11A4B1A681A4B9A4201D1152307E0F8
:1028F0001848FDF7C9FE184C094A99008C5001335D
:102900001F2BF8D9144B064A1362D361B7E7134B58
:10291000134A1448422101F053F9C04653460000BF
:10292000E01C00204C330000DC1C0020EE290000DD
:10293000C40F0000C20D0000962B0000C0B50000BF
:10294000182B0000CC2A000010B50000FC2C000061
:1029500051ED8764B876001069290010BC7500102D
:10296000E07C0010F075001007B56046002800D12B
:1029700000BE01880A0A0230DF2AFAD1C9B28208F1
:1029800004D3028840880004104300E00068024A33
:102990005050039007BD0000E01C002001480421B6
:1029A000014B1847B00C0020ED180010014B1B68BC
:1029B00018470000B00C0020014B5B68184700006E
:1029C000B00C0020704710B5002802D00B68496891
:1029D000984710BD0100002007E083001B185B0032
:1029E000501C08601078C01830380A681378303BE3
:1029F000DBB2092BF1D97047F0B5DE4657464E469B
:102A00004546E0B583B093461F000C9B9A460D9C4B
:102A10000E9B99460F9B9B0717D0B8460F000600E8
:102A200022E0551C4B4641462020B84701342A007D
:102A3000B442F6D33D004F465C46019B9B46B146EF
:102A40004646B84637002E000EE00192A34688465F
:102A50004E46B9460700EBE7013C551C5346185D4E
:102A600043463900B0472A00002CF5D135003E001E
:102A700047460F9B9B0711D4100003B0F0BCBB4628
:102A8000B246A946A046F0BD541C4B464146202004
:102A9000B8472200531BB342F6D3EDE7B0464E468B
:102AA000B9462F005D46F5E7F0B5CE46474680B5FE
:102AB00085B0944698460C9D0D9C0EAB1B789946AC
:102AC000109A119B129EB7071CD4002B0CD0F7074D
:102AD0000AD54F46002F02D10C37374204D0013BB4
:102AE00002E030272F550134944201D21F2CF8D92F
:102AF000F70707D59C4205D21F2C03D830272F5546
:102B00000134F5E7F70612D5770505D4002C03D07C
:102B1000944221D09C421FD00F9A102A2FD00F9A96
:102B2000022A36D01F2C0AD830222A5501341F2CF5
:102B300005D84A46002A32D02D222A550134039660
:102B400002930194009543466246FFF755FF05B096
:102B5000C0BCB946B046F0BD621E012C17D00F9F15
:102B6000102F0BD014000F9A102AD8D1B206D6D548
:102B70001F2CD4D858222A550134D3E7023CB20680
:102B8000F1D41F2CEFD878222A550134CAE714005B
:102B9000C2E71F2CD3D860322A550134C2E772072E
:102BA00003D52B222A550134C9E73207C7D5202285
:102BB0002A550134C3E7F0B5DE4657464E46454632
:102BC000E0B593B081468A46089209931CAB10CBBE
:102BD0001B789B461E9D219B9846002C03D11023F9
:102BE00042469A4390468023DB0046461E404246BA
:102BF0001A4218D0002C22D0002614E04246920639
:102C00001BD54121C918C9B20A39C9B2771C0AAB10
:102C1000995529002000FEF7D3FFAC4210D31F2F97
:102C20000ED83E00040029002000FEF7C9FFCBB2F9
:102C3000092BE3D83033D9B2E8E76121E2E7270076
:102C400043460693209B05931F9B049303955B4685
:102C5000029301970AAB0093099B089A5146484694
:102C6000FFF722FF13B0F0BCBB46B246A946A04610
:102C7000F0BDF0B5DE4657464E464546E0B597B046
:102C80000A900B910C929A46209B9946219F22AA6A
:102C900013789B46249B0993259C289B98464A467B
:102CA0003A4302D11032934398468022D2004546DF
:102CB0001540434613420AD04A463A4341D00025C4
:102CC0002E0053460D934D46099B9A4621E02E0057
:102CD00053460D934D46099B9A461AE0424692068A
:102CE00023D54122D218D2B20A3AD2B2731C9946E5
:102CF0000EAB9A555246230028003900FEF79EFF7E
:102D0000BC4220D813D04B461F2B16D84E46050088
:102D10000F005246230028003900FEF78FFFD3B280
:102D2000092BDBD83033DAB2E0E76122DAE7AA45D3
:102D3000E9D94E460D9B9A4608E04E460D9B9A46B1
:102D400004E0002602E04E460D9B9A464346069359
:102D5000279B0593269B0493099B03935B46029351
:102D600001960EAB009353460C9A0B990A98FFF705
:102D70009BFE17B0F0BCBB46B246A946A046F0BDCC
:102D8000F0B5DE4657464E464546E0B591B0804622
:102D900089460C929A461A9C1B9D22002B0020000B
:102DA0002900FFF7D6F9002800D0F2E001225242B4
:102DB000D54B20002900FFF7C7F9002800D0E8E034
:102DC00001225242D14B20002900FFF7A7F9002829
:102DD00000D0DEE00022002320002900FFF79EF94A
:102DE000002800D0EAE0069407958023DB001E9AB5
:102DF0001A400D921E9A1A4201D106231C9306987E
:102E0000079902000B000892099303000A0002438D
:102E100000D1DFE0080D4005400DBD4EB4466044D2
:102E2000079E3203120B1E00BA4B13431F00FFF71D
:102E3000A1F9B94AB94BFFF72EF9B94AB94BFFF7D7
:102E400003F9089009910022B74B30003900FFF7D1
:102E5000F2F8B64AB64BFFF71EF902000B000898CD
:102E60000999FFF7F1F8FFF79DF98346FFF782F91B
:102E700006000F00AF4AB04BFFF70DF90022AF4B31
:102E8000FFF7E2F8FFF78EF90890AD4AAD4B30003E
:102E90003900FFF700F906000F000898FFF76AF9FC
:102EA000A94AAA4BFFF7F7F802000B0030003900DF
:102EB000FFF7C1F806000F0002000B00FFF7EBF868
:102EC0000A900B91089BA24A944663440021002279
:102ED000089109921B0509930023089332003B00D7
:102EE00030003900FFF7B0F80E900F9132003B0030
:102EF00000208021C905FFF79EF806000F00002280
:102F0000944B0A980B99FFF7A8F80022924BFFF711
:102F10009BF802000B000A980B99FFF79EF800221D
:102F20008E4BFFF791F802000B000A980B99FFF700
:102F300094F802000B0030003900FFF785F802001A
:102F40000B000E980F99FFF788F80022714BFFF7DE
:102F50007BF8089A099BFFF79EF806000F00089679
:102F60000997069A079BFFF7EFF800280BD001237B
:102F70005B429C46E3440022774B30003900FFF768
:102F80006CF8089009915B466333C62B45D804263C
:102F900023E01E9B04931D9B03931C9B02930094B0
:102FA000019553460C9A4946404600F0FBF811B093
:102FB000F0BCBB46B246A946A046F0BD00210022A7
:102FC00006910792069480231B069C46AC446346F8
:102FD00007930AE700239B4604261E9B1B0528D562
:102FE000089A099B190011430FD05D4A5D4B069862
:102FF0000799FFF7A1F800287AD000225A4B0698CB
:103000000799FFF78BF8002872D01C9B5B4506DD03
:103010005A469B1A013B1C9303E00526DDE700237B
:103020001C938023DB001E9A1A431E920026002365
:103030009B461D9B9E4265D29F1B02231E9A1A40EF
:103040000A921E9A134202D0002E00D000275B463F
:10305000002B07D0089A099B06980799FEF7FDFFF9
:10306000069007910022002320002900FFF756F860
:10307000002800D07CE03D4B1E9A13400493039738
:103080001C9B0293069B079C0093019453460C9A49
:103090004946404600F086F8002E00D187E71E9B87
:1030A0009B0671D54525441C53460200494628001D
:1030B000C0475A46D317D2185A4005230593013EFC
:1030C0000496002303930A3302935B46DB0F0193BC
:1030D00000925346220049464046FFF76CFD0A9B8A
:1030E000002B00D163E7020047460C9E1D9D53E074
:1030F0001C9B002B9DD00D9B002B9AD01C9B013B51
:103100001C9396E7002798E7FFFFEF7FFFFFEFFF95
:1031100001FCFFFF0000F03FFB799F501344D33FB9
:10312000B3C8608B288AC63F0000F83F61436F63D5
:10313000A787D23F71A379094F930A400000E03F6F
:103140001655B5BBB16B0240EF39FAFE422EE63F91
:10315000FF03000000002C40000024400000184045
:103160002D431CEBE2361A3F80842E41FFF7FFFF10
:10317000069C079D220029008020000684466144A9
:103180000B000692079376E765258CE7541C53469F
:1031900049462020B8472200931BAB42F6D31000CB
:1031A00005E7C046F0B5DE4657464E464546E0B513
:1031B00095B00690079193469946209F1E9A1F9BB3
:1031C00010001900FEF7C5FF002831D1012252423C
:1031D000BC4B1E981F99FEF7A1FF002837D1012292
:1031E0005242B94B1E981F99FEF7AEFF00283DD101
:1031F0000022B64B1E981F99FEF7A6FF00284AD161
:103200000022B34B1E981F99FEF788FF002842D179
:10321000002200231E981F99FEF780FF00284AD144
:1032200000239846229B5B0500D4B0E0002452E0C6
:10323000229B0393219B029303230193A54B0093AD
:103240004B465A4607990698FFF7D6FB08E1229BA2
:103250000393219B0293042301939F4B00934B46BE
:103260005A4607990698FFF7C7FBF9E0229B5B07D0
:103270000ED59A4B04222299039121990291019231
:1032800000934B465A4607990698FFF7B5FBE7E0CF
:10329000934B0322EFE7229B0493219B0393029716
:1032A0001E9B1F9C009301944B465A460799069813
:1032B000FFF766FDD4E01E9A1F9B00200021FEF759
:1032C000BAFE1E901F9101239846ABE70CAB30224B
:1032D0001A55013F01341F2C01D8092FF6D81E982A
:1032E0001F99FEF75FFF0500FEF744FF02000B0089
:1032F0001E981F99FEF79FFE7A4BFA009B181A68DA
:103300005B680A920B93FEF7C6FE08900991FEF7E0
:103310006DFF0600FEF72AFF02000B0008980999CE
:10332000FEF789FE0890099100226F4BFEF70CFF13
:1033300000282ED001363000FEF718FF02000B00E7
:103340000A980B99FEF7F0FE002801D001350026FF
:10335000002F2CD12800FEF70DFF02000B001E9855
:103360001F99FEF768FE06000F0000225E4BFEF775
:10337000D5FE002846D100225B4B30003900FEF715
:10338000E3FE00283ED1EB073CD501353AE00627A5
:103390004CE70022544B08980999FEF7BFFE00281D
:1033A000D6D1002E01D0F307D2D50136D0E7AA46F8
:1033B0001F2C11D8013F0A213000FEF701FC651CCB
:1033C00030310CAB19550A213000FEF7F9FB092EFC
:1033D0000ED906002C00EBE755461F2C0CD87B1E9F
:1033E000002F09D00CAA302111551F000134F4E739
:1033F0002B0055461C00F0E71F2C03D80CAB2E22E7
:103400001A5501341F2C10D80A212800FEF7B0FBF2
:10341000661C30310CAB19550A212800FEF7A8FBB9
:10342000051E01D03400EDE734000323229A134037
:10343000012B1CD01F2C06D84346002B32D00CABDE
:103440002D221A550134229B0393219B0293019450
:103450000CAB00934B465A4607990698FFF7CCFAF7
:1034600015B0F0BCBB46B246A946A046F0BD219BB4
:10347000002B13D04346002B02D10C3313420FD044
:10348000219B013B2193190003E00CAB30221A551C
:1034900001348C42CED21F2CF7D9CBE72199F8E723
:1034A0002199F6E7229B5B0704D50CAB2B221A551A
:1034B0000134C8E7229B1B07C5D50CAB20221A5547
:1034C0000134C0E7FFFFEFFFFFFFEF7F65CDCD4188
:1034D00065CDCDC1A0760010A476001094760010C2
:1034E0009C760010F07E00100000E03FF0B5DE4654
:1034F00057464E464546E0B593B007008A46934688
:103500001193002900D12CE3002508E06C1C5B46D8
:103510002A005146B847119B013311932500119B96
:103520001878002800D11EE32528EFD1013311932C
:103530000023180020E001231843013211920124D6
:1035400018E00223184301321192012412E00423EF
:1035500018430132119201240CE008231843013270
:103560001192012406E01023184301321192012424
:1035700000E00024002C09D0119A1378203BD9B226
:103580001029F6D88B00C449CB589F468146119B21
:103590001A781300303BDBB2092B10D92A2A13D03A
:1035A0000B94119B1A782E2A20D0119A1378683B1D
:1035B000D9B2122965D88B00B849CB589F4611A8BB
:1035C000FFF708FA0B90ECE71C9B1A1D1C921B6876
:1035D000002B04DB0B93119B01331193E1E70222D3
:1035E0000100114389465B420B93F4E78022D2002D
:1035F0004946114389465A1C11925A781300303BB0
:10360000DBB2092B0BD92A2ACFD11C9B1A1D1C9285
:103610001C68002C08DB119B01331193C5E711A82E
:10362000FFF7D8F90400C0E70024F4E780235B002B
:1036300049460B43511C119151786C2901D0994690
:103640001FE0C0239B00494619438946023211926C
:1036500017E0802349460B43511C1191517868298A
:1036600001D099460DE0C0234946194389460232EC
:10367000119206E080235B004946194389460132D6
:103680001192119B187867281CD8252800D25EE279
:103690000300253BDAB2422A00D958E29300804A5F
:1036A000D3589F4680239B004946194389460132DF
:1036B0001192E6E780235B004946194389460132AF
:1036C0001192DEE7782800D941E2692800D23EE273
:1036D0000200693AD2B201239340724A134210D1D8
:1036E0001A0600D50CE25B0500D430E21C9B1A1DC3
:1036F0001C921E68002C00D0BAE101225242330015
:1037000096E16F2842D005D8582841D0622803D1CD
:10371000022606E078283DD010234A469A43914677
:103720000A26582838D0692805D0642803D00C22EE
:103730004B46934399464B465A0502D50122934383
:10374000994669282DD064282BD04B469A0500D580
:10375000AAE0DA0500D5C2E05A0600D4D3E01C9AEC
:10376000111D1C911168FF220A404B4605930B9BCB
:103770000493039402960023019300925B462A006F
:1037800051463800FFF717FA05002AE00826C8E777
:103790001026C6E71026C4E720224B46134399465D
:1037A000C1E74B469A0520D4DA0551D45A0666D5AE
:1037B0001C9A111D1C911168FF220A40D017111884
:1037C00041404B4605930B9B049303940296D20F02
:1037D000019200915B462A0051463800FFF7EBF951
:1037E0000500119B0133119399E61C9A07320721BA
:1037F0008A43110008311C91116853689C46DB17FD
:103800000C930D930C9A0D9B100048400E900D9B4D
:1038100061464B400F930E980F990C9A0D9B801A9E
:1038200099410E900F914B4608930B9B079306947A
:103830000496002305936346DA0F029200900191EB
:103840005B462A0051463800FFF713FA0500C8E727
:103850001C9A111D1C911268D01711184140059334
:103860000B9B049303940296D20F019200915B4646
:103870002A0051463800FFF79EF90500B1E71A0605
:1038800005D51C9A111D1C910023D25E96E71C9A47
:10389000111D1C91126891E7547D0010987D001055
:1038A000E47D0010419000001C9A073207218A43F2
:1038B000110008311C9108930B9B07930694049602
:1038C00000230593029353681268009201935B46AC
:1038D0002A0051463800FFF7CCF9050081E71C9A11
:1038E000111D1C9105930B9B0493039402960023D6
:1038F0000193136800935B462A0051463800FFF796
:103900005AF905006DE71A0606D51C9A111D1C917F
:1039100012681204120C28E71C9A111D1C911268DF
:1039200023E746281AD01C9B0733072293431A002B
:1039300008321C924A4604920B9A039202941A6827
:103940005B68009201935B462A0051463800FFF7FE
:1039500029FC0500119B01331193E0E520234A4621
:103960001A439146DFE7672801D0472804D1802316
:103970001B014A461A439146452801D0472803D1E6
:1039800020234A461A4391461C9B07330722934340
:103990001A0008321C924A4604920B9A039202942F
:1039A0001A685B68009201935B462A005146380012
:1039B000FFF7E6F90500119B01331193AFE50223F0
:1039C0004E461E404A4613421ED001241C9B1A1D1F
:1039D0001C926A1C904618785B462A005146B847EC
:1039E000002E14D1119B01331193454697E5551CC8
:1039F0005B4651462020B84723002A005C1C0B99E7
:103A00009942F4D81500E1E701232A00F6E742467F
:103A100006E0561C5B4651462020B8472C00320079
:103A2000651C0B9BA342F4D89046DBE701330A00E8
:103A30001978002902D0511E002AF7D19B1B802241
:103A4000D2004946114088464946114202D0A3425D
:103A500000D92300022249461140109149460A42EA
:103A600008D02A00250099463B004746984626E0A4
:103A7000220044E6A1462A005146B2460E0006E066
:103A8000551C5B4631002020B84723002A005C1CEF
:103A90000B999942F4D8150022004C463300564643
:103AA0009A4691462A0025003B004746984606E084
:103AB0001D000136541C5B465146C0472200307839
:103AC000002804D0002FF4D06B1E002DF0D115007B
:103AD0004B464746109A002A03D1119B013311939C
:103AE0001DE50B9E2A0006E0551C5B465146202032
:103AF000B84723002A005C1C9E42F5D81500ECE76D
:103B000021234A461A4313001C9A111D1C91126866
:103B1000059308230493039408330293002301932D
:103B200000925B462A0051463800FFF744F8050032
:103B3000119B01331193F2E46C1C5B462A00514641
:103B40002520B847119B013311932500E7E46C1C35
:103B50005B462A005146B847119B0133119325005B
:103B6000DDE40A4FD0E45D450DD35B465A1E5B464B
:103B700051460020B847280013B0F0BCBB46B246FF
:103B8000A946A046F0BD2A00F1E7C046C5290010AD
:103B900010B584B00C0002A902904C6001240448C6
:103BA000009313006242FFF7A1FC04B010BDC046B1
:103BB000C729001000BEFDE710B5FFF7FBFF0000AE
:103BC00030B583B00D001900002A0BD0074B084C0C
:103BD000019200932B000200200000F061F9012007
:103BE000FFF7E8FF034B1A00F1E7C046AC76001080
:103BF000BC760010B876001010B5EFF30583002BEB
:103C000000D000BEFDF7C4FE034C01E008CC98478D
:103C1000024B9C42FAD310BD846F0010906F0010CD
:103C200010B50300080011001B68984710BD000084
:103C3000F8B507000D001600437D002B02D00024CC
:103C400000200CE003681100280098472DE03B7D20
:103C500010E03B68154802219847601C0134B442CB
:103C600014DA002CF3DD2B19013B1B780D3B5A4273
:103C70005341DBB22A5D0A2AF0D1002BEED1A042DB
:103C8000E7DA3B68211A28189847E2E7B04203DADE
:103C90003B68311A28189847002E06DDAD19013D02
:103CA0002B780D3B5A4253413B75F8BD407F0010C5
:103CB00070B505000368002B16D00C4B1C6805E09E
:103CC000290004C92000FFF7B3FF2469002C09D0A4
:103CD0002368002BF9D0064B1B68002BF0D0A342C1
:103CE000F3D1EDE700232B6070BDC04630170020F4
:103CF0003817002070B505000C000B68802B05D02C
:103D000023685A1C2260E418257170BD0800FFF773
:103D1000CFFFF5E710B5FDF73DFC074A0023121869
:103D20004B41002B03DB054803F0D6F810BD012200
:103D30005242034BF7E7C04640420F00F80C002008
:103D4000FFFFFF7F10B5024803F096F810BDC04694
:103D5000F80C0020F0B5CE46474680B583B006008B
:103D60000D0090461C00FFF7D5FF81466B1C05D067
:103D7000002C08D0184F194B1C6807E0300002F0E7
:103D8000DFFF0500F4E7164FF5E72469002C17D094
:103D90002368002BF9D0134B1B68002B01D0A342E2
:103DA000F3D12A0031002000B8474346002BECD065
:103DB0006B46D91D0A230B7001222000B847E4E7A7
:103DC0004B46002B05D1280003B0C0BCB946B04615
:103DD000F0BDFFF7B7FFF6E7313C001030170020C9
:103DE000213C0010381700200A4A136802E01A002C
:103DF00010321B69002B09D013688342F7D10029C8
:103E000007D1036913600023036102E0002900D099
:103E1000106070473017002010B5064B1C6800E09A
:103E20002469002C04D06368002BF9D09847F7E789
:103E300010BDC0463017002010B500F0C7F910BD06
:103E400070B5050002F07CFF04000123012201008F
:103E50002800FFF77FFFFFF7DFFF200070BD0000A5
:103E6000F0B5A3B004000E00FFF754FF050001AF4A
:103E7000002301930948330022003900FFF788FE30
:103E800004003800FFF714FFFFF7C6FF002D02D132
:103E9000200023B0F0BDFFF755FFF9E7F53C001017
:103EA0000FB400B583B004A901C90191FFF7D8FF91
:103EB00003B008BC04B0184770470000014B002253
:103EC0001A707047061E00204B79FF2B0CD18B799E
:103ED000002B0BD1CB79012B0AD1082A0AD98A7879
:103EE000054B1A70092000E0002070470020FCE715
:103EF0000020FAE70020F8E7061E002001207047A6
:103F000010B5012927D1117953791B020B431349AD
:103F100009788B4201D000201EE05378012B03D09A
:103F2000022B11D0002017E09178D3781B0219439F
:103F3000DB0506D5480A8A05D20F7F231940FDF715
:103F4000F1FC01204042F6E7642200210020FDF749
:103F500091FC012000E0012010BDC046061E00209B
:103F6000004870470C80001010B51400012910D1D2
:103F70005378012B0FD1127963791B021343072B5E
:103F800001D0002006E0054A9F33210001F054FBD8
:103F900000E0012010BD0020FCE7C046647F001057
:103FA0000123037000487047447F001010B50A7861
:103FB0004B781B0213438A7812041A43CB781B06F2
:103FC00013439622D200934200D010BD012000225C
:103FD00011004042FDF7A6FC024B1860024B19602D
:103FE0007047C046D0160020D416002010B5FDF74B
:103FF000D1FA0E4A002312184B41002B12DB0C4859
:1040000002F06AFF00280CD001200021404201F09C
:10401000D9F9002001F078FC0028F5D1044802F01D
:104020002BFF10BD01225242024BE8E740420F0035
:10403000E81D0020FFFFFF7F10B5024B1878FCF74A
:1040400049FC10BD071E002070B5174B1B68002BE4
:1040500020D0EFF3108272B6100019680029FCD04E
:10406000BFF35F8F10494A60104B00221A700B6833
:10407000BFF35F8F1A6080F31088002400250C4B7B
:104080001878FCF703FC002808D100240025200044
:10409000290070BDFA24A4000025F0E7044B18782D
:1040A000FCF718FCF3E7C046BC1B0020081E0020EC
:1040B000071E0020F0B585B0060014001D000CABF3
:1040C0001F78FDF767FA22002B0012184B41002BD6
:1040D00009DB02970B9901910A9900913000FDF7D5
:1040E0009BF805B0F0BD01225242014BF1E7C046FA
:1040F000FFFFFF7FF0B5C64600B584B005008846D7
:1041000016001F000AAB1C78FDF71EF802940197F9
:1041100000962A004346FFF7CDFF04B080BCB846A6
:10412000F0BD000010B582B02248002102F0BCFEB4
:1041300000281ED1204B1B68002B18D0EFF31081F4
:1041400072B608001A68002AFCD0BFF35F8F1A4AC3
:1041500051601A490B78DBB201240C701268BFF36E
:104160005F8F0021116080F31088002B17D002B000
:1041700010BD01200021404201F024F9002001F08F
:104180009BFB04000B4802F077FE002CEFD00C4B99
:104190001B68002BEBD00B4A10689847E7E70A4AE8
:1041A000013300930023FA2080000021FFF7A2FFD3
:1041B000DDE7C046E81D0020BC1B0020081E0020D3
:1041C000D0160020D41600204940001010B582B04F
:1041D000D0231B061C68FCF7B7FFFDF797F8A04239
:1041E00030D1274B1B780021002002F04FF8254BDF
:1041F0001B68002B2CD00120FCF73AFD224C2070CC
:104200002249FF231840FCF783FB20780121FCF7AB
:1042100057FB0520FCF76EFB041E1DD00120FCF7A8
:10422000B1FA01001A4B1800FCF782FD194900226F
:104230000520FCF797FB18480121FFF7D5FD20006A
:1042400002B010BD154B164A1648C621FFF7B8FC40
:104250000C48FCF72BFDCEE70D4808220021FEF7A5
:10426000A5FB114A012300930023FA2080000021BE
:10427000FFF740FFC043C40F0028E0DADBE7C04689
:1042800010840010E81D0020071E002025410010AA
:10429000BC1B002039400010C00C0020EC76001040
:1042A0003C800010F47600104940001010B500204A
:1042B00001F0E6FA10BD000070B505000C00FFF734
:1042C000F5FF002834D0002001F0F6FA002832D0A3
:1042D000FDF760F91B4A002312184B41002B19DB34
:1042E000194802F0F9FD002828D0FFF7DFFF002869
:1042F00004D0002001F0E0FA00280FD101200021B5
:10430000404201F05FF8032464420F4802F0B4FD1C
:10431000200070BD012252420C4BE1E7220029002F
:10432000002001F0D5FA041EEFD103246442ECE72B
:1043300003246442ECE703246442E9E70324644273
:10434000E6E7C04640420F00E81D0020FFFFFF7F68
:10435000F0B5C64600B580460C00FDF71BF9314AA2
:10436000002312184B41002B07DB2F4802F0B4FD4D
:10437000002806D180BCB846F0BD012252422B4B2A
:10438000F3E7FFF793FF002849D1294B00200021D4
:1043900018605960244802F06FFDEBE7012000210E
:1043A000404201F00FF8002001F0AEFAFFF77EFF67
:1043B0000028EFD0002001F023FB002820D0A542E8
:1043C000E8DA661B002001F01BFB0200864200DCDD
:1043D0003200002AE2D043465919002001F0ECFADD
:1043E000060001200021404200F0ECFF002001F017
:1043F0008BFAAD19FDF7CEF80D4B18605960DEE76A
:10440000FDF7C8F80A4B1E685F680A4A0023921934
:104410007B419942BED8D2D19042D0D9BAE700258B
:10442000CDE7C04640420F00E81D0020FFFFFF7FA0
:10443000800E002020A1070000487047B8800010BF
:10444000004870476480001010B50400154B1B78BD
:10445000002B0ED0002C11D1134B144A5A8001238B
:1044600001335B009BB21048C022920013430380CB
:1044700010BD0C48112100F025F8EBE7052C0ED8F3
:104480000B4BA400E4580023122BE9D8E15C00296F
:10449000E6D00133044A58008152DBB2F4E7002031
:1044A000E6E7C046F01D00200817002009040000C0
:1044B0004C80001010B5024800F030F810BDC04626
:1044C000D41B002010B5002901D0002308E00F4BB9
:1044D0000F4A10483B31FFF773FB3732C2540133A8
:1044E0004A1E9A420ED90F2B0CD85A080A4CA45CCB
:1044F00001229A43920014410F222240092AECDC47
:104500003032EBE7C0180023037010BD8477001031
:10451000CC8000108C770010D41B002070B588B0C0
:10452000040004AD0D2200212800FEF73FFA0D2201
:1045300000216846FEF73AFA4B232B700D2269469C
:10454000280002F091FC002304E05A1D69468A5CB1
:10455000E2540133072BF8DD08B070BD70B582B0AE
:104560007F230340C509274C5E0076197601A41904
:10457000A0706842684160700020E0702183E2769C
:10458000012D1ED0D800204A944660441D4A59008F
:1045900049194901521890601A4A590049194901AC
:1045A0005218926800211160002B10D1154A5B004F
:1045B0005B195B01D31800225A60144ADA6002B01A
:1045C00070BDD800124A94466044A060E4E7012D13
:1045D0000BD0591EC9000F4A94466144094A5B003A
:1045E0005B195B01D2185160E9E7591EC9000A4AFC
:1045F00094466144034A5B005B195B01D218516029
:10460000DDE7C0463C170020840010500001105028
:10461000800010500C0010500800105010B5038B93
:104620003F333F229343C27E022A08D008490A68DA
:10463000C260D3180B60074A934202D810BD5B00DA
:10464000F4E7054B054A06485221FFF7B9FAC04680
:10465000B81B0020FF0F1050E47900102C810010CF
:10466000287A0010F8B57F250540C6096B009B1914
:104670005B010E4C1C19FFF771FF002D00D1F8BD36
:104680000A4B6D00AD196D015D19298B2000FFF7F4
:10469000C5FFEB7E9B06E968054A4A40134380222A
:1046A000120613436A681360E9E7C0463C1700200E
:1046B0000000105010B504007F202040E4094000A5
:1046C00000194001024BC01800F026F910BDC04689
:1046D0003C17002010B5002804D101210520FCF76B
:1046E000EFF810BD034B044A98210448FF31FFF74F
:1046F00067FAC046987A00101C810010287A0010D2
:1047000010B5002805D1002200218020FFF7D2FF3C
:1047100010BD034B034AA2210348FF31FFF750FAB3
:10472000987A00100C810010287A0010024B802229
:104730005202DA647047C0460020115070B5041E62
:1047400027D100F0C7F8164D0C23AB671549FF229F
:104750000520FCF707F9144840220021FEF726F94E
:10476000002240210020FFF77DFF00224021802011
:10477000FFF778FF02F0E0FB01232B6480239B0509
:10478000EB649023094AEA502000FFF7CFFF012095
:1047900070BD074B074A64210748FF31FFF710FA45
:1047A00000001150BD0400203C17002010D0010073
:1047B000987A001040810010287A0010044B19707C
:1047C000002904D0034A902380218902D1507047E8
:1047D000021E0020002011500B785B0602D14B789E
:1047E000052B00D070478A78014B1A60FAE7C04663
:1047F0000000115010B5CA789207920F012A0AD012
:1048000088780B794979090219434905490DFFF761
:1048100029FF012010BD0020FCE710B502F08CFB41
:1048200010BD000010B50400080011001A00002C93
:1048300003D1FFF73FFF012010BD034B034A812145
:1048400003488900FFF7BCF9987A0010FC8000103B
:10485000287A001010B57F23180008400B4205D1BC
:10486000CB09012B0ED00222074B9A66C9094000E2
:1048700040184001054BC01880221201002102F0AF
:1048800043FB10BD0122EFE7002011503C17002030
:1048900010B57F22100008400A4200D110BDC9099E
:1048A000400040184001044BC0180023C370002290
:1048B000024902F029FBF1E73C170020FFF7FFFF58
:1048C00004E00A780270013101301A00531E002AF8
:1048D000F7D1704710B580235B040A4A13600A4A77
:1048E00013600A4B1A6880235B049343F9D180223A
:1048F000520100210648FEF759F8064B09225A6773
:1049000010BDC04600E0004000F0004008C000407C
:10491000000010500000115070B504000D0016008A
:10492000837E002B17D1A6820023E3820133A37676
:104930002561200002F0F0FA002804D00C4A9023F0
:1049400080218902D150200002F0EEFA00280AD01E
:104950000123237770BD81780648FFF7A1FA200074
:1049600002F0CAFADFE7200002F0BEFAF2E7C04622
:1049700000201150887B001070B50500002408E06D
:104980009B1A5B01164A9B18DB6828009847013484
:10499000E4B2144B1A782300511CA1420DDBA24251
:1049A000EED9114B1B6862019B18002BECD10F490B
:1049B0000F48104AFFF774FA10E00F4C5422002100
:1049C0002000FDF7F3FF201D1022FF21FDF7EEFF71
:1049D000200014302022FF21FDF7E8FF70BDC04603
:1049E000BC820010011E00203810002088820010B8
:1049F000C07B001025020000E811002010B5FFF771
:104A0000BBFF00F065FE10BD70B505000C00160080
:104A1000486900F067FE6369320001212800984769
:104A200070BD0000F0B5DE4657464E464546E0B53F
:104A300083B082460139C8B2FFF702FD002803D0D7
:104A400043789946022B0CD056495748574AFFF7EE
:104A500027FA002003B0F0BCBB46B246A946A046E8
:104A6000F0BDC5796C110122514B14402401197815
:104A70001026B14321431970AD112A405201C9B229
:104A80002024A1430A431A70060009368278C378AD
:104A90001B02134383469B444B460193370066E059
:104AA000FB7899463A78BF1868E03E493E48414A4B
:104AB000FFF7F6F90020CDE7009AD31A5B013E4ECE
:104AC0009E1933692200390050469847082801D9B9
:104AD000844216D20135EDB2384B1B7800955A1C32
:104AE000AA423EDBAB42E7D9354B1B686E019E19EB
:104AF000002EE6D12B492C48324AFFF7D1F900208D
:104B0000A8E73400009E00904B46012B11D00020F6
:104B1000494681421BD9BB781B18DBB2244AD21804
:104B20001279FF2A0CD1224AD3181D710130C0B26C
:104B3000EFE72169244A9142E9D1019B9946E6E7D2
:104B400018491948214AFFF7ABF9002082E72048AD
:104B50002B00009C2200390001F06EFCA446674443
:104B600000E02E00154B1B7801339E420FDC5F45A1
:104B700015D27B780B2B93D0012399467A78042A9F
:104B800093D15B46DA1B93B200251C00A4E7852273
:104B900004490548D200FFF783F900205AE70120B5
:104BA00058E7C0465C820010C07B0010D6030000AE
:104BB000E8110020F1030000BC820010011E00205B
:104BC00038100020FA0300007D5B0010190400007B
:104BD000FC1100207047704700207047002070478C
:104BE00070B505000C00CB7888780F2B53D89A004D
:104BF0002E498A589746FFF71FFC021E05D0122344
:104C00002100280000F018FD46E0294929482A4AD9
:104C1000FFF746F900203FE0FFF7A2F9021E3CD063
:104C20008178C3781B020B432100280000F004FDAB
:104C300032E0022B0CD0FFF7D1FF021E2FD091786B
:104C4000D3781B020B432100280000F0F5FC23E081
:104C5000FFF7F6FB021EF2D115491648174AFFF777
:104C60001FF9002018E02379617909021943FFF741
:104C7000EBFB021E15D003782100280000F0DCFCBD
:104C80000AE0FFF7A9FF021E0DD0037821002800DB
:104C900000F0D2FC00E0002070BD0020FCE7002006
:104CA000FAE70020F8E70020F6E7C0465C81001034
:104CB00044820010C07B00103A0400006104000030
:104CC0007047704770477047024B5878431E9841B1
:104CD000C0B27047E8110020024B18784007C00F9F
:104CE0007047C046E8110020034B1878FF38431E78
:104CF0009841C0B27047C046F40C0020F8B50500DA
:104D00000F00FFF7F1FF061E48D1002F21D02E48DB
:104D100054220021FDF74AFE2C4B00221A702C4C25
:104D20002000FBF7C3FF2B4B1C602B4C2000FCF733
:104D300009F8143C200001F019FF284B1C60284B97
:104D4000002B04D02748FFF72BF9274B18600024CD
:104D500010E0E922254926485200FFF7A1F81DE09E
:104D60009B1A5B01234A9B185B68002B10D0984765
:104D70000134E4B21B4B1A782300511CA1420FDB13
:104D8000A242EDD9184B1B6862019B18002BEBD196
:104D9000F822164916485200FFF782F83000F8BD95
:104DA000154B1D7039002800FFF7C8FC061E03D004
:104DB0002800FFF78FFCF1E7FC220C490C48520059
:104DC000FFF76EF8EAE7C046E8110020031E002056
:104DD000E01100203C120020EC0C002040120020CA
:104DE000A13F0010011E002038100020AC820010EE
:104DF000C07B0010BC820010F40C002070B50D00C8
:104E0000104B1E788B7870221A420DD10E4B997878
:104E1000280001F0BBFA041E0DD029003000FFF776
:104E2000E9FC0400200070BD08490948094AFFF761
:104E300037F80024F6E705490548074AFFF730F838
:104E4000F0E7C046F40C0020E811002014820010A6
:104E5000C07B00100B0500000C050000F0B5D64625
:104E60004F464646C0B581460C0017009846089B41
:104E70009A46002517E018491848194AFFF710F814
:104E800000263000E0BCBA46B146A846F0BD9D22DF
:104E900011491248D200FFF703F8F2E7099A13709C
:104EA0002378E4180135AF4214DD6378052BE2D195
:104EB000E1788907890F4145DDD121004846FFF798
:104EC0009DFF061EE3D0A378DA09012AE6D05246F8
:104ED0001370E5E70126D4E724820010C07B0010A0
:104EE000E704000010B57F200840C90940004018C1
:104EF0003030044BC0180430034B196801F002FA3B
:104F000010BDC046E81100203C12002010B57F20E3
:104F10000840C909400040183030044BC018043024
:104F2000034B196801F016FA10BDC046E8110020C5
:104F30003C120020F0B5C64600B582B001931A4875
:104F400000787F250D40CE09184C6F00E419A41994
:104F500030342479E4071DD4144C6F00E419A419EB
:104F6000303423790127BC4667463B432371019BBC
:104F7000FFF758FC002813D10C4B6D005B199B19EF
:104F800030331A7901218A431A711A7903318A431D
:104F90001A7105E006490748074AFEF781FF00201D
:104FA00002B080BCB846F0BDF40C0020E81100202F
:104FB00004820010C07B00103905000070B50A4B58
:104FC00018787F240C40CD09FFF744FC074A6400A1
:104FD00013195B1930331A7902210A431A711A79AD
:104FE00001210A431A7170BDF40C0020E811002061
:104FF00070B50A4B18787F240C40CD09FFF748FCA8
:10500000074A640013195B1930331A7902218A4365
:105010001A711A7901398A431A7170BDF40C002093
:10502000E81100207F220A40C909044B52009B1856
:105030005B18303318798007C00F7047E8110020E3
:10504000F0B585B005000C00002000F04BFB237884
:1050500060221A40602A1AD0402A20D02378DB062A
:10506000DB0E012B00D1D6E0022B00D116E1002B84
:1050700000D07CE1202A1CD0002A00D07FE1637898
:10508000092B00D97DE19B00C54AD3589F46553274
:10509000C449C5489200FEF703FF002668E1C348F3
:1050A00000F020FB220001212800FEF75DFF060032
:1050B0005EE123790F2B00D95DE1BD4AD3181B793E
:1050C000BC4A1278934207D2BB4A11685B01C918E7
:1050D000002909D100264BE1511C994200DA4CE12C
:1050E0009B1A5B01B549591822002800FFF78CFC78
:1050F00006003DE1200000F0FBFAA1782800FFF750
:10510000FFFAAB4A137802210B43137001262FE1FB
:10511000A74B5B7802AA06321370012321002800F6
:1051200000F08AFA012623E1A678A14B5B78B3420E
:105130002CD09F4B5B78002B0CD19D4B5E70002ECA
:1051400022D031002800FFF76DFC061E12D0FFF7B9
:10515000B7FD1BE000212800FFF730FB2800FFF718
:105160005CFB934FBB7801932800FFF705FC019B84
:10517000BB70E2E7C9228B498B489200FEF790FE94
:105180008B4B00225A70F3E0FFF79BFD21002800B3
:1051900000F03EFA0126EBE021002800FFF720FD99
:1051A0000600E5E0A278E3781B021343012B01D04F
:1051B0000026DDE07E4A137808210B43137021009E
:1051C000280000F025FA0126D2E0A278E3781B023D
:1051D0001343012B01D00026CAE0754A1378082139
:1051E0008B4313702100280000F012FA0126BFE063
:1051F0006F4B1A78510992080223134001220A408A
:10520000134302AA0632138002232100280000F073
:1052100013FA0126ACE023790F2B00D9B3E0644ADE
:10522000D3181B79634A1278934223D2624A1168D9
:105230005B01C918002900D1A7E022002800FFF770
:10524000E3FB061E00D093E0237860221A4200D0D0
:105250008EE063780A3B012B00D989E0002000F042
:1052600041FA63780A2B0ED02100280000F0D0F913
:1052700001267DE0511C994200DA88E09B1A5B010F
:105280004E495918D9E702AB9A1D00231370013318
:105290002100280000F0D0F9013669E021797F2053
:1052A0000840CE0970230B4217D1414B40001B1818
:1052B0009B191B7D3F480078834215D23E48066803
:1052C0005B01F618002A19D0002E62D022003100AE
:1052D0002800FFF799FB06004AE032493248384A75
:1052E000FEF7DEFD002643E0461C9E4204DB1B1A4F
:1052F0005B01324E9E19E5E70026E3E76378012B58
:1053000010D0032B0ED0002B45D12800FFF78AFECA
:1053100002AB9A1D108002232100280000F08CF9B6
:10532000012625E0A078E2781202024304D1012B85
:1053300019D02800FFF742FE002E2ED022003100A7
:105340002800FFF761FB002000F0CCF9184B352254
:105350009B5CDB07DE0F002B0AD12100280000F048
:1053600057F9012604E02800FFF742FEE4E7002693
:10537000300005B0F0BD0026FAE70026F8E7002669
:10538000F6E70026F4E70026F2E70026F0E700261D
:10539000EEE70026ECE70026EAE70126E8E7C0464C
:1053A000B881001070820010C07B0010693F0010AF
:1053B000E8110020011E002038100020BC820010DF
:1053C0009503000030B585B0FFF78EFC002808D1AA
:1053D00005B030BD01AC2078FFF710FB2279634B9C
:1053E0009A70634B1C686269EFF3108172B61368A0
:1053F000002BFCD0BFF35F8FA16101A9200001F059
:1054000058FB6269A369BFF35F8F0021116083F3CA
:1054100010880028DCD001AB5B78082BE1D89B001A
:10542000544AD3589F4601AB1878FFF7E7FAFFF7C5
:1054300048FCD6E7504B1B78002B2DD04E4A1378F2
:10544000013BDBB213701378002BCAD1474B1A789B
:10545000012401210A431A703422995CA143995412
:10546000995C0420814399540132995CA143995479
:10547000995C8143995401AB187802A9FFF7E0FDCC
:105480000028AED101AC20780021FFF7E3F92078A5
:105490008021FFF7DFF9A4E738493948394AFEF798
:1054A000FFFC95E701AB19797F220A40CC092F4B0D
:1054B00050001B181B19303318790125A8431871A7
:1054C00018790335A8431871002A15D0274B5200CC
:1054D0009B181B191B7D2C4A1278934213D22B4A1E
:1054E00012685B01D318002B15D09C6901A8427982
:1054F000039B0078A04774E701A84279039B0078DA
:1055000000F004F96DE7501C984204DB9B1A5B0124
:105510001F4A9B18E9E7A422184919489200FEF790
:10552000BFFC55E7114B1B78DB0700D459E70F4B45
:1055300018780007C00FFFF7C5FB52E70B4B1B782D
:10554000DB0700D44DE7FFF7BEFB4AE7029B002BC9
:1055500000D146E70398984743E7044BDB78DB0725
:1055600000D43EE70298FFF736FB3AE7E811002047
:1055700040120020E0810010031E00209C820010D9
:10558000C07B001065020000011E002038100020C2
:10559000BC82001010B50023CB56002B05DB802108
:1055A00000230022FFF7C6FC10BD0021F8E7000031
:1055B000F8B50500144B9F89DE89BB1B9BB21C1CF0
:1055C000402B00D94024A4B20F4B1B785BB2002BB8
:1055D00008DB0021B74213D00C4A23002800FFF754
:1055E000A9FCF8BDB74209D0074B9968402C09D8EF
:1055F00006482200FDF7E0F98021EBE78021E9E78A
:105600000022EAE70020ECE7C81100208811002002
:1056100070B506000D00074C08222000FDF7CCF9FC
:105620000023A360E381A38129003000FFF7B2FFCC
:1056300070BDC046C8110020F0B5C64600B5804612
:105640000C0016001D001F4B08221F001800FDF75C
:10565000B3F9BE600023FB81A379E1790902194304
:105660000B1CA94200D92B1C99B2164A9381A2792E
:10567000E3791B02134319D0002901D0002E08D072
:105680004046FFF795FF041E0AD0200080BCB846B4
:10569000F0BD0D490D487222FEF702FC0024F4E72C
:1056A00009490A487422FEF7FBFBEEE72100404659
:1056B000FFF770FF041EE8D1034904487622FEF785
:1056C000EFFBE2E7C811002014830010C07B00103C
:1056D00010B5034814220021FDF768F910BDC0463B
:1056E000C8110020014B18617047C046C811002046
:1056F00010B50100044C08222000FDF75DF90023DD
:10570000A360E381A38110BDC811002070B505001E
:105710001C00C909314B1B78DB098B4216D0002CC9
:1057200007D02F492F489D22FEF7BAFB0024200006
:1057300070BD2A4C2100FFF74FF82369002B03D0DE
:10574000264A0321280098470124F0E7234B1B78C1
:105750005BB2002B07DB214B986800283CD0224924
:105760002200FDF729F91D4AD389A1B25B189BB22B
:10577000D381916809199160D288934201D03F2C5E
:105780001FD8164B1B69002B05D0144A0221280094
:10579000984700280BD011492800FFF7FBFE041E94
:1057A000C5D10F490F48C522FEF77AFBBFE700219C
:1057B0002800FFF74FF880212800FFF74BF801245D
:1057C000B5E72800FFF7F4FE041EB0D104490548F0
:1057D000CD22FEF765FBAAE70024A8E7C811002048
:1057E000FC820010C07B00108811002070B50500FD
:1057F000FFF76AFA002802D10024200070BDFFF7ED
:105800006BFA041EF8D11C4BC8226A439B18DB7844
:10581000002BF1D0C8266E431036174BF618300017
:1058200001F030F93F28E8D9134BC8226A439B188E
:10583000D9780020FFF756FB002801D10400DCE7EF
:10584000300001F01FF93F280DD9EA010B4BD218A7
:10585000094BC82169435B18D97840230020FFF722
:1058600069FB0400C9E7044BC8226A439B18D97836
:105870000020FFF74BFBC0E7C01000203C100020C9
:1058800010B50400FFF720FA002801D1002010BD58
:10589000FFF722FA002808D1064BC82262439B1862
:1058A0001B79DB0703D50130F1E70020EFE700208B
:1058B000EDE7C046C010002010B5C82343431033A5
:1058C0000248181801F0ACF810BDC046C010002006
:1058D00070B50400C820604303001033074818184F
:1058E000074B9A4208D892B201F004F90500200053
:1058F000FFF77CFF280070BD024AF5E7C0100020CA
:10590000FEFF0000FFFF000070B50500FFF7DCF9A7
:10591000002801D1002070BDFFF7DEF90028F9D181
:10592000C8246C432034204BE4180434200001F0D8
:1059300077F8002801D10020EDE71B4BC8226A430D
:105940009B1899780020FFF7CDFA002801D100209C
:10595000E1E7EE014036154BF618402231002000F9
:1059600001F0C8F8041E14D00F4BC8226A439B18DC
:105970009978030032000020FFF7DCFA002801D0FC
:105980002000C8E70A490B48D522FEF789FA002013
:10599000C1E7054BC8226A439B1899780020FFF79E
:1059A000B5FA0020B7E7C046C01000203C10002028
:1059B00044830010C07B001070B50500C824444328
:1059C00020340C4BE41804340B4B9A420BD892B29F
:1059D000200001F0C6F80600200001F021F83F2861
:1059E00003D8300070BD054AF2E72800FFF78CFFAE
:1059F000F7E7C046C0100020FEFF0000FFFF0000D8
:105A000010B5C82358432030024BC018043001F0B1
:105A100039F810BDC0100020F0B5CE46474680B51D
:105A200083B02648C8220021FCF7C0FF244B002287
:105A30001A700027002F04D003B0C0BCB946B0468E
:105A4000F0BD1E4EC8247C433519FF236B71E12342
:105A50005B02AB60002398462B736B730833AB7308
:105A600021003831891920001030801943460093F5
:105A70000133402200F096FF21007831891920007F
:105A800020308019043001230093402200F08AFF67
:105A90002300B8339946B1444846FBF707F9C034B0
:105AA000A4192000FBF702F94346EB614B462B6239
:105AB0002C6343466B630137FFB2BBE7C010002085
:105AC000BC10002010B50023002B01D0012010BD18
:105AD00019000D4AC82058431218106A146B002888
:105AE00006D0094AC820584312180020D06110621D
:105AF000002C06D0044AC8204143521800211163EB
:105B000051630133DBB2DFE7C010002070B5002421
:105B1000002C00D070BD2500C8206043154BC01874
:105B200005220021FCF742FF134B1B78DB070FD542
:105B3000114B1B789B0713D5C820684320300D4BB1
:105B4000C0180430012101F030F80134E4B2DFE77D
:105B5000C82060431030074BC01801F007F8E7E792
:105B6000C82068432030034BC018043000F0FEFF0B
:105B7000E2E7C046C0100020BC100020F0B585B0A0
:105B800003904B79022B63D18B79022B64D10027D0
:105B9000002F07D0002F0FD18B7833700C780C19A1
:105BA000092515E0C8237B432C4E9E19B378002BA2
:105BB000F0D00137FFB2EBE7422229492948FF32F2
:105BC000FEF76EF9002544E023785D19ADB2E418C4
:105BD0006378242B01D19542F6D9052B09D063783F
:105BE000042B02D163790A2B18D03800FFF7FEFD91
:105BF0002FE021000398FFF701F9002806D0A378D1
:105C0000737023785D19ADB2E418E8E754221449A3
:105C10001448FF32FEF744F900251AE021784D19A7
:105C2000ADB26118B31C0193F31C0093022302224E
:105C30000398FFF713F9002802D00E35ADB2D4E770
:105C4000B122074907485200FEF72AF9002500E073
:105C50000025280005B0F0BD0025FAE7C01000209F
:105C600038830010C07B0010F8B514001278602350
:105C70001340202B00D082E00025002D0ED0002DF7
:105C800000D07EE06378222B42D017D8202B1FD083
:105C9000212B11D1012933D0012071E0C8236B439E
:105CA0003C4A9E18D25C277963791B023B439A4297
:105CB000E5D00135EDB2E0E7002061E0232B05D10E
:105CC00001294BD003294ED0012059E0002057E094
:105CD000012903D0032909D0012051E03200083204
:105CE00007232100FFF7A8FC012049E02A4B002BE5
:105CF00049D0310008312800FEF758F901203FE073
:105D00003200083207232100FFF796FC012037E01C
:105D1000012903D0032906D0012031E02100FFF73B
:105D200077FC01202CE0A278E3781B0213430124C6
:105D300027001F405A081440337101217940C9B22D
:105D40003000243000F031FF144B002B1DD0220016
:105D50003900280000E000BF012011E02100FFF71A
:105D600057FC01200CE00E4B002B10D0A378E178FB
:105D700009021943280000E000BF012000E00020D4
:105D8000F8BD0020FCE70120FAE70120F8E7012038
:105D9000F6E7C046C0100020AD3F00100000000034
:105DA00000000000F0B5D646474680B583B00190AC
:105DB0000F0000930024002C0FD0002C1AD1A04615
:105DC000EB78BB421ED0AB78BB4254D001242000FC
:105DD00003B0C0BCBA46B046F0BDC82565433C4BD5
:105DE000ED18EB78BB42E8D0AB78BB42E5D001348C
:105DF000E4B2E0E7E622374937485200FEF750F8B0
:105E00000024E4E710239A46AA44E101334BC91861
:105E10006B461A88504600F0A4FE314B002B1AD076
:105E20006B79FF2B17D0002600E00136009B9E42C5
:105E300011D26A79294B4146C9015B189B5D9A4290
:105E4000F3D1504600F002FE0028EED1697920001F
:105E500000E000BFE9E7234B002B04D0504600F0E0
:105E6000F5FD002803D02000FFF7C0FCABE72000C1
:105E700000E000BFF7E71C4B002B02D0200000E041
:105E800000BF2000FFF740FD002801D001249EE75D
:105E90002800243000F0C4FD002815D1009B002B01
:105EA00014D09E0601D0012491E7A9780198FFF74C
:105EB00019F8041E01D1012489E7A97800230022E2
:105EC0000198FFF737F882E7012480E701247EE795
:105ED000C010002028830010C07B00103C10002060
:105EE000000000000000000000000000002817D1A2
:105EF0000C4B9322920042439B182A33FF331B78AA
:105F0000002B09D1074B9322920042439B185B79E7
:105F1000002B03D0013004E0012002E0002000E06B
:105F2000002070478413002010B5002801D0002005
:105F300010BD932189004143024BC918043100F080
:105F400001FBF5E784130020F0B5D6464F464646E0
:105F5000C0B584B02148932292000021FCF726FDB1
:105F60000025002D05D004B0E0BCBA46B146A846D5
:105F7000F0BD9324A4006C4323004933FF33174A38
:105F800091464B440433EE01154A9246B218200064
:105F90002930FF30484440218846039102928027EF
:105FA0007F000197009300230022002100F057FAA0
:105FB000230020334B4408334036564420004844E5
:105FC00004304246039202960197009300233F3A21
:105FD000002100F044FA0135EDB2C2E7841300203D
:105FE0000413002070B50025002D01D0012070BDE4
:105FF0009324A4006C4320002930FF30054E801903
:1060000000F05EFAA019043000F05AFA0135EDB242
:10601000EAE7C04684130020F0B5C64600B5002567
:10602000002D02D080BCB846F0BD9324A4006C4380
:106030000C4B9846E6180027377020003130FF30AF
:10604000404400F093FD083420004044043000F048
:106050008DFD33002A33FF331F7077710135EDB2A8
:10606000DEE7C04684130020F0B5C64600B582B016
:1060700001900F004B79FF2B00D08CE00C780C19AD
:10608000A5180026002E01D0002085E03000FFF783
:106090002DFF002802D00136F6B2F3E793239B00D0
:1060A00073433F4A98469044BB784246137033E0AE
:1060B000AC426DD221000198FEF7A0FE002836D038
:1060C0000136F6B2A378DB09012B37D040463130D8
:1060D000FF3000F04BFDA1789422520043469B18FC
:1060E0005970217963791B020B435B055B0D2D49C8
:1060F0008C46634459424B415B004146895C022017
:1061000081430B4341468B548918019800F05CFA97
:10611000002836D02378E4183B79B34238D9637825
:10612000052BC5D0AC42C3D22378E418F7E71E494B
:106130001E48E022FDF7B4FE00202DE040460C3062
:1061400000F014FDA37842465371227963791B0253
:1061500013435B055B0D134A944663445A42534113
:106160005B004246127902218A431343424613716F
:106170000B4BD31A9B100E485843C0B2FFF7D4FE06
:10618000C8E709490948E822FDF78AFE002003E034
:10619000E01B80B200E0002002B080BCB846F0BD39
:1061A0008413002000FEFFFF5C830010C07B001002
:1061B0009B1DB508F0B583B006001D000024002C1F
:1061C0000CD0002C57D101942A23FF33FB5C8B4267
:1061D00015D07B798B4236D001204DE093239B0074
:1061E0006343264FDF193B002A33FF331B788B4272
:1061F000E7D07B798B42E4D00134E4B2DFE73B00A7
:106200003133FF339B88002B12D11D4B002B07D05D
:10621000019BD9011B4BC918AAB2200000E000BFA6
:1062200039002931FF31300000F0CEF9012023E0A0
:106230003B002933FF335968AAB238003130FF30B0
:1062400000F08FFCE1E7104B002B04D02904090C6F
:10625000200000E000BF3C1D2100300000F072F97A
:10626000002801D0012007E02A002100300000F0C2
:1062700029F9012000E0002003B0F0BD84130020C4
:1062800000000000041300200000000010B582B0E0
:1062900000290AD001281CD80B78002B19D0164AE7
:1062A0001354012B1ED0012419E001A901230B7006
:1062B00000234B700020FEF721FD041E03D00E4B7F
:1062C00001221A700BE00D490D484722FDF7E8FD49
:1062D00005E00A490A485A22FDF7E2FD00242000A1
:1062E00002B010BDFEF70AFD041EF8D103490448B0
:1062F0005F22FDF7D5FDF2E7DC110020DC83001002
:10630000C07B001070B504000D000378DB07D80FC8
:10631000002B1DD123785B07DE0F002B19DB012139
:106320004942280000F0C8FD2378DB07DA0F002B74
:1063300007D123785B0709D4237804221343237001
:106340000126280000F098FD300002E01600F8E772
:10635000002070BD70B506000C00012149422000EC
:1063600000F0AAFD33785B07DD0F002B04DB200073
:1063700000F082FD280070BD3378DB0704D4337849
:10638000042293433370F2E70025F0E710B5027959
:1063900043791B0213435B055B0DC2789207920F92
:1063A000022A14D0032A2DD0012A3CD1022904D07C
:1063B0001E4A9A4204D3012036E08022D200F8E738
:1063C0001B491C48D122FDF76BFD00202CE002295F
:1063D00003D0402B0FD8012026E080229200934268
:1063E00001D1012020E012491248293AFF3AFDF775
:1063F00057FD002018E00E490E48DB22FDF750FD46
:10640000002011E0022904D040229A4204D3012046
:106410000AE08022D200F8E705490648E122FDF7AC
:106420003FFD002000E0002010BDC046FF0300003B
:10643000C8830010C07B001030B58A1801E00C78CA
:10644000091991420AD24C78052CF8D18D787A340A
:106450002C4064000419ED096355F0E730BDF0B538
:1064600085B0040003920AAA40CA17880DAA1588AD
:1064700001220A400178012081431143217020004C
:106480000830009301233A00310000F08BFA002E0F
:1064900001D0002F05D10C9B63606580012005B001
:1064A000F0BD26001C363000FAF700FC039B002BE1
:1064B00004D0330000266361A661ECE70023FAE70D
:1064C00001207047F8B506000C0015000B789B07FB
:1064D00011D58027BF002000083000F0A1FA002865
:1064E00025D1002D25D0013F3D4224D12378DB0763
:1064F00003D500201CE04027EDE761783000FEF76F
:10650000F1FC0028F5D02378DB0707D5B5220B492D
:106510000B485200FDF7C4FC002009E0617800231D
:1065200000223000FEF706FD002801D1EEE7002032
:10653000F8BD0020FCE70020FAE7C046A483001065
:10654000C07B001070B505000C000E00083630004E
:1065500000F066FA002830D02378DB0701D5002050
:1065600070BD61782800FEF7BDFC0028F7D0616897
:106570006288300000F0BEFA061E14D02378DB07D4
:1065800007D5BC220E490F485200FDF789FC0020B8
:10659000E6E76268617803002800FEF7CBFC00287C
:1065A000EFD03000DCE72378DB0701D50020D7E708
:1065B00061782800FEF7AAFCF8E70020D0E7C04683
:1065C00088830010C07B0010F8B505000C008B8993
:1065D000002B22D10B78DB0701D50020F8BD4978CC
:1065E000FEF780FC0028F8D063882278D20707D510
:1065F000D922304930485200FDF752FC0020EDE727
:106600006178002B07D062682800FEF793FC002811
:10661000EED06088E2E70022F6E70B789B070DD505
:106620008026B60027000837380000F02BFA864293
:106630003DD82378DB0703D50020CFE74026F1E7DC
:1066400061782800FEF74EFC0028F5D0380000F0F5
:1066500019FA864221D87642B6B262883040031CCD
:10666000904200D9131C9EB22378DB0707D5C822BD
:1066700010491148FF32FDF713FC0020AEE76178A6
:10668000002E08D0626833002800FEF753FC002873
:10669000EDD03000A2E70022F5E72378DB0701D533
:1066A00000209BE761782800FEF730FCF8E7002027
:1066B00094E7C0466C830010C07B001003008A186A
:1066C00090B2814202D85A00904203DB5B009BB239
:1066D000C01A80B2704770B505000800AC889A42B5
:1066E0000BD3D11A89B200291ED08C4210D2944209
:1066F00009D8121B93B26B810AE0D11A89B26600E5
:10670000891989B2EFE7A21893B2F4E71B1B9BB279
:106710009C42FBD92968EA885204520C5343C91899
:10672000FCF74AF9012070BD0020FCE7F8B5CE4621
:10673000474680B505008C4608A909788488E01A88
:1067400080B21C1B1419A4B2EF887F047E0C0700D2
:106750007743BFB27443A4B2A1462C68A0467343EA
:106760004344002906D1904208D372431900604681
:10677000FCF722F9C0BCB946B046F8BD3A00190092
:1067800064462000FCF718F92968E0194A46FCF72E
:1067900013F9EFE7F0B5C64600B582B01E0008ABAE
:1067A0001B8809AC277884889E420FD3F51AADB2B6
:1067B000002D1FD0AC4205D2B44210D8331B9BB27F
:1067C0004381250095420FD315000DE0F51AADB2B7
:1067D000A8466500AC4645466544ADB2E8E7A61953
:1067E000B3B2EDE71B1B9BB29C42FBD900972A007A
:1067F000FFF79CFF280002B080BCB846F0BDF0B5A2
:1068000083B004000D0016001F000069002803D0AB
:106810000121494200F050FB23899BB26289019714
:106820000092320029002000FFF7B4FF05006189C3
:1068300089B2A0882A00FFF741FF60812069002803
:1068400001D000F019FB280003B0F0BDF8B5CE462A
:10685000474680B505008C4608A90878AC88E11A3F
:1068600089B21C1B1419A4B2EF887F047E0C0F00A0
:106870007743BFB27443A4B2A1462C68A0467343C9
:106880004344002806D1914208D372436146180060
:10689000FCF792F8C0BCB946B046F8BD3A00644671
:1068A00021001800FCF788F82868E1194A46FCF72F
:1068B00083F8EFE7F0B585B006000391171E029349
:1068C00000D16DE0C068002803D00121494200F0EA
:1068D000F3FA3489A4B2718989B2F379DB0918D14A
:1068E000B3888C420FD3611A89B28B4256D95B1A96
:1068F0009BB23A1C9F4200D91A1C95B2002D45D07C
:10690000B288230033E0611A89B25A00891889B22B
:10691000EBE7B588BD420ED8029B002B21D17B1B33
:10692000F7887F047F0C5F43039B9C46BC4463460F
:1069300003930C00E2E78C420DD3631A9BB2DB1980
:106940006A0093420FDBEA1B92B22800FFF7B6FE03
:1069500004003D00D2E7631A9BB26A009B189BB209
:10696000EDE70C00CAE73D00C8E79B1A9BB29A42CC
:10697000FBD9029A00922A0003993000FFF766FFC4
:10698000B0882A002100FFF799FE3081F0680028C6
:1069900001D000F071FA280005B0F0BD0025F5E740
:1069A0001500F8E7F0B583B00400019116001D0052
:1069B00008AB1F7880231B029A422DD8C06800289C
:1069C00003D00121494200F077FA2069002803D062
:1069D0000121494200F070FA019B2360A6806D04FA
:1069E0006B0CE588ED0BED031D43E580FB01E279BF
:1069F0007F2717401F43E771002363812381E068ED
:106A0000002801D000F038FA2069002806D000F0F4
:106A100033FA012003B0F0BD0020FBE70120F9E7C5
:106A200010B5828801898BB2408984B2884207D828
:106A30001B1B9BB2101C9A4200D9181C80B210BDBF
:106A40001B1B9BB251005B189BB2F3E70389408983
:106A5000181A43425841C0B2704710B58488028961
:106A600093B2418988B2914206D81B1A9BB200208A
:106A7000A3424041C0B210BD1B1A9BB262009B18DA
:106A80009BB2F4E710B5828801898BB2408984B249
:106A9000884206D81B1B9BB29A4208D9D01A80B2F2
:106AA00010BD1B1B9BB251005B189BB2F4E700208A
:106AB000F6E770B504000D000069002803D001213D
:106AC000494200F0F9F9228992B263899BB2290008
:106AD0002000FFF700FE0500618989B2A0882A0026
:106AE000FFF7ECFD60812069002801D000F0C4F9B7
:106AF000280070BD10B50023FFF781FE10BDF8B56A
:106B000004000E00C068002803D00121494200F0B3
:106B1000D3F92589ADB22000FFF79FFF002802D0EE
:106B2000E779FF0916D0A2882B0001E09B1A9BB2DF
:106B30009A42FBD92068E2885204520C5343C01891
:106B40003100FBF739FFA08801222900FFF7B6FDCD
:106B500020810127E068002801D000F08DF938007D
:106B6000F8BD10B50023FFF7A5FE10BD10B5040059
:106B7000C068002803D00121494200F09DF9206936
:106B8000002803D00121494200F096F900236381D7
:106B90002381E068002801D000F06EF92069002808
:106BA00001D000F069F9012010BD70B504000D009E
:106BB000C068002803D00121494200F07DF9206916
:106BC000002803D00121494200F076F9ED01E37974
:106BD0007F2119402943E171E068002801D000F0CD
:106BE0004BF92069002801D000F046F9012070BD62
:106BF000074B98420AD0112301229A40054B1A6094
:106C0000054B1B6811009943FAD170471023F3E735
:106C100000C0034000F0004008C00040F8B5DE4668
:106C200057464E464546E0B581460E000620FAF727
:106C300043FD80464B465A6802231A40934604227D
:106C40004A449246214A4A441360022400E0023436
:106C5000FE2C1AD800252002320000230021FBF769
:106C6000EBFD002903D1A942F1D14045EFD980279E
:106C70007F00012F0CD97D1E210069434046FAF7A1
:106C80009FFFB04204D82F00F3E780277F00F0E792
:106C90004B461C617A1E12021B685A40FF231B02DE
:106CA0001A4080235B014B441A6080239B015344AC
:106CB0005A461A60390061434046FAF781FFF0BC3A
:106CC000BB46B246A946A046F8BDC0460430000007
:106CD00070B504000D00154B984224D011220123F9
:106CE0009340134A13602000FFF782FF2900200021
:106CF000FFF794FF626802231A400E4961180B6087
:106D0000256807214D40C831294080256D0165194E
:106D10002960094961180A60084A944664440322BC
:106D200022600B6070BD1022D9E7C04600C003404E
:106D300000E0004004300000042000002420000097
:106D400010B583070AD00300032102E001330B4290
:106D500005D01A78002AF9D1181A10BD0300196855
:106D60000C4A0D4C8A188A4322420FD15968094AAD
:106D700004338A188A43224208D15968054A0433E9
:106D80008A188A432242F1D000E001331A78002A9F
:106D9000FBD1E1E7FFFEFEFE8080808070B5074CEE
:106DA000074D641BA41005D0013CA300EB58984785
:106DB000002CF9D100F056F870BDC046906F00105D
:106DC000906F001010B5010000230022002000F099
:106DD00001F810BDF0B5C6461A4C00B52568002D67
:106DE0002AD06C681F2C2ADC002808D10020631CE4
:106DF0000234A4006B60615180BCB846F0BD8827A6
:106E0000A600AE19F2510137FF37BC460122AC444F
:106E10006746A2403F689046174362461760842742
:106E20007F00F3510228E1D1280042468D30FF3027
:106E3000036813430360D9E7034D2560D1E70120C0
:106E40004042D9E734100020A40E0020034B10B5B7
:106E5000002B02D00248FFF7B5FF10BD0000000074
:106E60009D6D0010F8B5C04601B40248844601BCCF
:106E7000604700BFF502002001B40248844601BC0F
:106E8000604700BF0902002001B40248844601BCEB
:106E9000604700BF790B002001B40248844601BC62
:106EA000604700BF790B002001B40248844601BC52
:106EB000604700BFC100002001B40248844601BC05
:106EC000604700BFCD01002001B40248844601BCE8
:106ED000604700BF3D0B002001B40248844601BC5E
:106EE000604700BF9901002001B40248844601BCFC
:106EF000604700BF8108002001B40248844601BCFD
:106F0000604700BF2908002001B40248844601BC44
:106F1000604700BF3508002001B40248844601BC28
:106F2000604700BF2D07002001B40248844601BC21
:106F3000604700BF5907002001B40248844601BCE5
:106F4000604700BFE1030020A1190010CD19001017
:106F5000611B00109D290010052200106D280010F3
:106F6000951A0010E9190010091A00101D1A0010D6
:106F7000E50C0010251A00101D1500108D190010C9
:106F8000F90700104D6E0010B5440010FD0200100E
:106F90003805001066050010700500107A05001015
:106FA000840500108E0500106D616E756661637456
:106FB00075726572203D3D204D414E55464143540A
:106FC000555245525F525049000000002F686F6DC6
:106FD000652F6A656E6E696665722F2E7069636FC4
:106FE0002D73646B2F73646B2F322E322E302F7300
:106FF00072632F7270323034302F7069636F5F703C
:107000006C6174666F726D2F706C6174666F726DF7
:107010002E63000070617274203D3D205041525437
:107020005F525032000000000A2A2A2A2050414EA6
:107030004943202A2A2A0A000A0000004E6F2073C2
:1070400070696E6C6F636B7320617265206176612D
:10705000696C61626C65000030783163203D3D20D1
:10706000282A696E7374293E3E3131750000000094
:107070002F686F6D652F6A656E6E696665722F2E5B
:107080007069636F2D73646B2F73646B2F322E32B4
:107090002E302F7372632F7270325F636F6D6D6F5E
:1070A0006E2F68617264776172655F6972712F69B2
:1070B00072712E630000000064656C7461203E3DB7
:1070C000202D323034382026262064656C746120EF
:1070D0003C3D203230343620262620212864656C41
:1070E000746120262031290063757272656E7420E8
:1070F0003D3D205F5F756E68616E646C65645F75B1
:107100007365725F697271207C7C20637572726531
:107110006E74203D3D2068616E646C6572000000F5
:107120006972715F68616E646C65725F63686169E2
:107130006E5F667265655F736C6F745F68656164CE
:10714000203E3D2030000000767461626C655F680F
:10715000616E646C6572203D3D205F5F756E686195
:107160006E646C65645F757365725F69727100004F
:10717000212828282875696E747074725F742972CA
:10718000656D6F76655F7468756D625F626974289E
:10719000767461626C655F68616E646C65722929E2
:1071A000202D20282875696E747074725F742969A7
:1071B00072715F68616E646C65725F636861696E4D
:1071C0005F736C6F7473292920252073697A656F4A
:1071D0006628737472756374206972715F68616E7A
:1071E000646C65725F636861696E5F736C6F74294C
:1071F0002900000069735F7368617265645F69727A
:10720000715F7261775F68616E646C657228736C20
:107210006F745F68616E646C657229006578636580
:107220007074696F6E000000666F756E6400000018
:107230004E6F2075736572204952517320617265DB
:1072400020617661696C61626C65000031203D3DB2
:10725000202875696E747074725F74296C2D3E738A
:1072600070696E5F6C6F636B000000002F686F6D5C
:10727000652F6A656E6E696665722F2E7069636F21
:107280002D73646B2F73646B2F322E322E302F735D
:1072900072632F636F6D6D6F6E2F7069636F5F73B5
:1072A000796E632F6D757465782E6300746F7461E9
:1072B0006C0000006D74782D3E636F72652E7370E4
:1072C000696E5F6C6F636B006C6F636B5F69735F9C
:1072D0006F776E65725F69645F76616C6964286D53
:1072E00074782D3E6F776E65722900006D74782D6D
:1072F0003E656E7465725F636F756E7400000000AA
:10730000706F6F6C2D3E74696D65725F616C617238
:107310006D5F6E756D203D3D2074696D65725F61B6
:107320006C61726D5F6E756D000000002F686F6D8F
:10733000652F6A656E6E696665722F2E7069636F60
:107340002D73646B2F73646B2F322E322E302F739C
:1073500072632F636F6D6D6F6E2F7069636F5F74F3
:10736000696D652F74696D652E63000064656661E3
:10737000756C745F616C61726D5F706F6F6C5F696B
:107380006E697469616C697A65642829000000007F
:10739000417474656D7074656420746F20736C65DE
:1073A000657020696E73696465206F6620616E2068
:1073B000657863657074696F6E2068616E646C6572
:1073C000723B2075736520627573795F77616974AC
:1073D00020696620796F75206D7573740000000058
:1073E000486172647761726520616C61726D2025FD
:1073F0006420616C726561647920636C61696D659C
:107400006400000076636F5F66726571203E3D2008
:107410005049434F5F504C4C5F56434F5F4D494E70
:107420005F465245515F485A2026262076636F5F9B
:1074300066726571203C3D205049434F5F504C4C73
:107440005F56434F5F4D41585F465245515F485A22
:10745000000000002F686F6D652F6A656E6E6966AB
:1074600065722F2E7069636F2D73646B2F73646B5D
:107470002F322E322E302F7372632F7270325F6371
:107480006F6D6D6F6E2F68617264776172655F708A
:107490006C6C2F706C6C2E63000000006662646977
:1074A00076203E3D203136202626206662646976AD
:1074B000203C3D203332300028706F73745F646964
:1074C0007631203E3D203120262620706F73745F78
:1074D00064697631203C3D203729202626202870FB
:1074E0006F73745F64697632203E3D20312026261A
:1074F00020706F73745F64697632203C3D203729B9
:10750000000000007265665F66726571203C3D2078
:107510002876636F5F66726571202F2031362900EF
:107520002A282875696E74385F74202A292828282B
:10753000766F6964202A29726F6D5F7461626C6571
:107540005F666C6F6174292D322929202A2034202E
:107550003E3D2053465F5441424C455F56325F5397
:10756000495A45002F686F6D652F6A656E6E6966B2
:1075700065722F2E7069636F2D73646B2F73646B4C
:107580002F322E322E302F7372632F7270325F6360
:107590006F6D6D6F6E2F7069636F5F646F75626C76
:1075A000652F646F75626C655F696E69745F726F79
:1075B0006D5F7270323034302E6300002A282875D7
:1075C000696E74385F74202A29726F6D5F7461620E
:1075D0006C652D3229202A2034203E3D2053465F01
:1075E0005441424C455F56325F53495A45000000B2
:1075F0002F686F6D652F6A656E6E696665722F2ED6
:107600007069636F2D73646B2F73646B2F322E322E
:107610002E302F7372632F7270325F636F6D6D6FD8
:107620006E2F7069636F5F666C6F61742F666C6F2D
:1076300061745F696E69745F726F6D5F7270323012
:1076400034302E630000000044656275670000005E
:10765000626F6F74325F77323571303830000000FE
:10766000302E3100322E322E300000007069636FF0
:10767000000000005069636F5F4150413130325F5C
:107680004578616D706C6500417072203131203237
:1076900030323600666E692B00000000666E6900AD
:1076A0006E616E00666E692D000000002C2066750C
:1076B0006E6374696F6E3A20000000006173736539
:1076C0007274696F6E2022257322206661696C6571
:1076D000643A2066696C6520222573222C206C692F
:1076E0006E65202564257325730A000066616C733E
:1076F000650000002F686F6D652F6A656E6E6966A4
:1077000065722F2E7069636F2D73646B2F73646BBA
:107710002F322E322E302F7372632F7270325F63CE
:107720006F6D6D6F6E2F7069636F5F737464696FD7
:107730005F7573622F737464696F5F7573622E6314
:107740000000000055534220737464696E202F209E
:107750007374646F75740000526173706265727245
:1077600079205069000000005069636F000000003C
:10777000426F6172642043444300000052657365A8
:10778000740000006C656E203E2030002F686F6D25
:10779000652F6A656E6E696665722F2E7069636FFC
:1077A0002D73646B2F73646B2F322E322E302F7338
:1077B00072632F7270325F636F6D6D6F6E2F7069C1
:1077C000636F5F756E697175655F69642F756E694A
:1077D0007175655F69642E6300000000636F6E6EF3
:1077E0006563745F696E7465726E616C5F666C610F
:1077F00073685F66756E6320262620666C61736809
:107800005F657869745F7869705F66756E6320265E
:107810002620666C6173685F666C7573685F636170
:107820006368655F66756E6320262620666C6173EB
:10783000685F656E7465725F636D645F7869705FC1
:1078400066756E63000000002F686F6D652F6A65B6
:107850006E6E696665722F2E7069636F2D73646B2F
:107860002F73646B2F322E322E302F7372632F7270
:1078700070325F636F6D6D6F6E2F686172647761D8
:1078800072655F666C6173682F666C6173682E63E6
:1078900000000000666C6173685F6F666673202B82
:1078A00020636F756E74203C3D205049434F5F4606
:1078B0004C4153485F53495A455F42595445530020
:1078C000636F6E6E6563745F696E7465726E616C12
:1078D0005F666C6173685F66756E6320262620663E
:1078E0006C6173685F657869745F7869705F6675ED
:1078F0006E6320262620666C6173685F72616E6716
:10790000655F65726173655F66756E63202626200C
:10791000666C6173685F666C7573685F63616368EA
:10792000655F66756E630000636F6E6E6563745F9E
:10793000696E7465726E616C5F666C6173685F66B8
:10794000756E6320262620666C6173685F657869B2
:10795000745F7869705F66756E6320262620666C9A
:107960006173685F72616E67655F70726F67726185
:107970006D5F66756E6320262620666C6173685F96
:10798000666C7573685F63616368655F66756E6377
:1079900000000000636F6E6E6563745F696E7465EE
:1079A000726E616C5F666C6173685F66756E632092
:1079B000262620666C6173685F657869745F7869F4
:1079C000705F66756E6320262620666C6173685F43
:1079D000666C7573685F63616368655F66756E6327
:1079E000000000006E6578745F6275666665725FA0
:1079F000707472203C207573625F647072616D2DCB
:107A00003E6570785F64617461202B2073697A65CC
:107A10006F66287573625F647072616D2D3E65706C
:107A2000785F6461746129002F686F6D652F6A65E6
:107A30006E6E696665722F2E7069636F2D73646B4D
:107A40002F73646B2F322E322E302F6C69622F749D
:107A5000696E797573622F7372632F706F727461C0
:107A6000626C652F72617370626572727970692FD2
:107A70007270323034302F6463645F72703230342D
:107A8000302E6300556E68616E646C6564204952E7
:107A90005120307825780A007268706F7274203D2A
:107AA0003D20300021286275665F6374726C202669
:107AB000205553425F4255465F4354524C5F4655F2
:107AC0004C4C29002F686F6D652F6A656E6E696674
:107AD00065722F2E7069636F2D73646B2F73646BE7
:107AE0002F322E322E302F6C69622F74696E7975A9
:107AF00073622F7372632F706F727461626C652F83
:107B000072617370626572727970692F727032304F
:107B100034302F7270323034305F7573622E6300F0
:107B20006275665F6374726C2026205553425F4213
:107B300055465F4354524C5F46554C4C0000000084
:107B4000657020253032582077617320616C726532
:107B500061647920617661696C61626C6500000026
:107B600043616E277420636F6E74696E756520784B
:107B7000666572206F6E20696E6163746976652038
:107B800065702025303258005741524E3A207374A8
:107B9000617274696E67206E6577207472616E73AE
:107BA000666572206F6E20616C7265616479206118
:107BB000637469766520657020253032580D0A009F
:107BC00025732025643A20415353455254204641A1
:107BD000494C45440D0A00007270323034305F6306
:107BE0006869705F76657273696F6E006972715F44
:107BF0006164645F7461696C5F746F5F6672656510
:107C00005F6C6973740000006D616B655F6A5F3162
:107C1000360000007265736F6C76655F6A5F31369F
:107C2000000000006972715F6164645F7368617273
:107C300065645F68616E646C657200006972715F93
:107C40007365745F6578636C75736976655F686189
:107C50006E646C65720000006D757465785F6578A0
:107C6000697400006D757465785F656E7465725F28
:107C7000626C6F636B5F756E74696C0072756E74A5
:107C8000696D655F696E69745F6D75746578000014
:107C9000616C61726D5F706F6F6C5F6765745F645C
:107CA000656661756C740000616C61726D5F706F08
:107CB0006F6C5F6972715F68616E646C6572000001
:107CC000706C6C5F696E6974000000005F5F6165D5
:107CD0006162695F646F75626C655F696E6974008B
:107CE0005F5F61656162695F666C6F61745F696E39
:107CF0006974000006005250D3F0754248760010B7
:107D000006005250E182887F5076001006005250E3
:107D10003ABCA9116076001006005250ABB3605314
:107D20006476001006005250BBFF3CB66C76001023
:107D300006005250861C0302747600100600525052
:107D40005422A29D8876001005005250DE65F4682A
:107D5000549000105A350010723500107235001022
:107D60006635001072350010723500107235001043
:107D70007235001072350010723500107235001027
:107D80004E3500107235001042350010723500106B
:107D90007235001036350010523600108236001051
:107DA000A4360010823600102C36001082360010E7
:107DB00082360010823600108236001082360010A3
:107DC00082360010823600107436001082360010A1
:107DD0008236001082360010823600108236001083
:107DE000B4360010383B00104E3B00104E3B0010E4
:107DF0004E3B00104E3B00104E3B00104E3B00101F
:107E00004E3B00104E3B00104E3B00104E3B00100E
:107E10004E3B00104E3B00104E3B00104E3B0010FE
:107E20004E3B00104E3B00104E3B00104E3B0010EE
:107E30004E3B00104E3B00104E3B00104E3B0010DE
:107E40004E3B00104E3B00104E3B00104E3B0010CE
:107E50004E3B00104E3B00104E3B00104E3B0010BE
:107E60004E3B0010663900102239001066390010B0
:107E70004E3B00104E3B00104E3B00104E3B00109E
:107E80004E3B00104E3B00104E3B00104E3B00108E
:107E90004E3B00104E3B00104E3B00104E3B00107E
:107EA0004E3B00104E3B00104E3B00104E3B00106E
:107EB000023700104E3B00104E3B00104E3B0010AE
:107EC0004E3B00104E3B00104E3B00104E3B00104E
:107ED0004E3B00104E3B001002370010BE39001020
:107EE0000237001066390010223900106639001080
:107EF000000000000000F03F0000000000002440EF
:107F000000000000000059400000000000408F40C9
:107F1000000000000088C34000000000006AF84034
:107F20000000000080842E4100000000D012634158
:107F30000000000084D797410000000065CDCD41CE
:107F40000D0A000000000000B93E00100000000013
:107F5000BD3E0010C93E0010013F0010FD3E001064
:107F6000000000000A00000000000306A600080050
:107F7000020002009C001400030057494E55534272
:107F8000000000000000000000008000040001006C
:107F90002800440065007600690063006500490020
:107FA0006E00740065007200660061006300650089
:107FB000470055004900440000004E007B0062006D
:107FC00063003700330039003800630031002D00B2
:107FD00037003300630064002D003400630062004A
:107FE00037002D0039003800620038002D003900BC
:107FF0003100330061003800660063006100370023
:108000006200660036007D0000000000050F2100C0
:10801000011C100500DF60DDD88945C74C9CD26586
:108020009D9E648A9F00000306A6000100000000D8
:108030000600525053B4F4A144770010737464697D
:108040006F5F7573625F696E697400000000000005
:108050005877001068770010F01D0020707700102E
:108060007C77001009025400030100807D080B009A
:1080700002020200000904000001020200040524BB
:108080000020010524010001042402060524060045
:10809000010705810308001009040100020A00001D
:1080A00000070502024000000705820240000009A7
:1080B00004020000FF00010512011002EF0201405E
:1080C0008A2E0A0000010102030100007069636F3B
:1080D0005F6765745F756E697175655F626F617208
:1080E000645F69645F737472696E6700666C617364
:1080F000685F646F5F636D64000000006463645FC9
:10810000656470745F786665720000006463645F24
:108110007365745F61646472657373006463645F44
:10812000696E745F656E61626C65000068775F659B
:108130006E64706F696E745F616C6C6F63000000D9
:108140006463645F696E69740000000073796E6334
:108150005F65705F6275666665720000964C001020
:10816000F64B0010324C0010664C0010964C00107C
:10817000964C0010824C0010324C0010964C0010AF
:10818000964C0010964C0010964C0010964C001027
:10819000964C0010964C0010184C001070090020EE
:1081A0007009002052090020120A0020B4090020A2
:1081B000C8090020FC0A0020F0510010CA5100102C
:1081C00082530010A451001082530010F45000108C
:1081D00098510010825300101051001028510010C7
:1081E000E2530010D4530010265400105A550010CA
:1081F000245500103C55001034540010A4540010B5
:108200004C550010757362645F656470745F7866C6
:1082100065720000757362645F656470745F6F708F
:10822000656E0000757362645F6F70656E5F656494
:1082300070745F706169720071756575655F6576F0
:10824000656E740070726F636573735F6765745FEA
:1082500064657363726970746F72000070726F632B
:108260006573735F7365745F636F6E666967000043
:1082700070726F636573735F636F6E74726F6C5F40
:108280007265717565737400636F6E666967757288
:108290006174696F6E5F7265736574007475645F95
:1082A0007461736B5F657874000000007475645FBF
:1082B0007268706F72745F696E697400000000000C
:1082C000195A0010C55A00100D5B00107D5B00109C
:1082D000695C0010A55D00100000000000000000B7
:1082E000495F0010E55F0010196000106960001020
:1082F000693F0010B56100100000000075736264F2
:108300005F636F6E74726F6C5F786665725F6362D5
:10831000000000007475645F636F6E74726F6C5F51
:108320007866657200000000636463645F78666568
:10833000725F636200000000636463645F6F706576
:108340006E0000007475645F6364635F6E5F7772D4
:108350006974655F666C75736800000076656E64AD
:108360006F72645F6F70656E0000000074755F650A
:108370006470745F73747265616D5F726561645F70
:10838000786665720000000074755F656470745FE4
:1083900073747265616D5F77726974655F78666525
:1083A0007200000074755F656470745F7374726549
:1083B000616D5F77726974655F7A6C705F69665F23
:1083C0006E6565646564000074755F656470745FF4
:1083D00076616C6964617465000000007475736295
:1083E0005F7268706F72745F696E6974000000007C
:1083F000F47C0010007D00100C7D0010187D001032
:10840000247D0010307D00103C7D0010487D001060
:0484100030800010A8
:1084140010B503000468EFF3108272B620680028D8
:10842400FCD0BFF35F8F0420185600280BDB002913
:1084340010D0086000201B68BFF35F8F0021196013
:1084440082F3108810BDD0210906097849B2197148
:108454000120F0E70020EEE7F0B5D6464F46464649
:10846400C0B50500904699460368002B20D0D02360
:108474001B061B785BB29A462F68EFF3108472B622
:108484003E68002EFCD0BFF35F8F0423EB56002B15
:1084940014DB2B68BFF35F8F00221A6084F310880B
:1084A4004046494600F01CFD0028E5D000200FE0BE
:1084B4000A4B0B4A0B48A62100F04AFD53462B7188
:1084C4002B68BFF35F8F00221A6084F310880120A9
:1084D400E0BCBA46B146A846F0BDC046B47200102E
:1084E400647C00106C72001070B582B00600150038
:1084F4001C0001A9FFF78CFF002807D1019B5BB288
:10850400D0221206127852B2934201D102B070BD49
:108514002A0023003000FFF79FFFF7E7F8B50600B5
:108524000F0000F0D5FC04000D00FA229200002395
:108534003800002100F0F4FC22002B0012184B41FB
:10854400002B03DB3000FFF787FFF8BD0122524206
:10855400004BF7E7FFFFFF7F10B50168EFF31083CF
:1085640072B60A68002AFCD0BFF35F8F04228256D9
:10857400002A0ADBFF2202710268BFF35F8F002129
:10858400116083F3108840BF10BD034B034A0448B5
:10859400D52100F0DDFCC046C8720010587C0010E4
:1085A4006C720010094B1B78002B08D00CE09A0069
:1085B40080214905511808680549505001333F2B63
:1085C400F5DD024B01221A707047C046041E0020DC
:1085D400D015002010B5014B984710BDD1150020CF
:1085E400002305E09A0004495118496811500133E9
:1085F400052BF7D97047C0460000024010B5002291
:1086040006E093001958044CA446634459600132AF
:10861400052AF6D910BDC0460000024000280AD041
:1086240003231B02054A12685340C02292001340E0
:10863400034A136070470223F3E7C0460C800140ED
:108644000C900140F0B5D6464F464646C0B586B0BC
:1086540007000E00150018239A461B881422904622
:1086640010882D499847814653461B8842461088F6
:108674002A499847040053461B88424610882849D3
:10868400984780464B46002B0FD0002C0DD0002875
:108694000BD0FFF787FF6846FFF7A2FFC847A04744
:1086A4000020FFF7BBFF2A0010E01E4B1E4A8A2160
:1086B4001E48490000F04CFC002B07D0002A05D0CE
:1086C400C0235B051B6E3370013A01362B00134344
:1086D40012D0C0235B059C6A08232340A407EBD572
:1086E400002DE9D0511B0D29E6D83878C021490561
:1086F4000866013D0137DFE70120FFF78FFFC04720
:10870400FFF768FF6846FFF779FF06B0E0BCBA469A
:10871400B146A846F0BDC046494600004558000091
:108724004643000094790010EC8000104878001053
:1087340010B5002308E00133DA0000210848115085
:10874400844662445160DBB20E2BF4D90548F02212
:108754009200002100F0F4FB034B044A1A6010BDA0
:10876400000010507C170020B81B0020800110501E
:10877400F0B5CE46474680B585B0214B9F6D0024A9
:10878400012603E0B74376000134E4B2002F31D070
:108794001F2C2FD83E42F6D01A4B9E65630899468B
:1087A4000123234001225340DBB298464B465D002F
:1087B40045446D01144BED18280000F047FA0028D9
:1087C400E0D0114A4B465B0043445B01D3189978CF
:1087D400DA8A01A8002398460370073343700171B5
:1087E400826043464371012100F050FA280000F0F2
:1087F400C3F9C7E705B0C0BCB946B046F0BDC04632
:1088040000001150003011503C170020F0B5CE4646
:10881400474680B585B0754A9823D55880239B0276
:108824002F001F401D4245D0714B9A6A714B1A604C
:108834000024002109E0704B5B183C3300221A70BD
:1088440000F0C6F931000134E4B20F2C18D8A601A7
:1088540030002030684BC0189B193B331B78022B27
:10886400F1D1654B9B193A331E78002EEBD0624B45
:10887400A1015B183C331B78002BDCD13100E2E70B
:10888400002908D15D4B1B78002B04D15C4A90333E
:1088940080218902D150554B9B6C5B055B0D01A86F
:1088A40000220270033242704360012100F0EEF9AD
:1088B4008027BF02EB0606D4EB0351D580235B026D
:1088C4001F43002419E010231F43FFF751FFF3E770
:1088D400022399461EE04B4B4A461A66434B5B6E95
:1088E4004A4613409945F9D118E0434B4246520198
:1088F4009B180122DA700134E4B2012C20D8A0467E
:1089040066013D4BF618B37E002BEED0002CDFD071
:108914000123994600F024FB0128DCD8C0229201EF
:108924000021300000F02EF9300000F025F900F0AD
:1089340017FB0128D9D9324B4A465A661A66D4E73E
:1089440001A800230370063343702F4A02AB12CAF6
:1089540012C3012100F09AF9294B802292021A6570
:10896400EB040AD46B041DD42B042AD4AF4238D1AF
:1089740005B0C0BCB946B046F0BD80235B011F43BF
:1089840000241A4B1C60FFF7D3FE01A804700123D6
:1089940043700471012100F079F9194B802212030C
:1089A4001A65DFE78023DB011F4301A8002303705E
:1089B40004334370012100F069F9114B10221A6548
:1089C400D2E780231B021F4301A800230370053351
:1089D4004370012100F05AF9094B802212011A65F3
:1089E400C4E739006940094800F092FA00001150C8
:1089F40000400540341700203C170020021E0020D0
:108A0400003011500020115000001050847A0010E2
:108A1400F8B504000F00838A028B1E1C934200D910
:108A2400161CB6B29B1BA3828022D2003243E37889
:108A3400002B13D08025AD01154301225340E37070
:108A44006378002B0CD0A38A002B02D18023DB0196
:108A54001D43002F00D02D042800F8BD0025EBE7AE
:108A6400E068BB01C0182169320000F081FA236973
:108A74009B19236180231B021D43E4E7094B1B6CF4
:108A84009B070CD48378DB09012B01D0002007E07D
:108A9400C37E022B01D0002002E0012000E0002070
:108AA4007047C0460000115010B5FFF7E7FF0028DB
:108AB40009D0064B9B6A064A12689B1A054A9446DB
:108AC4006344C62B00D810BD0020FCE700400540DD
:108AD40034170020E0FCFFFF70B5040083681B68B6
:108AE400002900D01B0C9D05AD0D6278002A11D120
:108AF4001B0409D4E38A5B19E382238BAB4201D9BB
:108B04000023A382280070BD0D4B0E4A0E48E821B5
:108B140000F01EFA1B040DD52069E3688901591879
:108B24002A0000F025FAE38A5B19E38223695B19C2
:108B34002361E2E7054B034A0348EE2100F008FAFB
:108B4400A47A00104C810010C47A0010207B00101D
:108B540010B5040083681B680021FFF7BDFF63683C
:108B64001B685B0002D5238B834200D010BD01211A
:108B74002000FFF7B1FFF9E7002383768382C382E5
:108B84000361704710B5002902D083681B6819403F
:108B9400002A10D0114352050DD5826813685B0575
:108BA4000CD4084B0B401360074B1B6C9B0702D47F
:108BB4000C23033BFDD28368196010BD8178034800
:108BC40000F0A6F9FFFBFFFF00001150407B0010EE
:108BD40070B5040043681E680021FFF719FF802563
:108BE4006D010543164B1B6C9B0715D5A3785B06DB
:108BF40017D10023A28A002A01D0002B15D0114BD3
:108C04001E4080239B053343626813602A000021C1
:108C14002000FFF7B7FF70BDA378DB0903D1013350
:108C2400E8E70123E6E70023E4E701212000FFF75A
:108C3400EFFE0543044A3240A023DB051343E3E778
:108C440000001150FFFFFFAFFFFFFFDF70B504000E
:108C5400857E002D06D0FFF77BFFA38A002B05D16C
:108C6400280070BD8178084800F052F92000FFF711
:108C74001BFF051E03D0012323770025F0E7200006
:108C8400FFF7A6FFECE7C046607B001070B584B028
:108C940006000D004378062B12D89B00724AD35865
:108CA4009F46724B1A7801218A431A701A7801314F
:108CB4008A431A7000225A701A7802318A431A7051
:108CC4006B4B1C686269EFF3108172B61368002B5A
:108CD400FCD0BFF35F8FA1613100200000F008F9E0
:108CE4006269A369BFF35F8F0021116083F3108869
:108CF400002800D1B0E0307871782A0000F018F92B
:108D040004B070BD594B1B78DB07F9D5574A13786B
:108D140004210B431370D3E7544B1B78DB07EFD5C7
:108D2400524A137804218B431370C9E79B1A5B01E1
:108D3400504A9B18DB69002B02D030787168984741
:108D44000134E4B24C4B1A782300511CA1420ADBD3
:108D5400A242EBD9494B1B6862019B18002BE9D155
:108D6400EEE70024EEE7414B1B785B072ED53F4A24
:108D7400137804218B43137001AC0C2200212000D2
:108D840000F0DEF83378237005236370384B1C68D9
:108D94006269EFF3108172B61368002BFCD0BFF345
:108DA4005F8FA16101A9200000F0A2F86269A369A4
:108DB400BFF35F8F0021116083F31088002837D040
:108DC40001AB187859782A0000F0B2F8274BDB7809
:108DD400DB0700D494E701AC0C220021200000F052
:108DE400AFF8337823700323637073680293204BC6
:108DF4001C686269EFF3108172B61368002BFCD013
:108E0400BFF35F8FA16101A9200000F071F86269CE
:108E1400A369BFF35F8F0021116083F310880028DA
:108E24000DD001AB187859782A0000F081F867E773
:108E3400662213491348FF3200F062F8C6E766223F
:108E44000F491048FF3200F05BF859E70E4A1378D7
:108E54000133DBB2137033E7662209490948FF3254
:108E640000F04EF84CE7C0469C810010E811002049
:108E740040120020BC820010011E00203810002087
:108E840038820010C07B0010031E002010B50400BF
:108E94001000002205E0E3689B07FCD58B5CA3600F
:108EA40001328242F7D300E0A368E3685B07FBD496
:108EB400E368DB06FCD400E0A368E3685B07FBD44B
:108EC4000123236210BD00007047C046000000006B
:108ED40001B40248844601BC604700BF95150010E8
:108EE40001B40248844601BC604700BFF913001076
:108EF40001B40248844601BC604700BFFF6A001009
:108F040001B40248844601BC604700BFA13E001082
:108F140001B40248844601BC604700BF89060010C2
:108F240001B40248844601BC604700BF39280010E0
:108F340001B40248844601BC604700BFD54B001011
:108F440001B40248844601BC604700BFAD2900104B
:108F540001B40248844601BC604700BFC13B001015
:108F640001B40248844601BC604700BF35060010C6
:108F740001B40248844601BC604700BFC1480010E8
:108F84001E001000000000000000010000000000AE
:108F940000000000000002000000000000000000CB
:108FA4000000030000000000000000000000FF00BB
:108FB4000000000001B5486801318E460047704644
:108FC40009380149884701BD7D0B001000000000ED
:108FD400000000000000000000000000000000008D
:108FE400000D002000000000000000000000000050
:108FF400503300004C33000054330000523300005F
:109004004D5300004D43000053340000433400002E
:1090140051430010ED3F0010B9420010D93F001039
:1090240000000000000100004412002010000C00A9
:10903400000000000000000000000000000000002C
:1090440000000000FF00000000000000000000001D
:04000005100001E9FD
:00000001FF
