
/home/jennifer/repos/APA102_LED_Driver/build/Pico_APA102_Example.elf:     file format elf32-littlearm

Sections:
Idx Name          Size      VMA       LMA       File off  Algn
  0 .boot2        00000100  10000000  10000000  00001000  2**0
                  CONTENTS, ALLOC, LOAD, READONLY, CODE
  1 .text         00006e90  10000100  10000100  00001100  2**3
                  CONTENTS, ALLOC, LOAD, READONLY, CODE
  2 .rodata       00001460  10006f90  10006f90  00007f90  2**3
                  CONTENTS, ALLOC, LOAD, READONLY, DATA
  3 .binary_info  00000024  100083f0  100083f0  000093f0  2**2
                  CONTENTS, ALLOC, LOAD, READONLY, DATA
  4 .ram_vector_table 000000c0  20000000  20000000  0000b000  2**2
                  ALLOC
  5 .uninitialized_data 00000000  200000c0  200000c0  0000ad00  2**0
                  CONTENTS
  6 .data         00000c40  200000c0  10008414  0000a0c0  2**4
                  CONTENTS, ALLOC, LOAD, READONLY, CODE
  7 .tdata        00000000  20000d00  20000d00  0000ad00  2**0
                  CONTENTS, ALLOC, LOAD, DATA, THREAD_LOCAL
  8 .tbss         00000000  20000d00  20000d00  00000000  2**0
                  ALLOC, THREAD_LOCAL
  9 .bss          0000110c  20000d00  10009054  0000ad00  2**3
                  ALLOC
 10 .heap         00000800  20001e0c  10009054  0000ae0c  2**2
                  ALLOC, READONLY
 11 .scratch_x    00000000  20040000  20040000  0000ad00  2**0
                  CONTENTS
 12 .scratch_y    00000000  20041000  20041000  0000ad00  2**0
                  CONTENTS
 13 .stack_dummy  00000800  20041000  20041000  0000b000  2**5
                  ALLOC, READONLY
 14 .ARM.attributes 00000028  00000000  00000000  0000ad00  2**0
                  CONTENTS, READONLY
 15 .comment      0000004c  00000000  00000000  0000ad28  2**0
                  CONTENTS, READONLY
 16 .debug_info   0002c020  00000000  00000000  0000ad74  2**0
                  CONTENTS, READONLY, DEBUGGING, OCTETS
 17 .debug_abbrev 00008c8c  00000000  00000000  00036d94  2**0
                  CONTENTS, READONLY, DEBUGGING, OCTETS
 18 .debug_loclists 00012ebd  00000000  00000000  0003fa20  2**0
                  CONTENTS, READONLY, DEBUGGING, OCTETS
 19 .debug_aranges 000019d8  00000000  00000000  000528e0  2**3
                  CONTENTS, READONLY, DEBUGGING, OCTETS
 20 .debug_rnglists 00001bb4  00000000  00000000  000542b8  2**0
                  CONTENTS, READONLY, DEBUGGING, OCTETS
 21 .debug_line   0001b1de  00000000  00000000  00055e6c  2**0
                  CONTENTS, READONLY, DEBUGGING, OCTETS
 22 .debug_str    00008f05  00000000  00000000  0007104a  2**0
                  CONTENTS, READONLY, DEBUGGING, OCTETS
 23 .debug_frame  000036a8  00000000  00000000  00079f50  2**2
                  CONTENTS, READONLY, DEBUGGING, OCTETS
 24 .debug_line_str 00000325  00000000  00000000  0007d5f8  2**0
                  CONTENTS, READONLY, DEBUGGING, OCTETS

/home/jennifer/repos/APA102_LED_Driver/build/Pico_APA102_Example.elf:     file format elf32-littlearm


Disassembly of section .boot2:

10000000 <__boot2_start__>:
10000000:	4b32b500 	.word	0x4b32b500
10000004:	60582021 	.word	0x60582021
10000008:	21026898 	.word	0x21026898
1000000c:	60984388 	.word	0x60984388
10000010:	611860d8 	.word	0x611860d8
10000014:	4b2e6158 	.word	0x4b2e6158
10000018:	60992100 	.word	0x60992100
1000001c:	61592102 	.word	0x61592102
10000020:	22f02101 	.word	0x22f02101
10000024:	492b5099 	.word	0x492b5099
10000028:	21016019 	.word	0x21016019
1000002c:	20356099 	.word	0x20356099
10000030:	f844f000 	.word	0xf844f000
10000034:	42902202 	.word	0x42902202
10000038:	2106d014 	.word	0x2106d014
1000003c:	f0006619 	.word	0xf0006619
10000040:	6e19f834 	.word	0x6e19f834
10000044:	66192101 	.word	0x66192101
10000048:	66182000 	.word	0x66182000
1000004c:	f000661a 	.word	0xf000661a
10000050:	6e19f82c 	.word	0x6e19f82c
10000054:	6e196e19 	.word	0x6e196e19
10000058:	f0002005 	.word	0xf0002005
1000005c:	2101f82f 	.word	0x2101f82f
10000060:	d1f94208 	.word	0xd1f94208
10000064:	60992100 	.word	0x60992100
10000068:	6019491b 	.word	0x6019491b
1000006c:	60592100 	.word	0x60592100
10000070:	481b491a 	.word	0x481b491a
10000074:	21016001 	.word	0x21016001
10000078:	21eb6099 	.word	0x21eb6099
1000007c:	21a06619 	.word	0x21a06619
10000080:	f0006619 	.word	0xf0006619
10000084:	2100f812 	.word	0x2100f812
10000088:	49166099 	.word	0x49166099
1000008c:	60014814 	.word	0x60014814
10000090:	60992101 	.word	0x60992101
10000094:	2800bc01 	.word	0x2800bc01
10000098:	4700d000 	.word	0x4700d000
1000009c:	49134812 	.word	0x49134812
100000a0:	c8036008 	.word	0xc8036008
100000a4:	8808f380 	.word	0x8808f380
100000a8:	b5034708 	.word	0xb5034708
100000ac:	20046a99 	.word	0x20046a99
100000b0:	d0fb4201 	.word	0xd0fb4201
100000b4:	42012001 	.word	0x42012001
100000b8:	bd03d1f8 	.word	0xbd03d1f8
100000bc:	6618b502 	.word	0x6618b502
100000c0:	f7ff6618 	.word	0xf7ff6618
100000c4:	6e18fff2 	.word	0x6e18fff2
100000c8:	bd026e18 	.word	0xbd026e18
100000cc:	40020000 	.word	0x40020000
100000d0:	18000000 	.word	0x18000000
100000d4:	00070000 	.word	0x00070000
100000d8:	005f0300 	.word	0x005f0300
100000dc:	00002221 	.word	0x00002221
100000e0:	180000f4 	.word	0x180000f4
100000e4:	a0002022 	.word	0xa0002022
100000e8:	10000100 	.word	0x10000100
100000ec:	e000ed08 	.word	0xe000ed08
	...
100000fc:	7a4eb274 	.word	0x7a4eb274

Disassembly of section .text:

10000100 <__VECTOR_TABLE>:
10000100:	20042000 	.word	0x20042000
10000104:	100001f7 	.word	0x100001f7
10000108:	100001cb 	.word	0x100001cb
1000010c:	100001cd 	.word	0x100001cd
10000110:	100001c9 	.word	0x100001c9
10000114:	100001c9 	.word	0x100001c9
10000118:	100001c9 	.word	0x100001c9
1000011c:	100001c9 	.word	0x100001c9
10000120:	100001c9 	.word	0x100001c9
10000124:	100001c9 	.word	0x100001c9
10000128:	100001c9 	.word	0x100001c9
1000012c:	100001cf 	.word	0x100001cf
10000130:	100001c9 	.word	0x100001c9
10000134:	100001c9 	.word	0x100001c9
10000138:	100001d1 	.word	0x100001d1
1000013c:	100001d3 	.word	0x100001d3
10000140:	100001c1 	.word	0x100001c1
10000144:	100001c1 	.word	0x100001c1
10000148:	100001c1 	.word	0x100001c1
1000014c:	100001c1 	.word	0x100001c1
10000150:	100001c1 	.word	0x100001c1
10000154:	100001c1 	.word	0x100001c1
10000158:	100001c1 	.word	0x100001c1
1000015c:	100001c1 	.word	0x100001c1
10000160:	100001c1 	.word	0x100001c1
10000164:	100001c1 	.word	0x100001c1
10000168:	100001c1 	.word	0x100001c1
1000016c:	100001c1 	.word	0x100001c1
10000170:	100001c1 	.word	0x100001c1
10000174:	100001c1 	.word	0x100001c1
10000178:	100001c1 	.word	0x100001c1
1000017c:	100001c1 	.word	0x100001c1
10000180:	100001c1 	.word	0x100001c1
10000184:	100001c1 	.word	0x100001c1
10000188:	100001c1 	.word	0x100001c1
1000018c:	100001c1 	.word	0x100001c1
10000190:	100001c1 	.word	0x100001c1
10000194:	100001c1 	.word	0x100001c1
10000198:	100001c1 	.word	0x100001c1
1000019c:	100001c1 	.word	0x100001c1
100001a0:	100001c1 	.word	0x100001c1
100001a4:	100001c1 	.word	0x100001c1
100001a8:	100001c1 	.word	0x100001c1
100001ac:	100001c1 	.word	0x100001c1
100001b0:	100001c1 	.word	0x100001c1
100001b4:	100001c1 	.word	0x100001c1
100001b8:	100001c1 	.word	0x100001c1
100001bc:	100001c1 	.word	0x100001c1

100001c0 <__unhandled_user_irq>:
100001c0:	f3ef 8005 	mrs	r0, IPSR
100001c4:	3810      	subs	r0, #16

100001c6 <unhandled_user_irq_num_in_r0>:
100001c6:	be00      	bkpt	0x0000

100001c8 <isr_invalid>:
100001c8:	be00      	bkpt	0x0000

100001ca <isr_nmi>:
100001ca:	be00      	bkpt	0x0000

100001cc <isr_hardfault>:
100001cc:	be00      	bkpt	0x0000

100001ce <isr_svcall>:
100001ce:	be00      	bkpt	0x0000

100001d0 <isr_pendsv>:
100001d0:	be00      	bkpt	0x0000

100001d2 <isr_systick>:
100001d2:	be00      	bkpt	0x0000

100001d4 <__default_isrs_end>:
100001d4:	7188ebf2 	.word	0x7188ebf2
100001d8:	100083f0 	.word	0x100083f0
100001dc:	10008414 	.word	0x10008414
100001e0:	10000238 	.word	0x10000238
100001e4:	e71aa390 	.word	0xe71aa390

100001e8 <_entry_point>:
100001e8:	481e      	ldr	r0, [pc, #120]	@ (10000264 <data_cpy_table+0x2c>)

100001ea <_enter_vtable_in_r0>:
100001ea:	491f      	ldr	r1, [pc, #124]	@ (10000268 <data_cpy_table+0x30>)
100001ec:	6008      	str	r0, [r1, #0]
100001ee:	c806      	ldmia	r0!, {r1, r2}
100001f0:	f381 8808 	msr	MSP, r1
100001f4:	4710      	bx	r2

100001f6 <_reset_handler>:
100001f6:	481d      	ldr	r0, [pc, #116]	@ (1000026c <data_cpy_table+0x34>)
100001f8:	6800      	ldr	r0, [r0, #0]
100001fa:	2800      	cmp	r0, #0
100001fc:	d001      	beq.n	10000202 <hold_non_core0_in_bootrom+0x4>

100001fe <hold_non_core0_in_bootrom>:
100001fe:	4819      	ldr	r0, [pc, #100]	@ (10000264 <data_cpy_table+0x2c>)
10000200:	e7f3      	b.n	100001ea <_enter_vtable_in_r0>
10000202:	a40d      	add	r4, pc, #52	@ (adr r4, 10000238 <data_cpy_table>)
10000204:	cc0e      	ldmia	r4!, {r1, r2, r3}
10000206:	2900      	cmp	r1, #0
10000208:	d002      	beq.n	10000210 <hold_non_core0_in_bootrom+0x12>
1000020a:	f000 f812 	bl	10000232 <data_cpy>
1000020e:	e7f9      	b.n	10000204 <hold_non_core0_in_bootrom+0x6>
10000210:	4917      	ldr	r1, [pc, #92]	@ (10000270 <data_cpy_table+0x38>)
10000212:	4a18      	ldr	r2, [pc, #96]	@ (10000274 <data_cpy_table+0x3c>)
10000214:	2000      	movs	r0, #0
10000216:	e000      	b.n	1000021a <bss_fill_test>

10000218 <bss_fill_loop>:
10000218:	c101      	stmia	r1!, {r0}

1000021a <bss_fill_test>:
1000021a:	4291      	cmp	r1, r2
1000021c:	d1fc      	bne.n	10000218 <bss_fill_loop>

1000021e <platform_entry>:
1000021e:	4916      	ldr	r1, [pc, #88]	@ (10000278 <data_cpy_table+0x40>)
10000220:	4788      	blx	r1
10000222:	4916      	ldr	r1, [pc, #88]	@ (1000027c <data_cpy_table+0x44>)
10000224:	4788      	blx	r1
10000226:	4916      	ldr	r1, [pc, #88]	@ (10000280 <data_cpy_table+0x48>)
10000228:	4788      	blx	r1
1000022a:	be00      	bkpt	0x0000
1000022c:	e7fd      	b.n	1000022a <platform_entry+0xc>

1000022e <data_cpy_loop>:
1000022e:	c901      	ldmia	r1!, {r0}
10000230:	c201      	stmia	r2!, {r0}

10000232 <data_cpy>:
10000232:	429a      	cmp	r2, r3
10000234:	d3fb      	bcc.n	1000022e <data_cpy_loop>
10000236:	4770      	bx	lr

10000238 <data_cpy_table>:
10000238:	10008414 	.word	0x10008414
1000023c:	200000c0 	.word	0x200000c0
10000240:	20000d00 	.word	0x20000d00
10000244:	10009054 	.word	0x10009054
10000248:	20040000 	.word	0x20040000
1000024c:	20040000 	.word	0x20040000
10000250:	10009054 	.word	0x10009054
10000254:	20041000 	.word	0x20041000
10000258:	20041000 	.word	0x20041000
1000025c:	00000000 	.word	0x00000000
10000260:	4770      	bx	lr
10000262:	0000      	.short	0x0000
10000264:	00000000 	.word	0x00000000
10000268:	e000ed08 	.word	0xe000ed08
1000026c:	d0000000 	.word	0xd0000000
10000270:	20000d00 	.word	0x20000d00
10000274:	20001e0c 	.word	0x20001e0c
10000278:	10003bf9 	.word	0x10003bf9
1000027c:	10000345 	.word	0x10000345
10000280:	10003bb9 	.word	0x10003bb9

10000284 <_init>:
10000284:	b5f8      	push	{r3, r4, r5, r6, r7, lr}
10000286:	46c0      	nop			@ (mov r8, r8)

10000288 <deregister_tm_clones>:
10000288:	4804      	ldr	r0, [pc, #16]	@ (1000029c <deregister_tm_clones+0x14>)
1000028a:	4b05      	ldr	r3, [pc, #20]	@ (100002a0 <deregister_tm_clones+0x18>)
1000028c:	b510      	push	{r4, lr}
1000028e:	4283      	cmp	r3, r0
10000290:	d003      	beq.n	1000029a <deregister_tm_clones+0x12>
10000292:	4b04      	ldr	r3, [pc, #16]	@ (100002a4 <deregister_tm_clones+0x1c>)
10000294:	2b00      	cmp	r3, #0
10000296:	d000      	beq.n	1000029a <deregister_tm_clones+0x12>
10000298:	4798      	blx	r3
1000029a:	bd10      	pop	{r4, pc}
1000029c:	20000d00 	.word	0x20000d00
100002a0:	20000d00 	.word	0x20000d00
100002a4:	00000000 	.word	0x00000000

100002a8 <register_tm_clones>:
100002a8:	4806      	ldr	r0, [pc, #24]	@ (100002c4 <register_tm_clones+0x1c>)
100002aa:	4907      	ldr	r1, [pc, #28]	@ (100002c8 <register_tm_clones+0x20>)
100002ac:	1a09      	subs	r1, r1, r0
100002ae:	108b      	asrs	r3, r1, #2
100002b0:	0fc9      	lsrs	r1, r1, #31
100002b2:	18c9      	adds	r1, r1, r3
100002b4:	b510      	push	{r4, lr}
100002b6:	1049      	asrs	r1, r1, #1
100002b8:	d003      	beq.n	100002c2 <register_tm_clones+0x1a>
100002ba:	4b04      	ldr	r3, [pc, #16]	@ (100002cc <register_tm_clones+0x24>)
100002bc:	2b00      	cmp	r3, #0
100002be:	d000      	beq.n	100002c2 <register_tm_clones+0x1a>
100002c0:	4798      	blx	r3
100002c2:	bd10      	pop	{r4, pc}
100002c4:	20000d00 	.word	0x20000d00
100002c8:	20000d00 	.word	0x20000d00
100002cc:	00000000 	.word	0x00000000

100002d0 <__do_global_dtors_aux>:
100002d0:	b510      	push	{r4, lr}
100002d2:	4c07      	ldr	r4, [pc, #28]	@ (100002f0 <__do_global_dtors_aux+0x20>)
100002d4:	7823      	ldrb	r3, [r4, #0]
100002d6:	2b00      	cmp	r3, #0
100002d8:	d109      	bne.n	100002ee <__do_global_dtors_aux+0x1e>
100002da:	f7ff ffd5 	bl	10000288 <deregister_tm_clones>
100002de:	4b05      	ldr	r3, [pc, #20]	@ (100002f4 <__do_global_dtors_aux+0x24>)
100002e0:	2b00      	cmp	r3, #0
100002e2:	d002      	beq.n	100002ea <__do_global_dtors_aux+0x1a>
100002e4:	4804      	ldr	r0, [pc, #16]	@ (100002f8 <__do_global_dtors_aux+0x28>)
100002e6:	e000      	b.n	100002ea <__do_global_dtors_aux+0x1a>
100002e8:	bf00      	nop
100002ea:	2301      	movs	r3, #1
100002ec:	7023      	strb	r3, [r4, #0]
100002ee:	bd10      	pop	{r4, pc}
100002f0:	20000e88 	.word	0x20000e88
100002f4:	00000000 	.word	0x00000000
100002f8:	10006f90 	.word	0x10006f90

100002fc <frame_dummy>:
100002fc:	4b05      	ldr	r3, [pc, #20]	@ (10000314 <frame_dummy+0x18>)
100002fe:	b510      	push	{r4, lr}
10000300:	2b00      	cmp	r3, #0
10000302:	d003      	beq.n	1000030c <frame_dummy+0x10>
10000304:	4904      	ldr	r1, [pc, #16]	@ (10000318 <frame_dummy+0x1c>)
10000306:	4805      	ldr	r0, [pc, #20]	@ (1000031c <frame_dummy+0x20>)
10000308:	e000      	b.n	1000030c <frame_dummy+0x10>
1000030a:	bf00      	nop
1000030c:	f7ff ffcc 	bl	100002a8 <register_tm_clones>
10000310:	bd10      	pop	{r4, pc}
10000312:	46c0      	nop			@ (mov r8, r8)
10000314:	00000000 	.word	0x00000000
10000318:	20000e8c 	.word	0x20000e8c
1000031c:	10006f90 	.word	0x10006f90

10000320 <configure_spi>:
10000320:	b510      	push	{r4, lr}
10000322:	4906      	ldr	r1, [pc, #24]	@ (1000033c <configure_spi+0x1c>)
10000324:	4806      	ldr	r0, [pc, #24]	@ (10000340 <configure_spi+0x20>)
10000326:	f006 fcd3 	bl	10006cd0 <spi_init>
1000032a:	2101      	movs	r1, #1
1000032c:	2012      	movs	r0, #18
1000032e:	f000 f967 	bl	10000600 <gpio_set_function>
10000332:	2101      	movs	r1, #1
10000334:	2013      	movs	r0, #19
10000336:	f000 f963 	bl	10000600 <gpio_set_function>
1000033a:	bd10      	pop	{r4, pc}
1000033c:	000f4240 	.word	0x000f4240
10000340:	4003c000 	.word	0x4003c000

10000344 <main>:
10000344:	b570      	push	{r4, r5, r6, lr}
10000346:	b082      	sub	sp, #8
10000348:	f003 fd76 	bl	10003e38 <stdio_init_all>
1000034c:	f7ff ffe8 	bl	10000320 <configure_spi>
10000350:	201e      	movs	r0, #30
10000352:	f000 f843 	bl	100003dc <APA_SetBufferSize>
10000356:	f000 f8af 	bl	100004b8 <APA_Init>
1000035a:	2500      	movs	r5, #0
1000035c:	f000 f84a 	bl	100003f4 <APA_GetBufferSize>
10000360:	0006      	movs	r6, r0
10000362:	2400      	movs	r4, #0
10000364:	42b4      	cmp	r4, r6
10000366:	d307      	bcc.n	10000378 <main+0x34>
10000368:	f000 f84a 	bl	10000400 <APA_sendBuffer>
1000036c:	2005      	movs	r0, #5
1000036e:	f001 f839 	bl	100013e4 <sleep_ms>
10000372:	3501      	adds	r5, #1
10000374:	b2ed      	uxtb	r5, r5
10000376:	e7f1      	b.n	1000035c <main+0x18>
10000378:	00a2      	lsls	r2, r4, #2
1000037a:	18a2      	adds	r2, r4, r2
1000037c:	b2d2      	uxtb	r2, r2
1000037e:	1952      	adds	r2, r2, r5
10000380:	b2d2      	uxtb	r2, r2
10000382:	2378      	movs	r3, #120	@ 0x78
10000384:	9300      	str	r3, [sp, #0]
10000386:	3387      	adds	r3, #135	@ 0x87
10000388:	2114      	movs	r1, #20
1000038a:	0020      	movs	r0, r4
1000038c:	f000 f908 	bl	100005a0 <APA_SetPixelHSV>
10000390:	3401      	adds	r4, #1
10000392:	b2a4      	uxth	r4, r4
10000394:	e7e6      	b.n	10000364 <main+0x20>
	...

10000398 <getStopBytes>:
10000398:	4b03      	ldr	r3, [pc, #12]	@ (100003a8 <getStopBytes+0x10>)
1000039a:	8818      	ldrh	r0, [r3, #0]
1000039c:	300f      	adds	r0, #15
1000039e:	0900      	lsrs	r0, r0, #4
100003a0:	d100      	bne.n	100003a4 <getStopBytes+0xc>
100003a2:	3001      	adds	r0, #1
100003a4:	4770      	bx	lr
100003a6:	46c0      	nop			@ (mov r8, r8)
100003a8:	20000c30 	.word	0x20000c30

100003ac <sendStart>:
100003ac:	b510      	push	{r4, lr}
100003ae:	4802      	ldr	r0, [pc, #8]	@ (100003b8 <sendStart+0xc>)
100003b0:	2104      	movs	r1, #4
100003b2:	f000 f91b 	bl	100005ec <APA_HW_SPI_BlockSend>
100003b6:	bd10      	pop	{r4, pc}
100003b8:	20001de4 	.word	0x20001de4

100003bc <sendStop>:
100003bc:	b510      	push	{r4, lr}
100003be:	f7ff ffeb 	bl	10000398 <getStopBytes>
100003c2:	0004      	movs	r4, r0
100003c4:	e005      	b.n	100003d2 <sendStop+0x16>
100003c6:	4804      	ldr	r0, [pc, #16]	@ (100003d8 <sendStop+0x1c>)
100003c8:	2101      	movs	r1, #1
100003ca:	f000 f90f 	bl	100005ec <APA_HW_SPI_BlockSend>
100003ce:	3c01      	subs	r4, #1
100003d0:	b2a4      	uxth	r4, r4
100003d2:	2c00      	cmp	r4, #0
100003d4:	d1f7      	bne.n	100003c6 <sendStop+0xa>
100003d6:	bd10      	pop	{r4, pc}
100003d8:	20001e09 	.word	0x20001e09

100003dc <APA_SetBufferSize>:
100003dc:	1e43      	subs	r3, r0, #1
100003de:	b29b      	uxth	r3, r3
100003e0:	2b1d      	cmp	r3, #29
100003e2:	d803      	bhi.n	100003ec <APA_SetBufferSize+0x10>
100003e4:	4b02      	ldr	r3, [pc, #8]	@ (100003f0 <APA_SetBufferSize+0x14>)
100003e6:	8018      	strh	r0, [r3, #0]
100003e8:	2000      	movs	r0, #0
100003ea:	4770      	bx	lr
100003ec:	2002      	movs	r0, #2
100003ee:	e7fc      	b.n	100003ea <APA_SetBufferSize+0xe>
100003f0:	20000c30 	.word	0x20000c30

100003f4 <APA_GetBufferSize>:
100003f4:	4b01      	ldr	r3, [pc, #4]	@ (100003fc <APA_GetBufferSize+0x8>)
100003f6:	8818      	ldrh	r0, [r3, #0]
100003f8:	4770      	bx	lr
100003fa:	46c0      	nop			@ (mov r8, r8)
100003fc:	20000c30 	.word	0x20000c30

10000400 <APA_sendBuffer>:
10000400:	b510      	push	{r4, lr}
10000402:	f7ff ffd3 	bl	100003ac <sendStart>
10000406:	4b05      	ldr	r3, [pc, #20]	@ (1000041c <APA_sendBuffer+0x1c>)
10000408:	8819      	ldrh	r1, [r3, #0]
1000040a:	0089      	lsls	r1, r1, #2
1000040c:	b289      	uxth	r1, r1
1000040e:	4804      	ldr	r0, [pc, #16]	@ (10000420 <APA_sendBuffer+0x20>)
10000410:	f000 f8ec 	bl	100005ec <APA_HW_SPI_BlockSend>
10000414:	f7ff ffd2 	bl	100003bc <sendStop>
10000418:	bd10      	pop	{r4, pc}
1000041a:	46c0      	nop			@ (mov r8, r8)
1000041c:	20000c30 	.word	0x20000c30
10000420:	20001b3c 	.word	0x20001b3c

10000424 <APA_SetPixel>:
10000424:	b570      	push	{r4, r5, r6, lr}
10000426:	ac04      	add	r4, sp, #16
10000428:	7826      	ldrb	r6, [r4, #0]
1000042a:	4c0a      	ldr	r4, [pc, #40]	@ (10000454 <APA_SetPixel+0x30>)
1000042c:	8824      	ldrh	r4, [r4, #0]
1000042e:	42a0      	cmp	r0, r4
10000430:	d20e      	bcs.n	10000450 <APA_SetPixel+0x2c>
10000432:	291f      	cmp	r1, #31
10000434:	d900      	bls.n	10000438 <APA_SetPixel+0x14>
10000436:	211f      	movs	r1, #31
10000438:	4c07      	ldr	r4, [pc, #28]	@ (10000458 <APA_SetPixel+0x34>)
1000043a:	0085      	lsls	r5, r0, #2
1000043c:	2020      	movs	r0, #32
1000043e:	4240      	negs	r0, r0
10000440:	4301      	orrs	r1, r0
10000442:	5529      	strb	r1, [r5, r4]
10000444:	1960      	adds	r0, r4, r5
10000446:	70c2      	strb	r2, [r0, #3]
10000448:	7083      	strb	r3, [r0, #2]
1000044a:	7046      	strb	r6, [r0, #1]
1000044c:	2000      	movs	r0, #0
1000044e:	bd70      	pop	{r4, r5, r6, pc}
10000450:	2001      	movs	r0, #1
10000452:	e7fc      	b.n	1000044e <APA_SetPixel+0x2a>
10000454:	20000c30 	.word	0x20000c30
10000458:	20001b3c 	.word	0x20001b3c

1000045c <APA_SetRange>:
1000045c:	b5f0      	push	{r4, r5, r6, r7, lr}
1000045e:	ac05      	add	r4, sp, #20
10000460:	7827      	ldrb	r7, [r4, #0]
10000462:	ac06      	add	r4, sp, #24
10000464:	7824      	ldrb	r4, [r4, #0]
10000466:	46a4      	mov	ip, r4
10000468:	4c11      	ldr	r4, [pc, #68]	@ (100004b0 <APA_SetRange+0x54>)
1000046a:	8824      	ldrh	r4, [r4, #0]
1000046c:	4284      	cmp	r4, r0
1000046e:	d918      	bls.n	100004a2 <APA_SetRange+0x46>
10000470:	428c      	cmp	r4, r1
10000472:	d918      	bls.n	100004a6 <APA_SetRange+0x4a>
10000474:	4288      	cmp	r0, r1
10000476:	d818      	bhi.n	100004aa <APA_SetRange+0x4e>
10000478:	2a1f      	cmp	r2, #31
1000047a:	d90e      	bls.n	1000049a <APA_SetRange+0x3e>
1000047c:	221f      	movs	r2, #31
1000047e:	e00c      	b.n	1000049a <APA_SetRange+0x3e>
10000480:	4c0c      	ldr	r4, [pc, #48]	@ (100004b4 <APA_SetRange+0x58>)
10000482:	0086      	lsls	r6, r0, #2
10000484:	2520      	movs	r5, #32
10000486:	426d      	negs	r5, r5
10000488:	4315      	orrs	r5, r2
1000048a:	5535      	strb	r5, [r6, r4]
1000048c:	19a4      	adds	r4, r4, r6
1000048e:	70e3      	strb	r3, [r4, #3]
10000490:	70a7      	strb	r7, [r4, #2]
10000492:	4665      	mov	r5, ip
10000494:	7065      	strb	r5, [r4, #1]
10000496:	3001      	adds	r0, #1
10000498:	b280      	uxth	r0, r0
1000049a:	4288      	cmp	r0, r1
1000049c:	d9f0      	bls.n	10000480 <APA_SetRange+0x24>
1000049e:	2000      	movs	r0, #0
100004a0:	e000      	b.n	100004a4 <APA_SetRange+0x48>
100004a2:	2001      	movs	r0, #1
100004a4:	bdf0      	pop	{r4, r5, r6, r7, pc}
100004a6:	2001      	movs	r0, #1
100004a8:	e7fc      	b.n	100004a4 <APA_SetRange+0x48>
100004aa:	2001      	movs	r0, #1
100004ac:	e7fa      	b.n	100004a4 <APA_SetRange+0x48>
100004ae:	46c0      	nop			@ (mov r8, r8)
100004b0:	20000c30 	.word	0x20000c30
100004b4:	20001b3c 	.word	0x20001b3c

100004b8 <APA_Init>:
100004b8:	b500      	push	{lr}
100004ba:	b083      	sub	sp, #12
100004bc:	4b07      	ldr	r3, [pc, #28]	@ (100004dc <APA_Init+0x24>)
100004be:	8819      	ldrh	r1, [r3, #0]
100004c0:	3901      	subs	r1, #1
100004c2:	b289      	uxth	r1, r1
100004c4:	2300      	movs	r3, #0
100004c6:	9301      	str	r3, [sp, #4]
100004c8:	9300      	str	r3, [sp, #0]
100004ca:	221f      	movs	r2, #31
100004cc:	2000      	movs	r0, #0
100004ce:	f7ff ffc5 	bl	1000045c <APA_SetRange>
100004d2:	f7ff ff95 	bl	10000400 <APA_sendBuffer>
100004d6:	b003      	add	sp, #12
100004d8:	bd00      	pop	{pc}
100004da:	46c0      	nop			@ (mov r8, r8)
100004dc:	20000c30 	.word	0x20000c30

100004e0 <APA_ConvHSVtoRGB>:
100004e0:	b5f0      	push	{r4, r5, r6, r7, lr}
100004e2:	b083      	sub	sp, #12
100004e4:	0043      	lsls	r3, r0, #1
100004e6:	1818      	adds	r0, r3, r0
100004e8:	24ff      	movs	r4, #255	@ 0xff
100004ea:	0885      	lsrs	r5, r0, #2
100004ec:	09c0      	lsrs	r0, r0, #7
100004ee:	231f      	movs	r3, #31
100004f0:	402b      	ands	r3, r5
100004f2:	00db      	lsls	r3, r3, #3
100004f4:	43cd      	mvns	r5, r1
100004f6:	b2ed      	uxtb	r5, r5
100004f8:	43de      	mvns	r6, r3
100004fa:	b2f6      	uxtb	r6, r6
100004fc:	4355      	muls	r5, r2
100004fe:	0a2d      	lsrs	r5, r5, #8
10000500:	434b      	muls	r3, r1
10000502:	121b      	asrs	r3, r3, #8
10000504:	425b      	negs	r3, r3
10000506:	3301      	adds	r3, #1
10000508:	33ff      	adds	r3, #255	@ 0xff
1000050a:	4353      	muls	r3, r2
1000050c:	17df      	asrs	r7, r3, #31
1000050e:	4027      	ands	r7, r4
10000510:	18fb      	adds	r3, r7, r3
10000512:	121b      	asrs	r3, r3, #8
10000514:	b2db      	uxtb	r3, r3
10000516:	4371      	muls	r1, r6
10000518:	1209      	asrs	r1, r1, #8
1000051a:	4249      	negs	r1, r1
1000051c:	3101      	adds	r1, #1
1000051e:	31ff      	adds	r1, #255	@ 0xff
10000520:	4351      	muls	r1, r2
10000522:	17ce      	asrs	r6, r1, #31
10000524:	4034      	ands	r4, r6
10000526:	1864      	adds	r4, r4, r1
10000528:	1224      	asrs	r4, r4, #8
1000052a:	b2e4      	uxtb	r4, r4
1000052c:	2805      	cmp	r0, #5
1000052e:	d807      	bhi.n	10000540 <APA_ConvHSVtoRGB+0x60>
10000530:	0080      	lsls	r0, r0, #2
10000532:	4919      	ldr	r1, [pc, #100]	@ (10000598 <APA_ConvHSVtoRGB+0xb8>)
10000534:	5809      	ldr	r1, [r1, r0]
10000536:	468f      	mov	pc, r1
10000538:	466b      	mov	r3, sp
1000053a:	70da      	strb	r2, [r3, #3]
1000053c:	709c      	strb	r4, [r3, #2]
1000053e:	705d      	strb	r5, [r3, #1]
10000540:	ab01      	add	r3, sp, #4
10000542:	9a00      	ldr	r2, [sp, #0]
10000544:	9201      	str	r2, [sp, #4]
10000546:	785a      	ldrb	r2, [r3, #1]
10000548:	0212      	lsls	r2, r2, #8
1000054a:	7818      	ldrb	r0, [r3, #0]
1000054c:	4310      	orrs	r0, r2
1000054e:	789a      	ldrb	r2, [r3, #2]
10000550:	0412      	lsls	r2, r2, #16
10000552:	4912      	ldr	r1, [pc, #72]	@ (1000059c <APA_ConvHSVtoRGB+0xbc>)
10000554:	4008      	ands	r0, r1
10000556:	4310      	orrs	r0, r2
10000558:	78db      	ldrb	r3, [r3, #3]
1000055a:	061b      	lsls	r3, r3, #24
1000055c:	0200      	lsls	r0, r0, #8
1000055e:	0a00      	lsrs	r0, r0, #8
10000560:	4318      	orrs	r0, r3
10000562:	b003      	add	sp, #12
10000564:	bdf0      	pop	{r4, r5, r6, r7, pc}
10000566:	4669      	mov	r1, sp
10000568:	70cb      	strb	r3, [r1, #3]
1000056a:	708a      	strb	r2, [r1, #2]
1000056c:	704d      	strb	r5, [r1, #1]
1000056e:	e7e7      	b.n	10000540 <APA_ConvHSVtoRGB+0x60>
10000570:	466b      	mov	r3, sp
10000572:	70dd      	strb	r5, [r3, #3]
10000574:	709a      	strb	r2, [r3, #2]
10000576:	705c      	strb	r4, [r3, #1]
10000578:	e7e2      	b.n	10000540 <APA_ConvHSVtoRGB+0x60>
1000057a:	4669      	mov	r1, sp
1000057c:	70cd      	strb	r5, [r1, #3]
1000057e:	708b      	strb	r3, [r1, #2]
10000580:	704a      	strb	r2, [r1, #1]
10000582:	e7dd      	b.n	10000540 <APA_ConvHSVtoRGB+0x60>
10000584:	466b      	mov	r3, sp
10000586:	70dc      	strb	r4, [r3, #3]
10000588:	709d      	strb	r5, [r3, #2]
1000058a:	705a      	strb	r2, [r3, #1]
1000058c:	e7d8      	b.n	10000540 <APA_ConvHSVtoRGB+0x60>
1000058e:	4669      	mov	r1, sp
10000590:	70ca      	strb	r2, [r1, #3]
10000592:	708d      	strb	r5, [r1, #2]
10000594:	704b      	strb	r3, [r1, #1]
10000596:	e7d3      	b.n	10000540 <APA_ConvHSVtoRGB+0x60>
10000598:	10006f90 	.word	0x10006f90
1000059c:	ff00ffff 	.word	0xff00ffff

100005a0 <APA_SetPixelHSV>:
100005a0:	b570      	push	{r4, r5, r6, lr}
100005a2:	b084      	sub	sp, #16
100005a4:	0004      	movs	r4, r0
100005a6:	000d      	movs	r5, r1
100005a8:	0010      	movs	r0, r2
100005aa:	0019      	movs	r1, r3
100005ac:	aa08      	add	r2, sp, #32
100005ae:	7812      	ldrb	r2, [r2, #0]
100005b0:	4e0d      	ldr	r6, [pc, #52]	@ (100005e8 <APA_SetPixelHSV+0x48>)
100005b2:	8836      	ldrh	r6, [r6, #0]
100005b4:	42a6      	cmp	r6, r4
100005b6:	d915      	bls.n	100005e4 <APA_SetPixelHSV+0x44>
100005b8:	2d1f      	cmp	r5, #31
100005ba:	d900      	bls.n	100005be <APA_SetPixelHSV+0x1e>
100005bc:	251f      	movs	r5, #31
100005be:	f7ff ff8f 	bl	100004e0 <APA_ConvHSVtoRGB>
100005c2:	ae03      	add	r6, sp, #12
100005c4:	9003      	str	r0, [sp, #12]
100005c6:	2120      	movs	r1, #32
100005c8:	4249      	negs	r1, r1
100005ca:	4329      	orrs	r1, r5
100005cc:	b2c9      	uxtb	r1, r1
100005ce:	7031      	strb	r1, [r6, #0]
100005d0:	78b3      	ldrb	r3, [r6, #2]
100005d2:	78f2      	ldrb	r2, [r6, #3]
100005d4:	b2e0      	uxtb	r0, r4
100005d6:	7874      	ldrb	r4, [r6, #1]
100005d8:	9400      	str	r4, [sp, #0]
100005da:	f7ff ff23 	bl	10000424 <APA_SetPixel>
100005de:	2000      	movs	r0, #0
100005e0:	b004      	add	sp, #16
100005e2:	bd70      	pop	{r4, r5, r6, pc}
100005e4:	2001      	movs	r0, #1
100005e6:	e7fb      	b.n	100005e0 <APA_SetPixelHSV+0x40>
100005e8:	20000c30 	.word	0x20000c30

100005ec <APA_HW_SPI_BlockSend>:
100005ec:	b510      	push	{r4, lr}
100005ee:	000a      	movs	r2, r1
100005f0:	0001      	movs	r1, r0
100005f2:	4802      	ldr	r0, [pc, #8]	@ (100005fc <APA_HW_SPI_BlockSend+0x10>)
100005f4:	f006 fc68 	bl	10006ec8 <__spi_write_blocking_veneer>
100005f8:	bd10      	pop	{r4, pc}
100005fa:	46c0      	nop			@ (mov r8, r8)
100005fc:	4003c000 	.word	0x4003c000

10000600 <gpio_set_function>:
10000600:	b510      	push	{r4, lr}
10000602:	0083      	lsls	r3, r0, #2
10000604:	4a08      	ldr	r2, [pc, #32]	@ (10000628 <gpio_set_function+0x28>)
10000606:	189a      	adds	r2, r3, r2
10000608:	6814      	ldr	r4, [r2, #0]
1000060a:	2240      	movs	r2, #64	@ 0x40
1000060c:	4054      	eors	r4, r2
1000060e:	3280      	adds	r2, #128	@ 0x80
10000610:	4022      	ands	r2, r4
10000612:	4c06      	ldr	r4, [pc, #24]	@ (1000062c <gpio_set_function+0x2c>)
10000614:	46a4      	mov	ip, r4
10000616:	4463      	add	r3, ip
10000618:	601a      	str	r2, [r3, #0]
1000061a:	00c0      	lsls	r0, r0, #3
1000061c:	4b04      	ldr	r3, [pc, #16]	@ (10000630 <gpio_set_function+0x30>)
1000061e:	469c      	mov	ip, r3
10000620:	4460      	add	r0, ip
10000622:	6041      	str	r1, [r0, #4]
10000624:	bd10      	pop	{r4, pc}
10000626:	46c0      	nop			@ (mov r8, r8)
10000628:	4001c004 	.word	0x4001c004
1000062c:	4001d004 	.word	0x4001d004
10000630:	40014000 	.word	0x40014000

10000634 <rp2040_chip_version>:
10000634:	b510      	push	{r4, lr}
10000636:	2380      	movs	r3, #128	@ 0x80
10000638:	05db      	lsls	r3, r3, #23
1000063a:	6818      	ldr	r0, [r3, #0]
1000063c:	0503      	lsls	r3, r0, #20
1000063e:	0d1b      	lsrs	r3, r3, #20
10000640:	4a0b      	ldr	r2, [pc, #44]	@ (10000670 <rp2040_chip_version+0x3c>)
10000642:	4293      	cmp	r3, r2
10000644:	d107      	bne.n	10000656 <rp2040_chip_version+0x22>
10000646:	4b0b      	ldr	r3, [pc, #44]	@ (10000674 <rp2040_chip_version+0x40>)
10000648:	4003      	ands	r3, r0
1000064a:	2280      	movs	r2, #128	@ 0x80
1000064c:	0192      	lsls	r2, r2, #6
1000064e:	4293      	cmp	r3, r2
10000650:	d107      	bne.n	10000662 <rp2040_chip_version+0x2e>
10000652:	0f00      	lsrs	r0, r0, #28
10000654:	bd10      	pop	{r4, pc}
10000656:	4b08      	ldr	r3, [pc, #32]	@ (10000678 <rp2040_chip_version+0x44>)
10000658:	4a08      	ldr	r2, [pc, #32]	@ (1000067c <rp2040_chip_version+0x48>)
1000065a:	4809      	ldr	r0, [pc, #36]	@ (10000680 <rp2040_chip_version+0x4c>)
1000065c:	2113      	movs	r1, #19
1000065e:	f003 faaf 	bl	10003bc0 <__assert_func>
10000662:	4b08      	ldr	r3, [pc, #32]	@ (10000684 <rp2040_chip_version+0x50>)
10000664:	4a05      	ldr	r2, [pc, #20]	@ (1000067c <rp2040_chip_version+0x48>)
10000666:	4806      	ldr	r0, [pc, #24]	@ (10000680 <rp2040_chip_version+0x4c>)
10000668:	2114      	movs	r1, #20
1000066a:	f003 faa9 	bl	10003bc0 <__assert_func>
1000066e:	46c0      	nop			@ (mov r8, r8)
10000670:	00000927 	.word	0x00000927
10000674:	0ffff000 	.word	0x0ffff000
10000678:	10006fa8 	.word	0x10006fa8
1000067c:	10007bd8 	.word	0x10007bd8
10000680:	10006fcc 	.word	0x10006fcc
10000684:	10007014 	.word	0x10007014

10000688 <panic>:
10000688:	b40f      	push	{r0, r1, r2, r3}
1000068a:	b500      	push	{lr}
1000068c:	b083      	sub	sp, #12
1000068e:	4808      	ldr	r0, [pc, #32]	@ (100006b0 <panic+0x28>)
10000690:	f003 fbd6 	bl	10003e40 <__wrap_puts>
10000694:	9b04      	ldr	r3, [sp, #16]
10000696:	2b00      	cmp	r3, #0
10000698:	d007      	beq.n	100006aa <panic+0x22>
1000069a:	a905      	add	r1, sp, #20
1000069c:	9101      	str	r1, [sp, #4]
1000069e:	0018      	movs	r0, r3
100006a0:	f003 fbde 	bl	10003e60 <__wrap_vprintf>
100006a4:	4803      	ldr	r0, [pc, #12]	@ (100006b4 <panic+0x2c>)
100006a6:	f003 fbcb 	bl	10003e40 <__wrap_puts>
100006aa:	2001      	movs	r0, #1
100006ac:	f003 fa82 	bl	10003bb4 <_exit>
100006b0:	10007028 	.word	0x10007028
100006b4:	10007038 	.word	0x10007038

100006b8 <hw_claim_lock>:
100006b8:	f3ef 8010 	mrs	r0, PRIMASK
100006bc:	b672      	cpsid	i
100006be:	4b03      	ldr	r3, [pc, #12]	@ (100006cc <hw_claim_lock+0x14>)
100006c0:	681b      	ldr	r3, [r3, #0]
100006c2:	2b00      	cmp	r3, #0
100006c4:	d0fb      	beq.n	100006be <hw_claim_lock+0x6>
100006c6:	f3bf 8f5f 	dmb	sy
100006ca:	4770      	bx	lr
100006cc:	d000012c 	.word	0xd000012c

100006d0 <hw_claim_unlock>:
100006d0:	f3bf 8f5f 	dmb	sy
100006d4:	4b02      	ldr	r3, [pc, #8]	@ (100006e0 <hw_claim_unlock+0x10>)
100006d6:	2200      	movs	r2, #0
100006d8:	601a      	str	r2, [r3, #0]
100006da:	f380 8810 	msr	PRIMASK, r0
100006de:	4770      	bx	lr
100006e0:	d000012c 	.word	0xd000012c

100006e4 <hw_claim_or_assert>:
100006e4:	b5f8      	push	{r3, r4, r5, r6, r7, lr}
100006e6:	0006      	movs	r6, r0
100006e8:	000c      	movs	r4, r1
100006ea:	0015      	movs	r5, r2
100006ec:	f7ff ffe4 	bl	100006b8 <hw_claim_lock>
100006f0:	08e3      	lsrs	r3, r4, #3
100006f2:	18f7      	adds	r7, r6, r3
100006f4:	5cf1      	ldrb	r1, [r6, r3]
100006f6:	2207      	movs	r2, #7
100006f8:	4022      	ands	r2, r4
100006fa:	2301      	movs	r3, #1
100006fc:	4093      	lsls	r3, r2
100006fe:	420b      	tst	r3, r1
10000700:	d105      	bne.n	1000070e <hw_claim_or_assert+0x2a>
10000702:	b2db      	uxtb	r3, r3
10000704:	430b      	orrs	r3, r1
10000706:	703b      	strb	r3, [r7, #0]
10000708:	f7ff ffe2 	bl	100006d0 <hw_claim_unlock>
1000070c:	bdf8      	pop	{r3, r4, r5, r6, r7, pc}
1000070e:	0021      	movs	r1, r4
10000710:	0028      	movs	r0, r5
10000712:	f7ff ffb9 	bl	10000688 <panic>

10000716 <hw_claim_unused_from_range>:
10000716:	b5f0      	push	{r4, r5, r6, r7, lr}
10000718:	b083      	sub	sp, #12
1000071a:	0006      	movs	r6, r0
1000071c:	9101      	str	r1, [sp, #4]
1000071e:	0014      	movs	r4, r2
10000720:	001f      	movs	r7, r3
10000722:	f7ff ffc9 	bl	100006b8 <hw_claim_lock>
10000726:	e000      	b.n	1000072a <hw_claim_unused_from_range+0x14>
10000728:	3401      	adds	r4, #1
1000072a:	42bc      	cmp	r4, r7
1000072c:	d80c      	bhi.n	10000748 <hw_claim_unused_from_range+0x32>
1000072e:	08e3      	lsrs	r3, r4, #3
10000730:	18f5      	adds	r5, r6, r3
10000732:	5cf3      	ldrb	r3, [r6, r3]
10000734:	2107      	movs	r1, #7
10000736:	4021      	ands	r1, r4
10000738:	2201      	movs	r2, #1
1000073a:	408a      	lsls	r2, r1
1000073c:	421a      	tst	r2, r3
1000073e:	d1f3      	bne.n	10000728 <hw_claim_unused_from_range+0x12>
10000740:	b2d2      	uxtb	r2, r2
10000742:	431a      	orrs	r2, r3
10000744:	702a      	strb	r2, [r5, #0]
10000746:	e001      	b.n	1000074c <hw_claim_unused_from_range+0x36>
10000748:	2401      	movs	r4, #1
1000074a:	4264      	negs	r4, r4
1000074c:	f7ff ffc0 	bl	100006d0 <hw_claim_unlock>
10000750:	2c00      	cmp	r4, #0
10000752:	db02      	blt.n	1000075a <hw_claim_unused_from_range+0x44>
10000754:	0020      	movs	r0, r4
10000756:	b003      	add	sp, #12
10000758:	bdf0      	pop	{r4, r5, r6, r7, pc}
1000075a:	9b01      	ldr	r3, [sp, #4]
1000075c:	2b00      	cmp	r3, #0
1000075e:	d0f9      	beq.n	10000754 <hw_claim_unused_from_range+0x3e>
10000760:	9808      	ldr	r0, [sp, #32]
10000762:	f7ff ff91 	bl	10000688 <panic>
	...

10000768 <next_striped_spin_lock_num>:
10000768:	4a05      	ldr	r2, [pc, #20]	@ (10000780 <next_striped_spin_lock_num+0x18>)
1000076a:	7810      	ldrb	r0, [r2, #0]
1000076c:	1c43      	adds	r3, r0, #1
1000076e:	b2db      	uxtb	r3, r3
10000770:	7013      	strb	r3, [r2, #0]
10000772:	2b17      	cmp	r3, #23
10000774:	d902      	bls.n	1000077c <next_striped_spin_lock_num+0x14>
10000776:	0013      	movs	r3, r2
10000778:	2210      	movs	r2, #16
1000077a:	701a      	strb	r2, [r3, #0]
1000077c:	4770      	bx	lr
1000077e:	46c0      	nop			@ (mov r8, r8)
10000780:	20000c32 	.word	0x20000c32

10000784 <spin_lock_claim_unused>:
10000784:	b510      	push	{r4, lr}
10000786:	b082      	sub	sp, #8
10000788:	0001      	movs	r1, r0
1000078a:	4c05      	ldr	r4, [pc, #20]	@ (100007a0 <spin_lock_claim_unused+0x1c>)
1000078c:	4b05      	ldr	r3, [pc, #20]	@ (100007a4 <spin_lock_claim_unused+0x20>)
1000078e:	9300      	str	r3, [sp, #0]
10000790:	231f      	movs	r3, #31
10000792:	2218      	movs	r2, #24
10000794:	0020      	movs	r0, r4
10000796:	f7ff ffbe 	bl	10000716 <hw_claim_unused_from_range>
1000079a:	b002      	add	sp, #8
1000079c:	bd10      	pop	{r4, pc}
1000079e:	46c0      	nop			@ (mov r8, r8)
100007a0:	200016d8 	.word	0x200016d8
100007a4:	1000703c 	.word	0x1000703c

100007a8 <spin_locks_reset>:
100007a8:	2300      	movs	r3, #0
100007aa:	e007      	b.n	100007bc <spin_locks_reset+0x14>
100007ac:	4a05      	ldr	r2, [pc, #20]	@ (100007c4 <spin_locks_reset+0x1c>)
100007ae:	189a      	adds	r2, r3, r2
100007b0:	0092      	lsls	r2, r2, #2
100007b2:	f3bf 8f5f 	dmb	sy
100007b6:	2100      	movs	r1, #0
100007b8:	6011      	str	r1, [r2, #0]
100007ba:	3301      	adds	r3, #1
100007bc:	2b1f      	cmp	r3, #31
100007be:	d9f5      	bls.n	100007ac <spin_locks_reset+0x4>
100007c0:	4770      	bx	lr
100007c2:	46c0      	nop			@ (mov r8, r8)
100007c4:	34000040 	.word	0x34000040

100007c8 <set_raw_irq_handler_and_unlock>:
100007c8:	4b07      	ldr	r3, [pc, #28]	@ (100007e8 <set_raw_irq_handler_and_unlock+0x20>)
100007ca:	689b      	ldr	r3, [r3, #8]
100007cc:	3010      	adds	r0, #16
100007ce:	0080      	lsls	r0, r0, #2
100007d0:	5019      	str	r1, [r3, r0]
100007d2:	f3bf 8f5f 	dmb	sy
100007d6:	f3bf 8f5f 	dmb	sy
100007da:	4b04      	ldr	r3, [pc, #16]	@ (100007ec <set_raw_irq_handler_and_unlock+0x24>)
100007dc:	2100      	movs	r1, #0
100007de:	6019      	str	r1, [r3, #0]
100007e0:	f382 8810 	msr	PRIMASK, r2
100007e4:	4770      	bx	lr
100007e6:	46c0      	nop			@ (mov r8, r8)
100007e8:	e000ed00 	.word	0xe000ed00
100007ec:	d0000124 	.word	0xd0000124

100007f0 <nvic_ipr0>:
100007f0:	4800      	ldr	r0, [pc, #0]	@ (100007f4 <nvic_ipr0+0x4>)
100007f2:	4770      	bx	lr
100007f4:	e000e400 	.word	0xe000e400

100007f8 <runtime_init_per_core_irq_priorities>:
100007f8:	b510      	push	{r4, lr}
100007fa:	f7ff fff9 	bl	100007f0 <nvic_ipr0>
100007fe:	2300      	movs	r3, #0
10000800:	e002      	b.n	10000808 <runtime_init_per_core_irq_priorities+0x10>
10000802:	4a03      	ldr	r2, [pc, #12]	@ (10000810 <runtime_init_per_core_irq_priorities+0x18>)
10000804:	c004      	stmia	r0!, {r2}
10000806:	3301      	adds	r3, #1
10000808:	2b07      	cmp	r3, #7
1000080a:	d9fa      	bls.n	10000802 <runtime_init_per_core_irq_priorities+0xa>
1000080c:	bd10      	pop	{r4, pc}
1000080e:	46c0      	nop			@ (mov r8, r8)
10000810:	80808080 	.word	0x80808080

10000814 <resolve_j_16>:
10000814:	b510      	push	{r4, lr}
10000816:	8803      	ldrh	r3, [r0, #0]
10000818:	0ada      	lsrs	r2, r3, #11
1000081a:	2a1c      	cmp	r2, #28
1000081c:	d105      	bne.n	1000082a <resolve_j_16+0x16>
1000081e:	055b      	lsls	r3, r3, #21
10000820:	155b      	asrs	r3, r3, #21
10000822:	3302      	adds	r3, #2
10000824:	005b      	lsls	r3, r3, #1
10000826:	18c0      	adds	r0, r0, r3
10000828:	bd10      	pop	{r4, pc}
1000082a:	4b03      	ldr	r3, [pc, #12]	@ (10000838 <resolve_j_16+0x24>)
1000082c:	4a03      	ldr	r2, [pc, #12]	@ (1000083c <resolve_j_16+0x28>)
1000082e:	218e      	movs	r1, #142	@ 0x8e
10000830:	4803      	ldr	r0, [pc, #12]	@ (10000840 <resolve_j_16+0x2c>)
10000832:	0049      	lsls	r1, r1, #1
10000834:	f003 f9c4 	bl	10003bc0 <__assert_func>
10000838:	10007058 	.word	0x10007058
1000083c:	10007c14 	.word	0x10007c14
10000840:	10007070 	.word	0x10007070

10000844 <make_j_16>:
10000844:	b510      	push	{r4, lr}
10000846:	1a09      	subs	r1, r1, r0
10000848:	1f0b      	subs	r3, r1, #4
1000084a:	4a0a      	ldr	r2, [pc, #40]	@ (10000874 <make_j_16+0x30>)
1000084c:	1888      	adds	r0, r1, r2
1000084e:	4a0a      	ldr	r2, [pc, #40]	@ (10000878 <make_j_16+0x34>)
10000850:	4290      	cmp	r0, r2
10000852:	d808      	bhi.n	10000866 <make_j_16+0x22>
10000854:	07c9      	lsls	r1, r1, #31
10000856:	d406      	bmi.n	10000866 <make_j_16+0x22>
10000858:	105b      	asrs	r3, r3, #1
1000085a:	055b      	lsls	r3, r3, #21
1000085c:	0d5b      	lsrs	r3, r3, #21
1000085e:	4807      	ldr	r0, [pc, #28]	@ (1000087c <make_j_16+0x38>)
10000860:	4318      	orrs	r0, r3
10000862:	b280      	uxth	r0, r0
10000864:	bd10      	pop	{r4, pc}
10000866:	4b06      	ldr	r3, [pc, #24]	@ (10000880 <make_j_16+0x3c>)
10000868:	4a06      	ldr	r2, [pc, #24]	@ (10000884 <make_j_16+0x40>)
1000086a:	2187      	movs	r1, #135	@ 0x87
1000086c:	4806      	ldr	r0, [pc, #24]	@ (10000888 <make_j_16+0x44>)
1000086e:	0049      	lsls	r1, r1, #1
10000870:	f003 f9a6 	bl	10003bc0 <__assert_func>
10000874:	000007fc 	.word	0x000007fc
10000878:	00000ffe 	.word	0x00000ffe
1000087c:	ffffe000 	.word	0xffffe000
10000880:	100070b8 	.word	0x100070b8
10000884:	10007c08 	.word	0x10007c08
10000888:	10007070 	.word	0x10007070

1000088c <irq_is_enabled>:
1000088c:	2301      	movs	r3, #1
1000088e:	4083      	lsls	r3, r0
10000890:	4a03      	ldr	r2, [pc, #12]	@ (100008a0 <irq_is_enabled+0x14>)
10000892:	6810      	ldr	r0, [r2, #0]
10000894:	4018      	ands	r0, r3
10000896:	1e43      	subs	r3, r0, #1
10000898:	4198      	sbcs	r0, r3
1000089a:	b2c0      	uxtb	r0, r0
1000089c:	4770      	bx	lr
1000089e:	46c0      	nop			@ (mov r8, r8)
100008a0:	e000e100 	.word	0xe000e100

100008a4 <irq_set_mask_n_enabled>:
100008a4:	2a00      	cmp	r2, #0
100008a6:	d005      	beq.n	100008b4 <irq_set_mask_n_enabled+0x10>
100008a8:	4b04      	ldr	r3, [pc, #16]	@ (100008bc <irq_set_mask_n_enabled+0x18>)
100008aa:	22c0      	movs	r2, #192	@ 0xc0
100008ac:	0052      	lsls	r2, r2, #1
100008ae:	5099      	str	r1, [r3, r2]
100008b0:	6019      	str	r1, [r3, #0]
100008b2:	4770      	bx	lr
100008b4:	4a01      	ldr	r2, [pc, #4]	@ (100008bc <irq_set_mask_n_enabled+0x18>)
100008b6:	2380      	movs	r3, #128	@ 0x80
100008b8:	50d1      	str	r1, [r2, r3]
100008ba:	e7fa      	b.n	100008b2 <irq_set_mask_n_enabled+0xe>
100008bc:	e000e100 	.word	0xe000e100

100008c0 <irq_set_enabled>:
100008c0:	b510      	push	{r4, lr}
100008c2:	000a      	movs	r2, r1
100008c4:	231f      	movs	r3, #31
100008c6:	4003      	ands	r3, r0
100008c8:	2101      	movs	r1, #1
100008ca:	4099      	lsls	r1, r3
100008cc:	0940      	lsrs	r0, r0, #5
100008ce:	f7ff ffe9 	bl	100008a4 <irq_set_mask_n_enabled>
100008d2:	bd10      	pop	{r4, pc}

100008d4 <irq_set_pending>:
100008d4:	2301      	movs	r3, #1
100008d6:	4083      	lsls	r3, r0
100008d8:	4a01      	ldr	r2, [pc, #4]	@ (100008e0 <irq_set_pending+0xc>)
100008da:	6013      	str	r3, [r2, #0]
100008dc:	4770      	bx	lr
100008de:	46c0      	nop			@ (mov r8, r8)
100008e0:	e000e200 	.word	0xe000e200

100008e4 <irq_get_vtable_handler>:
100008e4:	4b02      	ldr	r3, [pc, #8]	@ (100008f0 <irq_get_vtable_handler+0xc>)
100008e6:	689b      	ldr	r3, [r3, #8]
100008e8:	3010      	adds	r0, #16
100008ea:	0080      	lsls	r0, r0, #2
100008ec:	58c0      	ldr	r0, [r0, r3]
100008ee:	4770      	bx	lr
100008f0:	e000ed00 	.word	0xe000ed00

100008f4 <irq_has_shared_handler>:
100008f4:	b510      	push	{r4, lr}
100008f6:	f7ff fff5 	bl	100008e4 <irq_get_vtable_handler>
100008fa:	4b04      	ldr	r3, [pc, #16]	@ (1000090c <irq_has_shared_handler+0x18>)
100008fc:	1ac3      	subs	r3, r0, r3
100008fe:	2000      	movs	r0, #0
10000900:	222f      	movs	r2, #47	@ 0x2f
10000902:	429a      	cmp	r2, r3
10000904:	4140      	adcs	r0, r0
10000906:	b2c0      	uxtb	r0, r0
10000908:	bd10      	pop	{r4, pc}
1000090a:	46c0      	nop			@ (mov r8, r8)
1000090c:	20000c34 	.word	0x20000c34

10000910 <irq_set_exclusive_handler>:
10000910:	b570      	push	{r4, r5, r6, lr}
10000912:	0004      	movs	r4, r0
10000914:	000d      	movs	r5, r1
10000916:	f3ef 8610 	mrs	r6, PRIMASK
1000091a:	b672      	cpsid	i
1000091c:	4b0c      	ldr	r3, [pc, #48]	@ (10000950 <irq_set_exclusive_handler+0x40>)
1000091e:	681b      	ldr	r3, [r3, #0]
10000920:	2b00      	cmp	r3, #0
10000922:	d0fb      	beq.n	1000091c <irq_set_exclusive_handler+0xc>
10000924:	f3bf 8f5f 	dmb	sy
10000928:	0020      	movs	r0, r4
1000092a:	f7ff ffdb 	bl	100008e4 <irq_get_vtable_handler>
1000092e:	4b09      	ldr	r3, [pc, #36]	@ (10000954 <irq_set_exclusive_handler+0x44>)
10000930:	4298      	cmp	r0, r3
10000932:	d001      	beq.n	10000938 <irq_set_exclusive_handler+0x28>
10000934:	42a8      	cmp	r0, r5
10000936:	d105      	bne.n	10000944 <irq_set_exclusive_handler+0x34>
10000938:	0032      	movs	r2, r6
1000093a:	0029      	movs	r1, r5
1000093c:	0020      	movs	r0, r4
1000093e:	f7ff ff43 	bl	100007c8 <set_raw_irq_handler_and_unlock>
10000942:	bd70      	pop	{r4, r5, r6, pc}
10000944:	4b04      	ldr	r3, [pc, #16]	@ (10000958 <irq_set_exclusive_handler+0x48>)
10000946:	4a05      	ldr	r2, [pc, #20]	@ (1000095c <irq_set_exclusive_handler+0x4c>)
10000948:	4805      	ldr	r0, [pc, #20]	@ (10000960 <irq_set_exclusive_handler+0x50>)
1000094a:	21ed      	movs	r1, #237	@ 0xed
1000094c:	f003 f938 	bl	10003bc0 <__assert_func>
10000950:	d0000124 	.word	0xd0000124
10000954:	100001c1 	.word	0x100001c1
10000958:	100070e8 	.word	0x100070e8
1000095c:	10007c3c 	.word	0x10007c3c
10000960:	10007070 	.word	0x10007070

10000964 <irq_add_shared_handler>:
10000964:	b5f0      	push	{r4, r5, r6, r7, lr}
10000966:	46de      	mov	lr, fp
10000968:	4657      	mov	r7, sl
1000096a:	464e      	mov	r6, r9
1000096c:	4645      	mov	r5, r8
1000096e:	b5e0      	push	{r5, r6, r7, lr}
10000970:	b089      	sub	sp, #36	@ 0x24
10000972:	4681      	mov	r9, r0
10000974:	9101      	str	r1, [sp, #4]
10000976:	0015      	movs	r5, r2
10000978:	f3ef 8b10 	mrs	fp, PRIMASK
1000097c:	b672      	cpsid	i
1000097e:	4b6f      	ldr	r3, [pc, #444]	@ (10000b3c <irq_add_shared_handler+0x1d8>)
10000980:	681b      	ldr	r3, [r3, #0]
10000982:	2b00      	cmp	r3, #0
10000984:	d0fb      	beq.n	1000097e <irq_add_shared_handler+0x1a>
10000986:	f3bf 8f5f 	dmb	sy
1000098a:	4b6d      	ldr	r3, [pc, #436]	@ (10000b40 <irq_add_shared_handler+0x1dc>)
1000098c:	2600      	movs	r6, #0
1000098e:	579e      	ldrsb	r6, [r3, r6]
10000990:	2e00      	cmp	r6, #0
10000992:	db40      	blt.n	10000a16 <irq_add_shared_handler+0xb2>
10000994:	0074      	lsls	r4, r6, #1
10000996:	19a4      	adds	r4, r4, r6
10000998:	00a4      	lsls	r4, r4, #2
1000099a:	486a      	ldr	r0, [pc, #424]	@ (10000b44 <irq_add_shared_handler+0x1e0>)
1000099c:	1824      	adds	r4, r4, r0
1000099e:	2206      	movs	r2, #6
100009a0:	56a2      	ldrsb	r2, [r4, r2]
100009a2:	4b67      	ldr	r3, [pc, #412]	@ (10000b40 <irq_add_shared_handler+0x1dc>)
100009a4:	701a      	strb	r2, [r3, #0]
100009a6:	4b68      	ldr	r3, [pc, #416]	@ (10000b48 <irq_add_shared_handler+0x1e4>)
100009a8:	689a      	ldr	r2, [r3, #8]
100009aa:	464b      	mov	r3, r9
100009ac:	3310      	adds	r3, #16
100009ae:	009b      	lsls	r3, r3, #2
100009b0:	58d3      	ldr	r3, [r2, r3]
100009b2:	4698      	mov	r8, r3
100009b4:	1a1b      	subs	r3, r3, r0
100009b6:	2b2f      	cmp	r3, #47	@ 0x2f
100009b8:	d93b      	bls.n	10000a32 <irq_add_shared_handler+0xce>
100009ba:	4b64      	ldr	r3, [pc, #400]	@ (10000b4c <irq_add_shared_handler+0x1e8>)
100009bc:	4598      	cmp	r8, r3
100009be:	d131      	bne.n	10000a24 <irq_add_shared_handler+0xc0>
100009c0:	af05      	add	r7, sp, #20
100009c2:	4b63      	ldr	r3, [pc, #396]	@ (10000b50 <irq_add_shared_handler+0x1ec>)
100009c4:	803b      	strh	r3, [r7, #0]
100009c6:	4963      	ldr	r1, [pc, #396]	@ (10000b54 <irq_add_shared_handler+0x1f0>)
100009c8:	0073      	lsls	r3, r6, #1
100009ca:	469a      	mov	sl, r3
100009cc:	1998      	adds	r0, r3, r6
100009ce:	0080      	lsls	r0, r0, #2
100009d0:	4b5c      	ldr	r3, [pc, #368]	@ (10000b44 <irq_add_shared_handler+0x1e0>)
100009d2:	4698      	mov	r8, r3
100009d4:	4440      	add	r0, r8
100009d6:	3002      	adds	r0, #2
100009d8:	f7ff ff34 	bl	10000844 <make_j_16>
100009dc:	8078      	strh	r0, [r7, #2]
100009de:	4b5e      	ldr	r3, [pc, #376]	@ (10000b58 <irq_add_shared_handler+0x1f4>)
100009e0:	80bb      	strh	r3, [r7, #4]
100009e2:	23ff      	movs	r3, #255	@ 0xff
100009e4:	71bb      	strb	r3, [r7, #6]
100009e6:	71fd      	strb	r5, [r7, #7]
100009e8:	9b01      	ldr	r3, [sp, #4]
100009ea:	9307      	str	r3, [sp, #28]
100009ec:	0033      	movs	r3, r6
100009ee:	4453      	add	r3, sl
100009f0:	009b      	lsls	r3, r3, #2
100009f2:	4443      	add	r3, r8
100009f4:	cf07      	ldmia	r7!, {r0, r1, r2}
100009f6:	c307      	stmia	r3!, {r0, r1, r2}
100009f8:	2301      	movs	r3, #1
100009fa:	431c      	orrs	r4, r3
100009fc:	46a0      	mov	r8, r4
100009fe:	465a      	mov	r2, fp
10000a00:	4641      	mov	r1, r8
10000a02:	4648      	mov	r0, r9
10000a04:	f7ff fee0 	bl	100007c8 <set_raw_irq_handler_and_unlock>
10000a08:	b009      	add	sp, #36	@ 0x24
10000a0a:	bcf0      	pop	{r4, r5, r6, r7}
10000a0c:	46bb      	mov	fp, r7
10000a0e:	46b2      	mov	sl, r6
10000a10:	46a9      	mov	r9, r5
10000a12:	46a0      	mov	r8, r4
10000a14:	bdf0      	pop	{r4, r5, r6, r7, pc}
10000a16:	4b51      	ldr	r3, [pc, #324]	@ (10000b5c <irq_add_shared_handler+0x1f8>)
10000a18:	4a51      	ldr	r2, [pc, #324]	@ (10000b60 <irq_add_shared_handler+0x1fc>)
10000a1a:	21be      	movs	r1, #190	@ 0xbe
10000a1c:	4851      	ldr	r0, [pc, #324]	@ (10000b64 <irq_add_shared_handler+0x200>)
10000a1e:	0049      	lsls	r1, r1, #1
10000a20:	f003 f8ce 	bl	10003bc0 <__assert_func>
10000a24:	4b50      	ldr	r3, [pc, #320]	@ (10000b68 <irq_add_shared_handler+0x204>)
10000a26:	4a4e      	ldr	r2, [pc, #312]	@ (10000b60 <irq_add_shared_handler+0x1fc>)
10000a28:	2184      	movs	r1, #132	@ 0x84
10000a2a:	484e      	ldr	r0, [pc, #312]	@ (10000b64 <irq_add_shared_handler+0x200>)
10000a2c:	31ff      	adds	r1, #255	@ 0xff
10000a2e:	f003 f8c7 	bl	10003bc0 <__assert_func>
10000a32:	2301      	movs	r3, #1
10000a34:	4642      	mov	r2, r8
10000a36:	439a      	bics	r2, r3
10000a38:	4692      	mov	sl, r2
10000a3a:	1a10      	subs	r0, r2, r0
10000a3c:	210c      	movs	r1, #12
10000a3e:	f001 f8bf 	bl	10001bc0 <__wrap___aeabi_uidiv>
10000a42:	2900      	cmp	r1, #0
10000a44:	d10f      	bne.n	10000a66 <irq_add_shared_handler+0x102>
10000a46:	4653      	mov	r3, sl
10000a48:	2700      	movs	r7, #0
10000a4a:	79da      	ldrb	r2, [r3, #7]
10000a4c:	42aa      	cmp	r2, r5
10000a4e:	d912      	bls.n	10000a76 <irq_add_shared_handler+0x112>
10000a50:	2106      	movs	r1, #6
10000a52:	5659      	ldrsb	r1, [r3, r1]
10000a54:	2900      	cmp	r1, #0
10000a56:	db0d      	blt.n	10000a74 <irq_add_shared_handler+0x110>
10000a58:	004a      	lsls	r2, r1, #1
10000a5a:	1852      	adds	r2, r2, r1
10000a5c:	0092      	lsls	r2, r2, #2
10000a5e:	4939      	ldr	r1, [pc, #228]	@ (10000b44 <irq_add_shared_handler+0x1e0>)
10000a60:	001f      	movs	r7, r3
10000a62:	188b      	adds	r3, r1, r2
10000a64:	e7f1      	b.n	10000a4a <irq_add_shared_handler+0xe6>
10000a66:	4b41      	ldr	r3, [pc, #260]	@ (10000b6c <irq_add_shared_handler+0x208>)
10000a68:	4a3d      	ldr	r2, [pc, #244]	@ (10000b60 <irq_add_shared_handler+0x1fc>)
10000a6a:	21ca      	movs	r1, #202	@ 0xca
10000a6c:	483d      	ldr	r0, [pc, #244]	@ (10000b64 <irq_add_shared_handler+0x200>)
10000a6e:	0049      	lsls	r1, r1, #1
10000a70:	f003 f8a6 	bl	10003bc0 <__assert_func>
10000a74:	001f      	movs	r7, r3
10000a76:	2f00      	cmp	r7, #0
10000a78:	d02e      	beq.n	10000ad8 <irq_add_shared_handler+0x174>
10000a7a:	ab05      	add	r3, sp, #20
10000a7c:	4a3c      	ldr	r2, [pc, #240]	@ (10000b70 <irq_add_shared_handler+0x20c>)
10000a7e:	801a      	strh	r2, [r3, #0]
10000a80:	3a81      	subs	r2, #129	@ 0x81
10000a82:	805a      	strh	r2, [r3, #2]
10000a84:	2306      	movs	r3, #6
10000a86:	56fb      	ldrsb	r3, [r7, r3]
10000a88:	9302      	str	r3, [sp, #8]
10000a8a:	2b00      	cmp	r3, #0
10000a8c:	da17      	bge.n	10000abe <irq_add_shared_handler+0x15a>
10000a8e:	4839      	ldr	r0, [pc, #228]	@ (10000b74 <irq_add_shared_handler+0x210>)
10000a90:	ab05      	add	r3, sp, #20
10000a92:	469a      	mov	sl, r3
10000a94:	8098      	strh	r0, [r3, #4]
10000a96:	9a02      	ldr	r2, [sp, #8]
10000a98:	719a      	strb	r2, [r3, #6]
10000a9a:	71dd      	strb	r5, [r3, #7]
10000a9c:	9a01      	ldr	r2, [sp, #4]
10000a9e:	9207      	str	r2, [sp, #28]
10000aa0:	1d38      	adds	r0, r7, #4
10000aa2:	0021      	movs	r1, r4
10000aa4:	f7ff fece 	bl	10000844 <make_j_16>
10000aa8:	80b8      	strh	r0, [r7, #4]
10000aaa:	71be      	strb	r6, [r7, #6]
10000aac:	4b25      	ldr	r3, [pc, #148]	@ (10000b44 <irq_add_shared_handler+0x1e0>)
10000aae:	0072      	lsls	r2, r6, #1
10000ab0:	1992      	adds	r2, r2, r6
10000ab2:	0092      	lsls	r2, r2, #2
10000ab4:	189b      	adds	r3, r3, r2
10000ab6:	4652      	mov	r2, sl
10000ab8:	ca13      	ldmia	r2!, {r0, r1, r4}
10000aba:	c313      	stmia	r3!, {r0, r1, r4}
10000abc:	e79f      	b.n	100009fe <irq_add_shared_handler+0x9a>
10000abe:	1d38      	adds	r0, r7, #4
10000ac0:	f7ff fea8 	bl	10000814 <resolve_j_16>
10000ac4:	0001      	movs	r1, r0
10000ac6:	0070      	lsls	r0, r6, #1
10000ac8:	1980      	adds	r0, r0, r6
10000aca:	0080      	lsls	r0, r0, #2
10000acc:	4b1d      	ldr	r3, [pc, #116]	@ (10000b44 <irq_add_shared_handler+0x1e0>)
10000ace:	18c0      	adds	r0, r0, r3
10000ad0:	3004      	adds	r0, #4
10000ad2:	f7ff feb7 	bl	10000844 <make_j_16>
10000ad6:	e7db      	b.n	10000a90 <irq_add_shared_handler+0x12c>
10000ad8:	af05      	add	r7, sp, #20
10000ada:	4b1d      	ldr	r3, [pc, #116]	@ (10000b50 <irq_add_shared_handler+0x1ec>)
10000adc:	803b      	strh	r3, [r7, #0]
10000ade:	491d      	ldr	r1, [pc, #116]	@ (10000b54 <irq_add_shared_handler+0x1f0>)
10000ae0:	0073      	lsls	r3, r6, #1
10000ae2:	9302      	str	r3, [sp, #8]
10000ae4:	199b      	adds	r3, r3, r6
10000ae6:	009b      	lsls	r3, r3, #2
10000ae8:	4a16      	ldr	r2, [pc, #88]	@ (10000b44 <irq_add_shared_handler+0x1e0>)
10000aea:	4690      	mov	r8, r2
10000aec:	001a      	movs	r2, r3
10000aee:	4442      	add	r2, r8
10000af0:	9203      	str	r2, [sp, #12]
10000af2:	1c90      	adds	r0, r2, #2
10000af4:	f7ff fea6 	bl	10000844 <make_j_16>
10000af8:	8078      	strh	r0, [r7, #2]
10000afa:	9a03      	ldr	r2, [sp, #12]
10000afc:	1d10      	adds	r0, r2, #4
10000afe:	4651      	mov	r1, sl
10000b00:	f7ff fea0 	bl	10000844 <make_j_16>
10000b04:	80b8      	strh	r0, [r7, #4]
10000b06:	4b1c      	ldr	r3, [pc, #112]	@ (10000b78 <irq_add_shared_handler+0x214>)
10000b08:	4652      	mov	r2, sl
10000b0a:	4641      	mov	r1, r8
10000b0c:	1a52      	subs	r2, r2, r1
10000b0e:	4152      	adcs	r2, r2
10000b10:	4353      	muls	r3, r2
10000b12:	0d1b      	lsrs	r3, r3, #20
10000b14:	71bb      	strb	r3, [r7, #6]
10000b16:	71fd      	strb	r5, [r7, #7]
10000b18:	9a01      	ldr	r2, [sp, #4]
10000b1a:	9207      	str	r2, [sp, #28]
10000b1c:	9b02      	ldr	r3, [sp, #8]
10000b1e:	199b      	adds	r3, r3, r6
10000b20:	009b      	lsls	r3, r3, #2
10000b22:	4443      	add	r3, r8
10000b24:	cf07      	ldmia	r7!, {r0, r1, r2}
10000b26:	c307      	stmia	r3!, {r0, r1, r2}
10000b28:	4b11      	ldr	r3, [pc, #68]	@ (10000b70 <irq_add_shared_handler+0x20c>)
10000b2a:	4652      	mov	r2, sl
10000b2c:	8013      	strh	r3, [r2, #0]
10000b2e:	3b81      	subs	r3, #129	@ 0x81
10000b30:	8053      	strh	r3, [r2, #2]
10000b32:	2301      	movs	r3, #1
10000b34:	431c      	orrs	r4, r3
10000b36:	46a0      	mov	r8, r4
10000b38:	e761      	b.n	100009fe <irq_add_shared_handler+0x9a>
10000b3a:	46c0      	nop			@ (mov r8, r8)
10000b3c:	d0000124 	.word	0xd0000124
10000b40:	20001e05 	.word	0x20001e05
10000b44:	20000c34 	.word	0x20000c34
10000b48:	e000ed00 	.word	0xe000ed00
10000b4c:	100001c1 	.word	0x100001c1
10000b50:	ffffa100 	.word	0xffffa100
10000b54:	20000c64 	.word	0x20000c64
10000b58:	ffffbd01 	.word	0xffffbd01
10000b5c:	10007120 	.word	0x10007120
10000b60:	10007c24 	.word	0x10007c24
10000b64:	10007070 	.word	0x10007070
10000b68:	10007148 	.word	0x10007148
10000b6c:	10007170 	.word	0x10007170
10000b70:	00004801 	.word	0x00004801
10000b74:	0000bd01 	.word	0x0000bd01
10000b78:	0000aaaa 	.word	0x0000aaaa

10000b7c <irq_add_tail_to_free_list>:
10000b7c:	b5f8      	push	{r3, r4, r5, r6, r7, lr}
10000b7e:	2201      	movs	r2, #1
10000b80:	4302      	orrs	r2, r0
10000b82:	4b2c      	ldr	r3, [pc, #176]	@ (10000c34 <irq_add_tail_to_free_list+0xb8>)
10000b84:	1ad3      	subs	r3, r2, r3
10000b86:	2b2f      	cmp	r3, #47	@ 0x2f
10000b88:	d828      	bhi.n	10000bdc <irq_add_tail_to_free_list+0x60>
10000b8a:	f3ef 8305 	mrs	r3, IPSR
10000b8e:	2b00      	cmp	r3, #0
10000b90:	d02a      	beq.n	10000be8 <irq_add_tail_to_free_list+0x6c>
10000b92:	f3ef 8410 	mrs	r4, PRIMASK
10000b96:	b672      	cpsid	i
10000b98:	4927      	ldr	r1, [pc, #156]	@ (10000c38 <irq_add_tail_to_free_list+0xbc>)
10000b9a:	6809      	ldr	r1, [r1, #0]
10000b9c:	2900      	cmp	r1, #0
10000b9e:	d0fb      	beq.n	10000b98 <irq_add_tail_to_free_list+0x1c>
10000ba0:	f3bf 8f5f 	dmb	sy
10000ba4:	4d23      	ldr	r5, [pc, #140]	@ (10000c34 <irq_add_tail_to_free_list+0xb8>)
10000ba6:	4925      	ldr	r1, [pc, #148]	@ (10000c3c <irq_add_tail_to_free_list+0xc0>)
10000ba8:	0006      	movs	r6, r0
10000baa:	1b76      	subs	r6, r6, r5
10000bac:	4176      	adcs	r6, r6
10000bae:	4371      	muls	r1, r6
10000bb0:	0d09      	lsrs	r1, r1, #20
10000bb2:	b24d      	sxtb	r5, r1
10000bb4:	4922      	ldr	r1, [pc, #136]	@ (10000c40 <irq_add_tail_to_free_list+0xc4>)
10000bb6:	6889      	ldr	r1, [r1, #8]
10000bb8:	009b      	lsls	r3, r3, #2
10000bba:	58c9      	ldr	r1, [r1, r3]
10000bbc:	4291      	cmp	r1, r2
10000bbe:	d019      	beq.n	10000bf4 <irq_add_tail_to_free_list+0x78>
10000bc0:	2100      	movs	r1, #0
10000bc2:	2903      	cmp	r1, #3
10000bc4:	d830      	bhi.n	10000c28 <irq_add_tail_to_free_list+0xac>
10000bc6:	4b1b      	ldr	r3, [pc, #108]	@ (10000c34 <irq_add_tail_to_free_list+0xb8>)
10000bc8:	004a      	lsls	r2, r1, #1
10000bca:	1852      	adds	r2, r2, r1
10000bcc:	0092      	lsls	r2, r2, #2
10000bce:	189b      	adds	r3, r3, r2
10000bd0:	799b      	ldrb	r3, [r3, #6]
10000bd2:	b25b      	sxtb	r3, r3
10000bd4:	42ab      	cmp	r3, r5
10000bd6:	d01d      	beq.n	10000c14 <irq_add_tail_to_free_list+0x98>
10000bd8:	3101      	adds	r1, #1
10000bda:	e7f2      	b.n	10000bc2 <irq_add_tail_to_free_list+0x46>
10000bdc:	4b19      	ldr	r3, [pc, #100]	@ (10000c44 <irq_add_tail_to_free_list+0xc8>)
10000bde:	4a1a      	ldr	r2, [pc, #104]	@ (10000c48 <irq_add_tail_to_free_list+0xcc>)
10000be0:	481a      	ldr	r0, [pc, #104]	@ (10000c4c <irq_add_tail_to_free_list+0xd0>)
10000be2:	491b      	ldr	r1, [pc, #108]	@ (10000c50 <irq_add_tail_to_free_list+0xd4>)
10000be4:	f002 ffec 	bl	10003bc0 <__assert_func>
10000be8:	4b1a      	ldr	r3, [pc, #104]	@ (10000c54 <irq_add_tail_to_free_list+0xd8>)
10000bea:	4a17      	ldr	r2, [pc, #92]	@ (10000c48 <irq_add_tail_to_free_list+0xcc>)
10000bec:	4817      	ldr	r0, [pc, #92]	@ (10000c4c <irq_add_tail_to_free_list+0xd0>)
10000bee:	491a      	ldr	r1, [pc, #104]	@ (10000c58 <irq_add_tail_to_free_list+0xdc>)
10000bf0:	f002 ffe6 	bl	10003bc0 <__assert_func>
10000bf4:	4a12      	ldr	r2, [pc, #72]	@ (10000c40 <irq_add_tail_to_free_list+0xc4>)
10000bf6:	6892      	ldr	r2, [r2, #8]
10000bf8:	4918      	ldr	r1, [pc, #96]	@ (10000c5c <irq_add_tail_to_free_list+0xe0>)
10000bfa:	50d1      	str	r1, [r2, r3]
10000bfc:	4b18      	ldr	r3, [pc, #96]	@ (10000c60 <irq_add_tail_to_free_list+0xe4>)
10000bfe:	781a      	ldrb	r2, [r3, #0]
10000c00:	7182      	strb	r2, [r0, #6]
10000c02:	701d      	strb	r5, [r3, #0]
10000c04:	f3bf 8f5f 	dmb	sy
10000c08:	4b0b      	ldr	r3, [pc, #44]	@ (10000c38 <irq_add_tail_to_free_list+0xbc>)
10000c0a:	2200      	movs	r2, #0
10000c0c:	601a      	str	r2, [r3, #0]
10000c0e:	f384 8810 	msr	PRIMASK, r4
10000c12:	bdf8      	pop	{r3, r4, r5, r6, r7, pc}
10000c14:	4b07      	ldr	r3, [pc, #28]	@ (10000c34 <irq_add_tail_to_free_list+0xb8>)
10000c16:	004a      	lsls	r2, r1, #1
10000c18:	1856      	adds	r6, r2, r1
10000c1a:	00b6      	lsls	r6, r6, #2
10000c1c:	199e      	adds	r6, r3, r6
10000c1e:	27ff      	movs	r7, #255	@ 0xff
10000c20:	71b7      	strb	r7, [r6, #6]
10000c22:	4a10      	ldr	r2, [pc, #64]	@ (10000c64 <irq_add_tail_to_free_list+0xe8>)
10000c24:	80b2      	strh	r2, [r6, #4]
10000c26:	e7e9      	b.n	10000bfc <irq_add_tail_to_free_list+0x80>
10000c28:	4b0f      	ldr	r3, [pc, #60]	@ (10000c68 <irq_add_tail_to_free_list+0xec>)
10000c2a:	4a07      	ldr	r2, [pc, #28]	@ (10000c48 <irq_add_tail_to_free_list+0xcc>)
10000c2c:	4807      	ldr	r0, [pc, #28]	@ (10000c4c <irq_add_tail_to_free_list+0xd0>)
10000c2e:	490f      	ldr	r1, [pc, #60]	@ (10000c6c <irq_add_tail_to_free_list+0xf0>)
10000c30:	f002 ffc6 	bl	10003bc0 <__assert_func>
10000c34:	20000c34 	.word	0x20000c34
10000c38:	d0000124 	.word	0xd0000124
10000c3c:	0000aaaa 	.word	0x0000aaaa
10000c40:	e000ed00 	.word	0xe000ed00
10000c44:	100071f4 	.word	0x100071f4
10000c48:	10007bec 	.word	0x10007bec
10000c4c:	10007070 	.word	0x10007070
10000c50:	0000027f 	.word	0x0000027f
10000c54:	1000721c 	.word	0x1000721c
10000c58:	00000282 	.word	0x00000282
10000c5c:	100001c1 	.word	0x100001c1
10000c60:	20001e05 	.word	0x20001e05
10000c64:	ffffbd01 	.word	0xffffbd01
10000c68:	10007228 	.word	0x10007228
10000c6c:	00000293 	.word	0x00000293

10000c70 <user_irq_claim_unused>:
10000c70:	b510      	push	{r4, lr}
10000c72:	b082      	sub	sp, #8
10000c74:	0001      	movs	r1, r0
10000c76:	4c07      	ldr	r4, [pc, #28]	@ (10000c94 <user_irq_claim_unused+0x24>)
10000c78:	4b07      	ldr	r3, [pc, #28]	@ (10000c98 <user_irq_claim_unused+0x28>)
10000c7a:	9300      	str	r3, [sp, #0]
10000c7c:	2305      	movs	r3, #5
10000c7e:	2200      	movs	r2, #0
10000c80:	0020      	movs	r0, r4
10000c82:	f7ff fd48 	bl	10000716 <hw_claim_unused_from_range>
10000c86:	2800      	cmp	r0, #0
10000c88:	db01      	blt.n	10000c8e <user_irq_claim_unused+0x1e>
10000c8a:	231f      	movs	r3, #31
10000c8c:	1a18      	subs	r0, r3, r0
10000c8e:	b002      	add	sp, #8
10000c90:	bd10      	pop	{r4, pc}
10000c92:	46c0      	nop			@ (mov r8, r8)
10000c94:	20001e0a 	.word	0x20001e0a
10000c98:	10007230 	.word	0x10007230

10000c9c <lock_init>:
10000c9c:	4b02      	ldr	r3, [pc, #8]	@ (10000ca8 <lock_init+0xc>)
10000c9e:	469c      	mov	ip, r3
10000ca0:	4461      	add	r1, ip
10000ca2:	0089      	lsls	r1, r1, #2
10000ca4:	6001      	str	r1, [r0, #0]
10000ca6:	4770      	bx	lr
10000ca8:	34000040 	.word	0x34000040

10000cac <mutex_init>:
10000cac:	b510      	push	{r4, lr}
10000cae:	0004      	movs	r4, r0
10000cb0:	f7ff fd5a 	bl	10000768 <next_striped_spin_lock_num>
10000cb4:	0001      	movs	r1, r0
10000cb6:	0020      	movs	r0, r4
10000cb8:	f7ff fff0 	bl	10000c9c <lock_init>
10000cbc:	23ff      	movs	r3, #255	@ 0xff
10000cbe:	7123      	strb	r3, [r4, #4]
10000cc0:	f3bf 8f5f 	dmb	sy
10000cc4:	bd10      	pop	{r4, pc}

10000cc6 <recursive_mutex_init>:
10000cc6:	b510      	push	{r4, lr}
10000cc8:	0004      	movs	r4, r0
10000cca:	f7ff fd4d 	bl	10000768 <next_striped_spin_lock_num>
10000cce:	0001      	movs	r1, r0
10000cd0:	0020      	movs	r0, r4
10000cd2:	f7ff ffe3 	bl	10000c9c <lock_init>
10000cd6:	23ff      	movs	r3, #255	@ 0xff
10000cd8:	7123      	strb	r3, [r4, #4]
10000cda:	2300      	movs	r3, #0
10000cdc:	7163      	strb	r3, [r4, #5]
10000cde:	f3bf 8f5f 	dmb	sy
10000ce2:	bd10      	pop	{r4, pc}

10000ce4 <runtime_init_mutex>:
10000ce4:	b510      	push	{r4, lr}
10000ce6:	4c0d      	ldr	r4, [pc, #52]	@ (10000d1c <runtime_init_mutex+0x38>)
10000ce8:	e009      	b.n	10000cfe <runtime_init_mutex+0x1a>
10000cea:	4b0d      	ldr	r3, [pc, #52]	@ (10000d20 <runtime_init_mutex+0x3c>)
10000cec:	4a0d      	ldr	r2, [pc, #52]	@ (10000d24 <runtime_init_mutex+0x40>)
10000cee:	480e      	ldr	r0, [pc, #56]	@ (10000d28 <runtime_init_mutex+0x44>)
10000cf0:	211a      	movs	r1, #26
10000cf2:	f002 ff65 	bl	10003bc0 <__assert_func>
10000cf6:	0020      	movs	r0, r4
10000cf8:	f7ff ffd8 	bl	10000cac <mutex_init>
10000cfc:	3408      	adds	r4, #8
10000cfe:	4b0b      	ldr	r3, [pc, #44]	@ (10000d2c <runtime_init_mutex+0x48>)
10000d00:	429c      	cmp	r4, r3
10000d02:	d209      	bcs.n	10000d18 <runtime_init_mutex+0x34>
10000d04:	6823      	ldr	r3, [r4, #0]
10000d06:	2b00      	cmp	r3, #0
10000d08:	d0f5      	beq.n	10000cf6 <runtime_init_mutex+0x12>
10000d0a:	2b01      	cmp	r3, #1
10000d0c:	d1ed      	bne.n	10000cea <runtime_init_mutex+0x6>
10000d0e:	0020      	movs	r0, r4
10000d10:	f7ff ffd9 	bl	10000cc6 <recursive_mutex_init>
10000d14:	3408      	adds	r4, #8
10000d16:	e7f2      	b.n	10000cfe <runtime_init_mutex+0x1a>
10000d18:	bd10      	pop	{r4, pc}
10000d1a:	46c0      	nop			@ (mov r8, r8)
10000d1c:	20000cf8 	.word	0x20000cf8
10000d20:	1000724c 	.word	0x1000724c
10000d24:	10007c7c 	.word	0x10007c7c
10000d28:	1000726c 	.word	0x1000726c
10000d2c:	20000d00 	.word	0x20000d00

10000d30 <critical_section_init_with_lock_num>:
10000d30:	4b03      	ldr	r3, [pc, #12]	@ (10000d40 <critical_section_init_with_lock_num+0x10>)
10000d32:	469c      	mov	ip, r3
10000d34:	4461      	add	r1, ip
10000d36:	0089      	lsls	r1, r1, #2
10000d38:	6001      	str	r1, [r0, #0]
10000d3a:	f3bf 8f5f 	dmb	sy
10000d3e:	4770      	bx	lr
10000d40:	34000040 	.word	0x34000040

10000d44 <critical_section_init>:
10000d44:	b510      	push	{r4, lr}
10000d46:	0004      	movs	r4, r0
10000d48:	2001      	movs	r0, #1
10000d4a:	f7ff fd1b 	bl	10000784 <spin_lock_claim_unused>
10000d4e:	0001      	movs	r1, r0
10000d50:	0020      	movs	r0, r4
10000d52:	f7ff ffed 	bl	10000d30 <critical_section_init_with_lock_num>
10000d56:	bd10      	pop	{r4, pc}

10000d58 <ta_set_timeout>:
10000d58:	b530      	push	{r4, r5, lr}
10000d5a:	6a84      	ldr	r4, [r0, #40]	@ 0x28
10000d5c:	1b15      	subs	r5, r2, r4
10000d5e:	1d0b      	adds	r3, r1, #4
10000d60:	009b      	lsls	r3, r3, #2
10000d62:	581b      	ldr	r3, [r3, r0]
10000d64:	1b1b      	subs	r3, r3, r4
10000d66:	429d      	cmp	r5, r3
10000d68:	d304      	bcc.n	10000d74 <ta_set_timeout+0x1c>
10000d6a:	6a04      	ldr	r4, [r0, #32]
10000d6c:	2301      	movs	r3, #1
10000d6e:	408b      	lsls	r3, r1
10000d70:	4223      	tst	r3, r4
10000d72:	d102      	bne.n	10000d7a <ta_set_timeout+0x22>
10000d74:	3104      	adds	r1, #4
10000d76:	0089      	lsls	r1, r1, #2
10000d78:	500a      	str	r2, [r1, r0]
10000d7a:	bd30      	pop	{r4, r5, pc}

10000d7c <make_alarm_id>:
10000d7c:	0400      	lsls	r0, r0, #16
10000d7e:	4308      	orrs	r0, r1
10000d80:	4770      	bx	lr
	...

10000d84 <sleep_until_callback>:
10000d84:	4b0a      	ldr	r3, [pc, #40]	@ (10000db0 <sleep_until_callback+0x2c>)
10000d86:	6819      	ldr	r1, [r3, #0]
10000d88:	f3ef 8310 	mrs	r3, PRIMASK
10000d8c:	b672      	cpsid	i
10000d8e:	680a      	ldr	r2, [r1, #0]
10000d90:	2a00      	cmp	r2, #0
10000d92:	d0fc      	beq.n	10000d8e <sleep_until_callback+0xa>
10000d94:	f3bf 8f5f 	dmb	sy
10000d98:	4a05      	ldr	r2, [pc, #20]	@ (10000db0 <sleep_until_callback+0x2c>)
10000d9a:	6812      	ldr	r2, [r2, #0]
10000d9c:	f3bf 8f5f 	dmb	sy
10000da0:	2100      	movs	r1, #0
10000da2:	6011      	str	r1, [r2, #0]
10000da4:	f383 8810 	msr	PRIMASK, r3
10000da8:	bf40      	sev
10000daa:	2000      	movs	r0, #0
10000dac:	2100      	movs	r1, #0
10000dae:	4770      	bx	lr
10000db0:	20001de0 	.word	0x20001de0

10000db4 <alarm_pool_irq_handler>:
10000db4:	b5f0      	push	{r4, r5, r6, r7, lr}
10000db6:	46de      	mov	lr, fp
10000db8:	4657      	mov	r7, sl
10000dba:	464e      	mov	r6, r9
10000dbc:	4645      	mov	r5, r8
10000dbe:	b5e0      	push	{r5, r6, r7, lr}
10000dc0:	b087      	sub	sp, #28
10000dc2:	f3ef 8305 	mrs	r3, IPSR
10000dc6:	2203      	movs	r2, #3
10000dc8:	401a      	ands	r2, r3
10000dca:	4692      	mov	sl, r2
10000dcc:	4bae      	ldr	r3, [pc, #696]	@ (10001088 <alarm_pool_irq_handler+0x2d4>)
10000dce:	0092      	lsls	r2, r2, #2
10000dd0:	58d7      	ldr	r7, [r2, r3]
10000dd2:	783b      	ldrb	r3, [r7, #0]
10000dd4:	4553      	cmp	r3, sl
10000dd6:	d107      	bne.n	10000de8 <alarm_pool_irq_handler+0x34>
10000dd8:	2301      	movs	r3, #1
10000dda:	4652      	mov	r2, sl
10000ddc:	4093      	lsls	r3, r2
10000dde:	4699      	mov	r9, r3
10000de0:	4baa      	ldr	r3, [pc, #680]	@ (1000108c <alarm_pool_irq_handler+0x2d8>)
10000de2:	464a      	mov	r2, r9
10000de4:	601a      	str	r2, [r3, #0]
10000de6:	e125      	b.n	10001034 <alarm_pool_irq_handler+0x280>
10000de8:	4ba9      	ldr	r3, [pc, #676]	@ (10001090 <alarm_pool_irq_handler+0x2dc>)
10000dea:	4aaa      	ldr	r2, [pc, #680]	@ (10001094 <alarm_pool_irq_handler+0x2e0>)
10000dec:	48aa      	ldr	r0, [pc, #680]	@ (10001098 <alarm_pool_irq_handler+0x2e4>)
10000dee:	2192      	movs	r1, #146	@ 0x92
10000df0:	f002 fee6 	bl	10003bc0 <__assert_func>
10000df4:	697a      	ldr	r2, [r7, #20]
10000df6:	0073      	lsls	r3, r6, #1
10000df8:	199b      	adds	r3, r3, r6
10000dfa:	00db      	lsls	r3, r3, #3
10000dfc:	4690      	mov	r8, r2
10000dfe:	4498      	add	r8, r3
10000e00:	4643      	mov	r3, r8
10000e02:	689c      	ldr	r4, [r3, #8]
10000e04:	68dd      	ldr	r5, [r3, #12]
10000e06:	48a5      	ldr	r0, [pc, #660]	@ (1000109c <alarm_pool_irq_handler+0x2e8>)
10000e08:	f000 fbae 	bl	10001568 <timer_time_us_64>
10000e0c:	1b00      	subs	r0, r0, r4
10000e0e:	41a9      	sbcs	r1, r5
10000e10:	2900      	cmp	r1, #0
10000e12:	da00      	bge.n	10000e16 <alarm_pool_irq_handler+0x62>
10000e14:	e116      	b.n	10001044 <alarm_pool_irq_handler+0x290>
10000e16:	2d00      	cmp	r5, #0
10000e18:	db74      	blt.n	10000f04 <alarm_pool_irq_handler+0x150>
10000e1a:	4643      	mov	r3, r8
10000e1c:	691b      	ldr	r3, [r3, #16]
10000e1e:	469b      	mov	fp, r3
10000e20:	4b9f      	ldr	r3, [pc, #636]	@ (100010a0 <alarm_pool_irq_handler+0x2ec>)
10000e22:	459b      	cmp	fp, r3
10000e24:	d04f      	beq.n	10000ec6 <alarm_pool_irq_handler+0x112>
10000e26:	2308      	movs	r3, #8
10000e28:	5ef8      	ldrsh	r0, [r7, r3]
10000e2a:	4643      	mov	r3, r8
10000e2c:	8859      	ldrh	r1, [r3, #2]
10000e2e:	b289      	uxth	r1, r1
10000e30:	f7ff ffa4 	bl	10000d7c <make_alarm_id>
10000e34:	4643      	mov	r3, r8
10000e36:	6959      	ldr	r1, [r3, #20]
10000e38:	47d8      	blx	fp
10000e3a:	9002      	str	r0, [sp, #8]
10000e3c:	9103      	str	r1, [sp, #12]
10000e3e:	9902      	ldr	r1, [sp, #8]
10000e40:	9a03      	ldr	r2, [sp, #12]
10000e42:	000b      	movs	r3, r1
10000e44:	0010      	movs	r0, r2
10000e46:	4313      	orrs	r3, r2
10000e48:	d05c      	beq.n	10000f04 <alarm_pool_irq_handler+0x150>
10000e4a:	0013      	movs	r3, r2
10000e4c:	000a      	movs	r2, r1
10000e4e:	2800      	cmp	r0, #0
10000e50:	da47      	bge.n	10000ee2 <alarm_pool_irq_handler+0x12e>
10000e52:	1aa4      	subs	r4, r4, r2
10000e54:	419d      	sbcs	r5, r3
10000e56:	9400      	str	r4, [sp, #0]
10000e58:	9501      	str	r5, [sp, #4]
10000e5a:	4643      	mov	r3, r8
10000e5c:	9c00      	ldr	r4, [sp, #0]
10000e5e:	9d01      	ldr	r5, [sp, #4]
10000e60:	609c      	str	r4, [r3, #8]
10000e62:	60dd      	str	r5, [r3, #12]
10000e64:	2100      	movs	r1, #0
10000e66:	5e59      	ldrsh	r1, [r3, r1]
10000e68:	2900      	cmp	r1, #0
10000e6a:	da00      	bge.n	10000e6e <alarm_pool_irq_handler+0xba>
10000e6c:	e0ea      	b.n	10001044 <alarm_pool_irq_handler+0x290>
10000e6e:	6978      	ldr	r0, [r7, #20]
10000e70:	004b      	lsls	r3, r1, #1
10000e72:	185b      	adds	r3, r3, r1
10000e74:	00db      	lsls	r3, r3, #3
10000e76:	18c3      	adds	r3, r0, r3
10000e78:	689a      	ldr	r2, [r3, #8]
10000e7a:	68db      	ldr	r3, [r3, #12]
10000e7c:	1aa4      	subs	r4, r4, r2
10000e7e:	419d      	sbcs	r5, r3
10000e80:	2d00      	cmp	r5, #0
10000e82:	da00      	bge.n	10000e86 <alarm_pool_irq_handler+0xd2>
10000e84:	e0de      	b.n	10001044 <alarm_pool_irq_handler+0x290>
10000e86:	8139      	strh	r1, [r7, #8]
10000e88:	003d      	movs	r5, r7
10000e8a:	3508      	adds	r5, #8
10000e8c:	4684      	mov	ip, r0
10000e8e:	9104      	str	r1, [sp, #16]
10000e90:	002a      	movs	r2, r5
10000e92:	9705      	str	r7, [sp, #20]
10000e94:	46b3      	mov	fp, r6
10000e96:	9e00      	ldr	r6, [sp, #0]
10000e98:	9f01      	ldr	r7, [sp, #4]
10000e9a:	9b04      	ldr	r3, [sp, #16]
10000e9c:	2b00      	cmp	r3, #0
10000e9e:	db2a      	blt.n	10000ef6 <alarm_pool_irq_handler+0x142>
10000ea0:	2300      	movs	r3, #0
10000ea2:	5ed4      	ldrsh	r4, [r2, r3]
10000ea4:	0063      	lsls	r3, r4, #1
10000ea6:	191b      	adds	r3, r3, r4
10000ea8:	00db      	lsls	r3, r3, #3
10000eaa:	4463      	add	r3, ip
10000eac:	689c      	ldr	r4, [r3, #8]
10000eae:	68dd      	ldr	r5, [r3, #12]
10000eb0:	0030      	movs	r0, r6
10000eb2:	0039      	movs	r1, r7
10000eb4:	1b00      	subs	r0, r0, r4
10000eb6:	41a9      	sbcs	r1, r5
10000eb8:	2900      	cmp	r1, #0
10000eba:	db1c      	blt.n	10000ef6 <alarm_pool_irq_handler+0x142>
10000ebc:	001a      	movs	r2, r3
10000ebe:	2100      	movs	r1, #0
10000ec0:	5e59      	ldrsh	r1, [r3, r1]
10000ec2:	9104      	str	r1, [sp, #16]
10000ec4:	e7e9      	b.n	10000e9a <alarm_pool_irq_handler+0xe6>
10000ec6:	4643      	mov	r3, r8
10000ec8:	695b      	ldr	r3, [r3, #20]
10000eca:	469b      	mov	fp, r3
10000ecc:	691b      	ldr	r3, [r3, #16]
10000ece:	4658      	mov	r0, fp
10000ed0:	4798      	blx	r3
10000ed2:	2800      	cmp	r0, #0
10000ed4:	d016      	beq.n	10000f04 <alarm_pool_irq_handler+0x150>
10000ed6:	465b      	mov	r3, fp
10000ed8:	681a      	ldr	r2, [r3, #0]
10000eda:	685b      	ldr	r3, [r3, #4]
10000edc:	9202      	str	r2, [sp, #8]
10000ede:	9303      	str	r3, [sp, #12]
10000ee0:	e7ad      	b.n	10000e3e <alarm_pool_irq_handler+0x8a>
10000ee2:	486e      	ldr	r0, [pc, #440]	@ (1000109c <alarm_pool_irq_handler+0x2e8>)
10000ee4:	f000 fb40 	bl	10001568 <timer_time_us_64>
10000ee8:	9b02      	ldr	r3, [sp, #8]
10000eea:	9c03      	ldr	r4, [sp, #12]
10000eec:	181b      	adds	r3, r3, r0
10000eee:	414c      	adcs	r4, r1
10000ef0:	9300      	str	r3, [sp, #0]
10000ef2:	9401      	str	r4, [sp, #4]
10000ef4:	e7b1      	b.n	10000e5a <alarm_pool_irq_handler+0xa6>
10000ef6:	9904      	ldr	r1, [sp, #16]
10000ef8:	9f05      	ldr	r7, [sp, #20]
10000efa:	465e      	mov	r6, fp
10000efc:	4643      	mov	r3, r8
10000efe:	8019      	strh	r1, [r3, #0]
10000f00:	8016      	strh	r6, [r2, #0]
10000f02:	e09f      	b.n	10001044 <alarm_pool_irq_handler+0x290>
10000f04:	4643      	mov	r3, r8
10000f06:	2200      	movs	r2, #0
10000f08:	5e9b      	ldrsh	r3, [r3, r2]
10000f0a:	813b      	strh	r3, [r7, #8]
10000f0c:	693a      	ldr	r2, [r7, #16]
10000f0e:	f3ef 8310 	mrs	r3, PRIMASK
10000f12:	b672      	cpsid	i
10000f14:	6811      	ldr	r1, [r2, #0]
10000f16:	2900      	cmp	r1, #0
10000f18:	d0fc      	beq.n	10000f14 <alarm_pool_irq_handler+0x160>
10000f1a:	f3bf 8f5f 	dmb	sy
10000f1e:	2102      	movs	r1, #2
10000f20:	5e7a      	ldrsh	r2, [r7, r1]
10000f22:	4641      	mov	r1, r8
10000f24:	800a      	strh	r2, [r1, #0]
10000f26:	807e      	strh	r6, [r7, #2]
10000f28:	693a      	ldr	r2, [r7, #16]
10000f2a:	f3bf 8f5f 	dmb	sy
10000f2e:	2100      	movs	r1, #0
10000f30:	6011      	str	r1, [r2, #0]
10000f32:	f383 8810 	msr	PRIMASK, r3
10000f36:	e085      	b.n	10001044 <alarm_pool_irq_handler+0x290>
10000f38:	6939      	ldr	r1, [r7, #16]
10000f3a:	f3ef 8310 	mrs	r3, PRIMASK
10000f3e:	b672      	cpsid	i
10000f40:	680a      	ldr	r2, [r1, #0]
10000f42:	2a00      	cmp	r2, #0
10000f44:	d0fc      	beq.n	10000f40 <alarm_pool_irq_handler+0x18c>
10000f46:	f3bf 8f5f 	dmb	sy
10000f4a:	88b8      	ldrh	r0, [r7, #4]
10000f4c:	b200      	sxth	r0, r0
10000f4e:	2201      	movs	r2, #1
10000f50:	4252      	negs	r2, r2
10000f52:	80ba      	strh	r2, [r7, #4]
10000f54:	693a      	ldr	r2, [r7, #16]
10000f56:	f3bf 8f5f 	dmb	sy
10000f5a:	2100      	movs	r1, #0
10000f5c:	6011      	str	r1, [r2, #0]
10000f5e:	f383 8810 	msr	PRIMASK, r3
10000f62:	0005      	movs	r5, r0
10000f64:	46bc      	mov	ip, r7
10000f66:	e01c      	b.n	10000fa2 <alarm_pool_irq_handler+0x1ee>
10000f68:	9304      	str	r3, [sp, #16]
10000f6a:	2200      	movs	r2, #0
10000f6c:	5e9a      	ldrsh	r2, [r3, r2]
10000f6e:	2a00      	cmp	r2, #0
10000f70:	db0e      	blt.n	10000f90 <alarm_pool_irq_handler+0x1dc>
10000f72:	9b04      	ldr	r3, [sp, #16]
10000f74:	2100      	movs	r1, #0
10000f76:	5e59      	ldrsh	r1, [r3, r1]
10000f78:	004b      	lsls	r3, r1, #1
10000f7a:	185b      	adds	r3, r3, r1
10000f7c:	00db      	lsls	r3, r3, #3
10000f7e:	4463      	add	r3, ip
10000f80:	6898      	ldr	r0, [r3, #8]
10000f82:	68d9      	ldr	r1, [r3, #12]
10000f84:	0034      	movs	r4, r6
10000f86:	003d      	movs	r5, r7
10000f88:	1a24      	subs	r4, r4, r0
10000f8a:	418d      	sbcs	r5, r1
10000f8c:	2d00      	cmp	r5, #0
10000f8e:	daeb      	bge.n	10000f68 <alarm_pool_irq_handler+0x1b4>
10000f90:	9904      	ldr	r1, [sp, #16]
10000f92:	465d      	mov	r5, fp
10000f94:	9b00      	ldr	r3, [sp, #0]
10000f96:	469c      	mov	ip, r3
10000f98:	4644      	mov	r4, r8
10000f9a:	800d      	strh	r5, [r1, #0]
10000f9c:	2300      	movs	r3, #0
10000f9e:	5ee5      	ldrsh	r5, [r4, r3]
10000fa0:	8022      	strh	r2, [r4, #0]
10000fa2:	2d00      	cmp	r5, #0
10000fa4:	db12      	blt.n	10000fcc <alarm_pool_irq_handler+0x218>
10000fa6:	4663      	mov	r3, ip
10000fa8:	6958      	ldr	r0, [r3, #20]
10000faa:	006c      	lsls	r4, r5, #1
10000fac:	1964      	adds	r4, r4, r5
10000fae:	00e4      	lsls	r4, r4, #3
10000fb0:	1904      	adds	r4, r0, r4
10000fb2:	68a6      	ldr	r6, [r4, #8]
10000fb4:	68e7      	ldr	r7, [r4, #12]
10000fb6:	4661      	mov	r1, ip
10000fb8:	3108      	adds	r1, #8
10000fba:	2208      	movs	r2, #8
10000fbc:	5e9a      	ldrsh	r2, [r3, r2]
10000fbe:	46ab      	mov	fp, r5
10000fc0:	9104      	str	r1, [sp, #16]
10000fc2:	4663      	mov	r3, ip
10000fc4:	9300      	str	r3, [sp, #0]
10000fc6:	46a0      	mov	r8, r4
10000fc8:	4684      	mov	ip, r0
10000fca:	e7d0      	b.n	10000f6e <alarm_pool_irq_handler+0x1ba>
10000fcc:	4667      	mov	r7, ip
10000fce:	e03e      	b.n	1000104e <alarm_pool_irq_handler+0x29a>
10000fd0:	2300      	movs	r3, #0
10000fd2:	71bb      	strb	r3, [r7, #6]
10000fd4:	0039      	movs	r1, r7
10000fd6:	3108      	adds	r1, #8
10000fd8:	2308      	movs	r3, #8
10000fda:	5ef8      	ldrsh	r0, [r7, r3]
10000fdc:	e00e      	b.n	10000ffc <alarm_pool_irq_handler+0x248>
10000fde:	2401      	movs	r4, #1
10000fe0:	4264      	negs	r4, r4
10000fe2:	17e5      	asrs	r5, r4, #31
10000fe4:	6094      	str	r4, [r2, #8]
10000fe6:	60d5      	str	r5, [r2, #12]
10000fe8:	2408      	movs	r4, #8
10000fea:	5f3b      	ldrsh	r3, [r7, r4]
10000fec:	4283      	cmp	r3, r0
10000fee:	d004      	beq.n	10000ffa <alarm_pool_irq_handler+0x246>
10000ff0:	800e      	strh	r6, [r1, #0]
10000ff2:	2408      	movs	r4, #8
10000ff4:	5f3b      	ldrsh	r3, [r7, r4]
10000ff6:	8013      	strh	r3, [r2, #0]
10000ff8:	8138      	strh	r0, [r7, #8]
10000ffa:	0030      	movs	r0, r6
10000ffc:	1c43      	adds	r3, r0, #1
10000ffe:	d029      	beq.n	10001054 <alarm_pool_irq_handler+0x2a0>
10001000:	697c      	ldr	r4, [r7, #20]
10001002:	0043      	lsls	r3, r0, #1
10001004:	181b      	adds	r3, r3, r0
10001006:	00db      	lsls	r3, r3, #3
10001008:	18e2      	adds	r2, r4, r3
1000100a:	5ee6      	ldrsh	r6, [r4, r3]
1000100c:	8853      	ldrh	r3, [r2, #2]
1000100e:	b21b      	sxth	r3, r3
10001010:	2b00      	cmp	r3, #0
10001012:	dbe4      	blt.n	10000fde <alarm_pool_irq_handler+0x22a>
10001014:	0011      	movs	r1, r2
10001016:	e7f0      	b.n	10000ffa <alarm_pool_irq_handler+0x246>
10001018:	0022      	movs	r2, r4
1000101a:	002b      	movs	r3, r5
1000101c:	4651      	mov	r1, sl
1000101e:	481f      	ldr	r0, [pc, #124]	@ (1000109c <alarm_pool_irq_handler+0x2e8>)
10001020:	f7ff fe9a 	bl	10000d58 <ta_set_timeout>
10001024:	481d      	ldr	r0, [pc, #116]	@ (1000109c <alarm_pool_irq_handler+0x2e8>)
10001026:	f000 fa9f 	bl	10001568 <timer_time_us_64>
1000102a:	1a24      	subs	r4, r4, r0
1000102c:	418d      	sbcs	r5, r1
1000102e:	2d00      	cmp	r5, #0
10001030:	dc22      	bgt.n	10001078 <alarm_pool_irq_handler+0x2c4>
10001032:	d01f      	beq.n	10001074 <alarm_pool_irq_handler+0x2c0>
10001034:	4b19      	ldr	r3, [pc, #100]	@ (1000109c <alarm_pool_irq_handler+0x2e8>)
10001036:	464a      	mov	r2, r9
10001038:	635a      	str	r2, [r3, #52]	@ 0x34
1000103a:	2308      	movs	r3, #8
1000103c:	5efe      	ldrsh	r6, [r7, r3]
1000103e:	2e00      	cmp	r6, #0
10001040:	db00      	blt.n	10001044 <alarm_pool_irq_handler+0x290>
10001042:	e6d7      	b.n	10000df4 <alarm_pool_irq_handler+0x40>
10001044:	88bb      	ldrh	r3, [r7, #4]
10001046:	b21b      	sxth	r3, r3
10001048:	2b00      	cmp	r3, #0
1000104a:	db00      	blt.n	1000104e <alarm_pool_irq_handler+0x29a>
1000104c:	e774      	b.n	10000f38 <alarm_pool_irq_handler+0x184>
1000104e:	79bb      	ldrb	r3, [r7, #6]
10001050:	2b00      	cmp	r3, #0
10001052:	d1bd      	bne.n	10000fd0 <alarm_pool_irq_handler+0x21c>
10001054:	2308      	movs	r3, #8
10001056:	5efa      	ldrsh	r2, [r7, r3]
10001058:	2a00      	cmp	r2, #0
1000105a:	db0d      	blt.n	10001078 <alarm_pool_irq_handler+0x2c4>
1000105c:	6979      	ldr	r1, [r7, #20]
1000105e:	0053      	lsls	r3, r2, #1
10001060:	189b      	adds	r3, r3, r2
10001062:	00db      	lsls	r3, r3, #3
10001064:	18cb      	adds	r3, r1, r3
10001066:	689c      	ldr	r4, [r3, #8]
10001068:	68dd      	ldr	r5, [r3, #12]
1000106a:	1c63      	adds	r3, r4, #1
1000106c:	d1d4      	bne.n	10001018 <alarm_pool_irq_handler+0x264>
1000106e:	1c6b      	adds	r3, r5, #1
10001070:	d0d8      	beq.n	10001024 <alarm_pool_irq_handler+0x270>
10001072:	e7d1      	b.n	10001018 <alarm_pool_irq_handler+0x264>
10001074:	2c00      	cmp	r4, #0
10001076:	d0dd      	beq.n	10001034 <alarm_pool_irq_handler+0x280>
10001078:	bf40      	sev
1000107a:	b007      	add	sp, #28
1000107c:	bcf0      	pop	{r4, r5, r6, r7}
1000107e:	46bb      	mov	fp, r7
10001080:	46b2      	mov	sl, r6
10001082:	46a9      	mov	r9, r5
10001084:	46a0      	mov	r8, r4
10001086:	bdf0      	pop	{r4, r5, r6, r7, pc}
10001088:	20001bc4 	.word	0x20001bc4
1000108c:	4005703c 	.word	0x4005703c
10001090:	10007300 	.word	0x10007300
10001094:	10007ca8 	.word	0x10007ca8
10001098:	1000732c 	.word	0x1000732c
1000109c:	40054000 	.word	0x40054000
100010a0:	10000db5 	.word	0x10000db5

100010a4 <ta_enable_irq_handler>:
100010a4:	b570      	push	{r4, r5, r6, lr}
100010a6:	0004      	movs	r4, r0
100010a8:	000d      	movs	r5, r1
100010aa:	0011      	movs	r1, r2
100010ac:	2601      	movs	r6, #1
100010ae:	40ae      	lsls	r6, r5
100010b0:	6206      	str	r6, [r0, #32]
100010b2:	0028      	movs	r0, r5
100010b4:	f7ff fc2c 	bl	10000910 <irq_set_exclusive_handler>
100010b8:	2101      	movs	r1, #1
100010ba:	0028      	movs	r0, r5
100010bc:	f7ff fc00 	bl	100008c0 <irq_set_enabled>
100010c0:	4b02      	ldr	r3, [pc, #8]	@ (100010cc <ta_enable_irq_handler+0x28>)
100010c2:	469c      	mov	ip, r3
100010c4:	4464      	add	r4, ip
100010c6:	6026      	str	r6, [r4, #0]
100010c8:	bd70      	pop	{r4, r5, r6, pc}
100010ca:	46c0      	nop			@ (mov r8, r8)
100010cc:	00002038 	.word	0x00002038

100010d0 <alarm_pool_post_alloc_init>:
100010d0:	b5f8      	push	{r3, r4, r5, r6, r7, lr}
100010d2:	46ce      	mov	lr, r9
100010d4:	4647      	mov	r7, r8
100010d6:	b580      	push	{r7, lr}
100010d8:	0006      	movs	r6, r0
100010da:	4689      	mov	r9, r1
100010dc:	4690      	mov	r8, r2
100010de:	001f      	movs	r7, r3
100010e0:	60c1      	str	r1, [r0, #12]
100010e2:	f7ff fb41 	bl	10000768 <next_striped_spin_lock_num>
100010e6:	4b15      	ldr	r3, [pc, #84]	@ (1000113c <alarm_pool_post_alloc_init+0x6c>)
100010e8:	469c      	mov	ip, r3
100010ea:	4460      	add	r0, ip
100010ec:	0080      	lsls	r0, r0, #2
100010ee:	6130      	str	r0, [r6, #16]
100010f0:	4643      	mov	r3, r8
100010f2:	7033      	strb	r3, [r6, #0]
100010f4:	b2bb      	uxth	r3, r7
100010f6:	8173      	strh	r3, [r6, #10]
100010f8:	22d0      	movs	r2, #208	@ 0xd0
100010fa:	0612      	lsls	r2, r2, #24
100010fc:	7812      	ldrb	r2, [r2, #0]
100010fe:	7072      	strb	r2, [r6, #1]
10001100:	2201      	movs	r2, #1
10001102:	4252      	negs	r2, r2
10001104:	8132      	strh	r2, [r6, #8]
10001106:	80b2      	strh	r2, [r6, #4]
10001108:	189b      	adds	r3, r3, r2
1000110a:	8073      	strh	r3, [r6, #2]
1000110c:	2400      	movs	r4, #0
1000110e:	e006      	b.n	1000111e <alarm_pool_post_alloc_init+0x4e>
10001110:	1e62      	subs	r2, r4, #1
10001112:	6973      	ldr	r3, [r6, #20]
10001114:	0065      	lsls	r5, r4, #1
10001116:	192d      	adds	r5, r5, r4
10001118:	00ed      	lsls	r5, r5, #3
1000111a:	535a      	strh	r2, [r3, r5]
1000111c:	3401      	adds	r4, #1
1000111e:	42bc      	cmp	r4, r7
10001120:	d3f6      	bcc.n	10001110 <alarm_pool_post_alloc_init+0x40>
10001122:	4b07      	ldr	r3, [pc, #28]	@ (10001140 <alarm_pool_post_alloc_init+0x70>)
10001124:	4642      	mov	r2, r8
10001126:	0092      	lsls	r2, r2, #2
10001128:	50d6      	str	r6, [r2, r3]
1000112a:	4a06      	ldr	r2, [pc, #24]	@ (10001144 <alarm_pool_post_alloc_init+0x74>)
1000112c:	4641      	mov	r1, r8
1000112e:	4648      	mov	r0, r9
10001130:	f7ff ffb8 	bl	100010a4 <ta_enable_irq_handler>
10001134:	bcc0      	pop	{r6, r7}
10001136:	46b9      	mov	r9, r7
10001138:	46b0      	mov	r8, r6
1000113a:	bdf8      	pop	{r3, r4, r5, r6, r7, pc}
1000113c:	34000040 	.word	0x34000040
10001140:	20001bc4 	.word	0x20001bc4
10001144:	10000db5 	.word	0x10000db5

10001148 <alarm_pool_get_default>:
10001148:	b510      	push	{r4, lr}
1000114a:	4b06      	ldr	r3, [pc, #24]	@ (10001164 <alarm_pool_get_default+0x1c>)
1000114c:	691b      	ldr	r3, [r3, #16]
1000114e:	2b00      	cmp	r3, #0
10001150:	d001      	beq.n	10001156 <alarm_pool_get_default+0xe>
10001152:	4804      	ldr	r0, [pc, #16]	@ (10001164 <alarm_pool_get_default+0x1c>)
10001154:	bd10      	pop	{r4, pc}
10001156:	4b04      	ldr	r3, [pc, #16]	@ (10001168 <alarm_pool_get_default+0x20>)
10001158:	4a04      	ldr	r2, [pc, #16]	@ (1000116c <alarm_pool_get_default+0x24>)
1000115a:	4805      	ldr	r0, [pc, #20]	@ (10001170 <alarm_pool_get_default+0x28>)
1000115c:	2165      	movs	r1, #101	@ 0x65
1000115e:	f002 fd2f 	bl	10003bc0 <__assert_func>
10001162:	46c0      	nop			@ (mov r8, r8)
10001164:	20000c7c 	.word	0x20000c7c
10001168:	1000736c 	.word	0x1000736c
1000116c:	10007c90 	.word	0x10007c90
10001170:	1000732c 	.word	0x1000732c

10001174 <alarm_pool_add_alarm_at_force_in_context>:
10001174:	b5f8      	push	{r3, r4, r5, r6, r7, lr}
10001176:	0004      	movs	r4, r0
10001178:	6905      	ldr	r5, [r0, #16]
1000117a:	f3ef 8010 	mrs	r0, PRIMASK
1000117e:	b672      	cpsid	i
10001180:	6829      	ldr	r1, [r5, #0]
10001182:	2900      	cmp	r1, #0
10001184:	d0fc      	beq.n	10001180 <alarm_pool_add_alarm_at_force_in_context+0xc>
10001186:	f3bf 8f5f 	dmb	sy
1000118a:	2102      	movs	r1, #2
1000118c:	5e66      	ldrsh	r6, [r4, r1]
1000118e:	6965      	ldr	r5, [r4, #20]
10001190:	0071      	lsls	r1, r6, #1
10001192:	1989      	adds	r1, r1, r6
10001194:	00c9      	lsls	r1, r1, #3
10001196:	186d      	adds	r5, r5, r1
10001198:	2e00      	cmp	r6, #0
1000119a:	db02      	blt.n	100011a2 <alarm_pool_add_alarm_at_force_in_context+0x2e>
1000119c:	2700      	movs	r7, #0
1000119e:	5fe9      	ldrsh	r1, [r5, r7]
100011a0:	8061      	strh	r1, [r4, #2]
100011a2:	6921      	ldr	r1, [r4, #16]
100011a4:	f3bf 8f5f 	dmb	sy
100011a8:	2700      	movs	r7, #0
100011aa:	600f      	str	r7, [r1, #0]
100011ac:	f380 8810 	msr	PRIMASK, r0
100011b0:	2e00      	cmp	r6, #0
100011b2:	db2c      	blt.n	1000120e <alarm_pool_add_alarm_at_force_in_context+0x9a>
100011b4:	9906      	ldr	r1, [sp, #24]
100011b6:	6129      	str	r1, [r5, #16]
100011b8:	9907      	ldr	r1, [sp, #28]
100011ba:	6169      	str	r1, [r5, #20]
100011bc:	60aa      	str	r2, [r5, #8]
100011be:	60eb      	str	r3, [r5, #12]
100011c0:	886b      	ldrh	r3, [r5, #2]
100011c2:	3301      	adds	r3, #1
100011c4:	045b      	lsls	r3, r3, #17
100011c6:	0c59      	lsrs	r1, r3, #17
100011c8:	2b00      	cmp	r3, #0
100011ca:	d100      	bne.n	100011ce <alarm_pool_add_alarm_at_force_in_context+0x5a>
100011cc:	2101      	movs	r1, #1
100011ce:	8069      	strh	r1, [r5, #2]
100011d0:	0030      	movs	r0, r6
100011d2:	f7ff fdd3 	bl	10000d7c <make_alarm_id>
100011d6:	6921      	ldr	r1, [r4, #16]
100011d8:	f3ef 8310 	mrs	r3, PRIMASK
100011dc:	b672      	cpsid	i
100011de:	680a      	ldr	r2, [r1, #0]
100011e0:	2a00      	cmp	r2, #0
100011e2:	d0fc      	beq.n	100011de <alarm_pool_add_alarm_at_force_in_context+0x6a>
100011e4:	f3bf 8f5f 	dmb	sy
100011e8:	88a2      	ldrh	r2, [r4, #4]
100011ea:	802a      	strh	r2, [r5, #0]
100011ec:	80a6      	strh	r6, [r4, #4]
100011ee:	6922      	ldr	r2, [r4, #16]
100011f0:	f3bf 8f5f 	dmb	sy
100011f4:	2100      	movs	r1, #0
100011f6:	6011      	str	r1, [r2, #0]
100011f8:	f383 8810 	msr	PRIMASK, r3
100011fc:	68e3      	ldr	r3, [r4, #12]
100011fe:	7821      	ldrb	r1, [r4, #0]
10001200:	2201      	movs	r2, #1
10001202:	408a      	lsls	r2, r1
10001204:	4903      	ldr	r1, [pc, #12]	@ (10001214 <alarm_pool_add_alarm_at_force_in_context+0xa0>)
10001206:	468c      	mov	ip, r1
10001208:	4463      	add	r3, ip
1000120a:	601a      	str	r2, [r3, #0]
1000120c:	bdf8      	pop	{r3, r4, r5, r6, r7, pc}
1000120e:	2001      	movs	r0, #1
10001210:	4240      	negs	r0, r0
10001212:	e7fb      	b.n	1000120c <alarm_pool_add_alarm_at_force_in_context+0x98>
10001214:	0000203c 	.word	0x0000203c

10001218 <alarm_pool_add_alarm_at>:
10001218:	b570      	push	{r4, r5, r6, lr}
1000121a:	b082      	sub	sp, #8
1000121c:	0006      	movs	r6, r0
1000121e:	0014      	movs	r4, r2
10001220:	001d      	movs	r5, r3
10001222:	ab08      	add	r3, sp, #32
10001224:	781b      	ldrb	r3, [r3, #0]
10001226:	2b00      	cmp	r3, #0
10001228:	d107      	bne.n	1000123a <alarm_pool_add_alarm_at+0x22>
1000122a:	f000 f9b3 	bl	10001594 <time_us_64>
1000122e:	0022      	movs	r2, r4
10001230:	002b      	movs	r3, r5
10001232:	1a12      	subs	r2, r2, r0
10001234:	418b      	sbcs	r3, r1
10001236:	2b00      	cmp	r3, #0
10001238:	db0a      	blt.n	10001250 <alarm_pool_add_alarm_at+0x38>
1000123a:	9b07      	ldr	r3, [sp, #28]
1000123c:	9301      	str	r3, [sp, #4]
1000123e:	9b06      	ldr	r3, [sp, #24]
10001240:	9300      	str	r3, [sp, #0]
10001242:	0022      	movs	r2, r4
10001244:	002b      	movs	r3, r5
10001246:	0030      	movs	r0, r6
10001248:	f7ff ff94 	bl	10001174 <alarm_pool_add_alarm_at_force_in_context>
1000124c:	b002      	add	sp, #8
1000124e:	bd70      	pop	{r4, r5, r6, pc}
10001250:	2000      	movs	r0, #0
10001252:	e7fb      	b.n	1000124c <alarm_pool_add_alarm_at+0x34>

10001254 <add_alarm_at>:
10001254:	b5f0      	push	{r4, r5, r6, r7, lr}
10001256:	46c6      	mov	lr, r8
10001258:	b500      	push	{lr}
1000125a:	b084      	sub	sp, #16
1000125c:	0005      	movs	r5, r0
1000125e:	4688      	mov	r8, r1
10001260:	0016      	movs	r6, r2
10001262:	001f      	movs	r7, r3
10001264:	ab0a      	add	r3, sp, #40	@ 0x28
10001266:	781c      	ldrb	r4, [r3, #0]
10001268:	f7ff ff6e 	bl	10001148 <alarm_pool_get_default>
1000126c:	9402      	str	r4, [sp, #8]
1000126e:	9701      	str	r7, [sp, #4]
10001270:	9600      	str	r6, [sp, #0]
10001272:	002a      	movs	r2, r5
10001274:	4643      	mov	r3, r8
10001276:	f7ff ffcf 	bl	10001218 <alarm_pool_add_alarm_at>
1000127a:	b004      	add	sp, #16
1000127c:	bc80      	pop	{r7}
1000127e:	46b8      	mov	r8, r7
10001280:	bdf0      	pop	{r4, r5, r6, r7, pc}
	...

10001284 <alarm_pool_cancel_alarm>:
10001284:	b530      	push	{r4, r5, lr}
10001286:	0004      	movs	r4, r0
10001288:	140a      	asrs	r2, r1, #16
1000128a:	8943      	ldrh	r3, [r0, #10]
1000128c:	429a      	cmp	r2, r3
1000128e:	da2e      	bge.n	100012ee <alarm_pool_cancel_alarm+0x6a>
10001290:	6940      	ldr	r0, [r0, #20]
10001292:	0053      	lsls	r3, r2, #1
10001294:	189b      	adds	r3, r3, r2
10001296:	00db      	lsls	r3, r3, #3
10001298:	18c3      	adds	r3, r0, r3
1000129a:	6925      	ldr	r5, [r4, #16]
1000129c:	f3ef 8210 	mrs	r2, PRIMASK
100012a0:	b672      	cpsid	i
100012a2:	6828      	ldr	r0, [r5, #0]
100012a4:	2800      	cmp	r0, #0
100012a6:	d0fc      	beq.n	100012a2 <alarm_pool_cancel_alarm+0x1e>
100012a8:	f3bf 8f5f 	dmb	sy
100012ac:	8858      	ldrh	r0, [r3, #2]
100012ae:	b285      	uxth	r5, r0
100012b0:	0409      	lsls	r1, r1, #16
100012b2:	0c09      	lsrs	r1, r1, #16
100012b4:	4288      	cmp	r0, r1
100012b6:	d012      	beq.n	100012de <alarm_pool_cancel_alarm+0x5a>
100012b8:	2000      	movs	r0, #0
100012ba:	6923      	ldr	r3, [r4, #16]
100012bc:	f3bf 8f5f 	dmb	sy
100012c0:	2100      	movs	r1, #0
100012c2:	6019      	str	r1, [r3, #0]
100012c4:	f382 8810 	msr	PRIMASK, r2
100012c8:	2800      	cmp	r0, #0
100012ca:	d011      	beq.n	100012f0 <alarm_pool_cancel_alarm+0x6c>
100012cc:	68e3      	ldr	r3, [r4, #12]
100012ce:	7821      	ldrb	r1, [r4, #0]
100012d0:	2201      	movs	r2, #1
100012d2:	408a      	lsls	r2, r1
100012d4:	4907      	ldr	r1, [pc, #28]	@ (100012f4 <alarm_pool_cancel_alarm+0x70>)
100012d6:	468c      	mov	ip, r1
100012d8:	4463      	add	r3, ip
100012da:	601a      	str	r2, [r3, #0]
100012dc:	e008      	b.n	100012f0 <alarm_pool_cancel_alarm+0x6c>
100012de:	4906      	ldr	r1, [pc, #24]	@ (100012f8 <alarm_pool_cancel_alarm+0x74>)
100012e0:	4329      	orrs	r1, r5
100012e2:	b289      	uxth	r1, r1
100012e4:	8059      	strh	r1, [r3, #2]
100012e6:	2301      	movs	r3, #1
100012e8:	71a3      	strb	r3, [r4, #6]
100012ea:	2001      	movs	r0, #1
100012ec:	e7e5      	b.n	100012ba <alarm_pool_cancel_alarm+0x36>
100012ee:	2000      	movs	r0, #0
100012f0:	bd30      	pop	{r4, r5, pc}
100012f2:	46c0      	nop			@ (mov r8, r8)
100012f4:	0000203c 	.word	0x0000203c
100012f8:	ffff8000 	.word	0xffff8000

100012fc <cancel_alarm>:
100012fc:	b510      	push	{r4, lr}
100012fe:	0004      	movs	r4, r0
10001300:	f7ff ff22 	bl	10001148 <alarm_pool_get_default>
10001304:	0021      	movs	r1, r4
10001306:	f7ff ffbd 	bl	10001284 <alarm_pool_cancel_alarm>
1000130a:	bd10      	pop	{r4, pc}

1000130c <alarm_pool_core_num>:
1000130c:	7840      	ldrb	r0, [r0, #1]
1000130e:	4770      	bx	lr

10001310 <sleep_until>:
10001310:	b5f0      	push	{r4, r5, r6, r7, lr}
10001312:	b083      	sub	sp, #12
10001314:	0006      	movs	r6, r0
10001316:	000f      	movs	r7, r1
10001318:	f3ef 8305 	mrs	r3, IPSR
1000131c:	2b00      	cmp	r3, #0
1000131e:	d11a      	bne.n	10001356 <sleep_until+0x46>
10001320:	2406      	movs	r4, #6
10001322:	4264      	negs	r4, r4
10001324:	17e5      	asrs	r5, r4, #31
10001326:	19a4      	adds	r4, r4, r6
10001328:	417d      	adcs	r5, r7
1000132a:	428d      	cmp	r5, r1
1000132c:	d802      	bhi.n	10001334 <sleep_until+0x24>
1000132e:	d103      	bne.n	10001338 <sleep_until+0x28>
10001330:	4284      	cmp	r4, r0
10001332:	d901      	bls.n	10001338 <sleep_until+0x28>
10001334:	2400      	movs	r4, #0
10001336:	2500      	movs	r5, #0
10001338:	f000 f92c 	bl	10001594 <time_us_64>
1000133c:	0022      	movs	r2, r4
1000133e:	002b      	movs	r3, r5
10001340:	1a12      	subs	r2, r2, r0
10001342:	418b      	sbcs	r3, r1
10001344:	2b00      	cmp	r3, #0
10001346:	dc0b      	bgt.n	10001360 <sleep_until+0x50>
10001348:	d008      	beq.n	1000135c <sleep_until+0x4c>
1000134a:	0030      	movs	r0, r6
1000134c:	0039      	movs	r1, r7
1000134e:	f000 f929 	bl	100015a4 <busy_wait_until>
10001352:	b003      	add	sp, #12
10001354:	bdf0      	pop	{r4, r5, r6, r7, pc}
10001356:	4816      	ldr	r0, [pc, #88]	@ (100013b0 <sleep_until+0xa0>)
10001358:	f7ff f996 	bl	10000688 <panic>
1000135c:	2a00      	cmp	r2, #0
1000135e:	d0f4      	beq.n	1000134a <sleep_until+0x3a>
10001360:	4a14      	ldr	r2, [pc, #80]	@ (100013b4 <sleep_until+0xa4>)
10001362:	2300      	movs	r3, #0
10001364:	9300      	str	r3, [sp, #0]
10001366:	0020      	movs	r0, r4
10001368:	0029      	movs	r1, r5
1000136a:	f7ff ff73 	bl	10001254 <add_alarm_at>
1000136e:	2800      	cmp	r0, #0
10001370:	da13      	bge.n	1000139a <sleep_until+0x8a>
10001372:	e7ea      	b.n	1000134a <sleep_until+0x3a>
10001374:	4b10      	ldr	r3, [pc, #64]	@ (100013b8 <sleep_until+0xa8>)
10001376:	6819      	ldr	r1, [r3, #0]
10001378:	f3ef 8310 	mrs	r3, PRIMASK
1000137c:	b672      	cpsid	i
1000137e:	680a      	ldr	r2, [r1, #0]
10001380:	2a00      	cmp	r2, #0
10001382:	d0fc      	beq.n	1000137e <sleep_until+0x6e>
10001384:	f3bf 8f5f 	dmb	sy
10001388:	4a0b      	ldr	r2, [pc, #44]	@ (100013b8 <sleep_until+0xa8>)
1000138a:	6812      	ldr	r2, [r2, #0]
1000138c:	f3bf 8f5f 	dmb	sy
10001390:	2100      	movs	r1, #0
10001392:	6011      	str	r1, [r2, #0]
10001394:	f383 8810 	msr	PRIMASK, r3
10001398:	bf20      	wfe
1000139a:	4b08      	ldr	r3, [pc, #32]	@ (100013bc <sleep_until+0xac>)
1000139c:	6a5b      	ldr	r3, [r3, #36]	@ 0x24
1000139e:	429d      	cmp	r5, r3
100013a0:	d8e8      	bhi.n	10001374 <sleep_until+0x64>
100013a2:	4906      	ldr	r1, [pc, #24]	@ (100013bc <sleep_until+0xac>)
100013a4:	6a89      	ldr	r1, [r1, #40]	@ 0x28
100013a6:	42a1      	cmp	r1, r4
100013a8:	d2cf      	bcs.n	1000134a <sleep_until+0x3a>
100013aa:	429d      	cmp	r5, r3
100013ac:	d1cd      	bne.n	1000134a <sleep_until+0x3a>
100013ae:	e7e1      	b.n	10001374 <sleep_until+0x64>
100013b0:	10007390 	.word	0x10007390
100013b4:	10000d85 	.word	0x10000d85
100013b8:	20001de0 	.word	0x20001de0
100013bc:	40054000 	.word	0x40054000

100013c0 <sleep_us>:
100013c0:	b570      	push	{r4, r5, r6, lr}
100013c2:	0004      	movs	r4, r0
100013c4:	000d      	movs	r5, r1
100013c6:	f000 f8e5 	bl	10001594 <time_us_64>
100013ca:	1900      	adds	r0, r0, r4
100013cc:	4169      	adcs	r1, r5
100013ce:	2900      	cmp	r1, #0
100013d0:	db02      	blt.n	100013d8 <sleep_us+0x18>
100013d2:	f7ff ff9d 	bl	10001310 <sleep_until>
100013d6:	bd70      	pop	{r4, r5, r6, pc}
100013d8:	2001      	movs	r0, #1
100013da:	4240      	negs	r0, r0
100013dc:	4900      	ldr	r1, [pc, #0]	@ (100013e0 <sleep_us+0x20>)
100013de:	e7f8      	b.n	100013d2 <sleep_us+0x12>
100013e0:	7fffffff 	.word	0x7fffffff

100013e4 <sleep_ms>:
100013e4:	b510      	push	{r4, lr}
100013e6:	22fa      	movs	r2, #250	@ 0xfa
100013e8:	0092      	lsls	r2, r2, #2
100013ea:	2300      	movs	r3, #0
100013ec:	2100      	movs	r1, #0
100013ee:	f001 fa23 	bl	10002838 <__wrap___aeabi_lmul>
100013f2:	f7ff ffe5 	bl	100013c0 <sleep_us>
100013f6:	bd10      	pop	{r4, pc}

100013f8 <best_effort_wfe_or_timeout>:
100013f8:	b5f0      	push	{r4, r5, r6, r7, lr}
100013fa:	46ce      	mov	lr, r9
100013fc:	4647      	mov	r7, r8
100013fe:	b580      	push	{r7, lr}
10001400:	b083      	sub	sp, #12
10001402:	0005      	movs	r5, r0
10001404:	000c      	movs	r4, r1
10001406:	f3ef 8305 	mrs	r3, IPSR
1000140a:	2b00      	cmp	r3, #0
1000140c:	d015      	beq.n	1000143a <best_effort_wfe_or_timeout+0x42>
1000140e:	4b3f      	ldr	r3, [pc, #252]	@ (1000150c <best_effort_wfe_or_timeout+0x114>)
10001410:	6a5b      	ldr	r3, [r3, #36]	@ 0x24
10001412:	428b      	cmp	r3, r1
10001414:	d309      	bcc.n	1000142a <best_effort_wfe_or_timeout+0x32>
10001416:	4a3d      	ldr	r2, [pc, #244]	@ (1000150c <best_effort_wfe_or_timeout+0x114>)
10001418:	6a92      	ldr	r2, [r2, #40]	@ 0x28
1000141a:	4282      	cmp	r2, r0
1000141c:	d20b      	bcs.n	10001436 <best_effort_wfe_or_timeout+0x3e>
1000141e:	428b      	cmp	r3, r1
10001420:	d001      	beq.n	10001426 <best_effort_wfe_or_timeout+0x2e>
10001422:	2001      	movs	r0, #1
10001424:	e002      	b.n	1000142c <best_effort_wfe_or_timeout+0x34>
10001426:	2000      	movs	r0, #0
10001428:	e000      	b.n	1000142c <best_effort_wfe_or_timeout+0x34>
1000142a:	2000      	movs	r0, #0
1000142c:	b003      	add	sp, #12
1000142e:	bcc0      	pop	{r6, r7}
10001430:	46b9      	mov	r9, r7
10001432:	46b0      	mov	r8, r6
10001434:	bdf0      	pop	{r4, r5, r6, r7, pc}
10001436:	2001      	movs	r0, #1
10001438:	e7f8      	b.n	1000142c <best_effort_wfe_or_timeout+0x34>
1000143a:	f7ff fe85 	bl	10001148 <alarm_pool_get_default>
1000143e:	68c3      	ldr	r3, [r0, #12]
10001440:	4699      	mov	r9, r3
10001442:	7803      	ldrb	r3, [r0, #0]
10001444:	4698      	mov	r8, r3
10001446:	002e      	movs	r6, r5
10001448:	0027      	movs	r7, r4
1000144a:	4648      	mov	r0, r9
1000144c:	f000 f88c 	bl	10001568 <timer_time_us_64>
10001450:	0002      	movs	r2, r0
10001452:	000b      	movs	r3, r1
10001454:	1ab6      	subs	r6, r6, r2
10001456:	419f      	sbcs	r7, r3
10001458:	4643      	mov	r3, r8
1000145a:	3304      	adds	r3, #4
1000145c:	009b      	lsls	r3, r3, #2
1000145e:	464a      	mov	r2, r9
10001460:	589b      	ldr	r3, [r3, r2]
10001462:	1a1b      	subs	r3, r3, r0
10001464:	2200      	movs	r2, #0
10001466:	42ba      	cmp	r2, r7
10001468:	dc0f      	bgt.n	1000148a <best_effort_wfe_or_timeout+0x92>
1000146a:	d00c      	beq.n	10001486 <best_effort_wfe_or_timeout+0x8e>
1000146c:	bf20      	wfe
1000146e:	4b27      	ldr	r3, [pc, #156]	@ (1000150c <best_effort_wfe_or_timeout+0x114>)
10001470:	6a5b      	ldr	r3, [r3, #36]	@ 0x24
10001472:	429c      	cmp	r4, r3
10001474:	d82d      	bhi.n	100014d2 <best_effort_wfe_or_timeout+0xda>
10001476:	4a25      	ldr	r2, [pc, #148]	@ (1000150c <best_effort_wfe_or_timeout+0x114>)
10001478:	6a92      	ldr	r2, [r2, #40]	@ 0x28
1000147a:	42aa      	cmp	r2, r5
1000147c:	d22b      	bcs.n	100014d6 <best_effort_wfe_or_timeout+0xde>
1000147e:	429c      	cmp	r4, r3
10001480:	d025      	beq.n	100014ce <best_effort_wfe_or_timeout+0xd6>
10001482:	2001      	movs	r0, #1
10001484:	e7d2      	b.n	1000142c <best_effort_wfe_or_timeout+0x34>
10001486:	42b3      	cmp	r3, r6
10001488:	d9f0      	bls.n	1000146c <best_effort_wfe_or_timeout+0x74>
1000148a:	4a21      	ldr	r2, [pc, #132]	@ (10001510 <best_effort_wfe_or_timeout+0x118>)
1000148c:	2300      	movs	r3, #0
1000148e:	9300      	str	r3, [sp, #0]
10001490:	0028      	movs	r0, r5
10001492:	0021      	movs	r1, r4
10001494:	f7ff fede 	bl	10001254 <add_alarm_at>
10001498:	2800      	cmp	r0, #0
1000149a:	dd1e      	ble.n	100014da <best_effort_wfe_or_timeout+0xe2>
1000149c:	4b1b      	ldr	r3, [pc, #108]	@ (1000150c <best_effort_wfe_or_timeout+0x114>)
1000149e:	6a5b      	ldr	r3, [r3, #36]	@ 0x24
100014a0:	429c      	cmp	r4, r3
100014a2:	d805      	bhi.n	100014b0 <best_effort_wfe_or_timeout+0xb8>
100014a4:	4a19      	ldr	r2, [pc, #100]	@ (1000150c <best_effort_wfe_or_timeout+0x114>)
100014a6:	6a92      	ldr	r2, [r2, #40]	@ 0x28
100014a8:	42aa      	cmp	r2, r5
100014aa:	d202      	bcs.n	100014b2 <best_effort_wfe_or_timeout+0xba>
100014ac:	429c      	cmp	r4, r3
100014ae:	d100      	bne.n	100014b2 <best_effort_wfe_or_timeout+0xba>
100014b0:	bf20      	wfe
100014b2:	f7ff ff23 	bl	100012fc <cancel_alarm>
100014b6:	4b15      	ldr	r3, [pc, #84]	@ (1000150c <best_effort_wfe_or_timeout+0x114>)
100014b8:	6a5b      	ldr	r3, [r3, #36]	@ 0x24
100014ba:	429c      	cmp	r4, r3
100014bc:	d821      	bhi.n	10001502 <best_effort_wfe_or_timeout+0x10a>
100014be:	4a13      	ldr	r2, [pc, #76]	@ (1000150c <best_effort_wfe_or_timeout+0x114>)
100014c0:	6a92      	ldr	r2, [r2, #40]	@ 0x28
100014c2:	42aa      	cmp	r2, r5
100014c4:	d21f      	bcs.n	10001506 <best_effort_wfe_or_timeout+0x10e>
100014c6:	429c      	cmp	r4, r3
100014c8:	d019      	beq.n	100014fe <best_effort_wfe_or_timeout+0x106>
100014ca:	2001      	movs	r0, #1
100014cc:	e7ae      	b.n	1000142c <best_effort_wfe_or_timeout+0x34>
100014ce:	2000      	movs	r0, #0
100014d0:	e7ac      	b.n	1000142c <best_effort_wfe_or_timeout+0x34>
100014d2:	2000      	movs	r0, #0
100014d4:	e7aa      	b.n	1000142c <best_effort_wfe_or_timeout+0x34>
100014d6:	2001      	movs	r0, #1
100014d8:	e7a8      	b.n	1000142c <best_effort_wfe_or_timeout+0x34>
100014da:	4b0c      	ldr	r3, [pc, #48]	@ (1000150c <best_effort_wfe_or_timeout+0x114>)
100014dc:	6a5b      	ldr	r3, [r3, #36]	@ 0x24
100014de:	429c      	cmp	r4, r3
100014e0:	d809      	bhi.n	100014f6 <best_effort_wfe_or_timeout+0xfe>
100014e2:	4a0a      	ldr	r2, [pc, #40]	@ (1000150c <best_effort_wfe_or_timeout+0x114>)
100014e4:	6a92      	ldr	r2, [r2, #40]	@ 0x28
100014e6:	42aa      	cmp	r2, r5
100014e8:	d207      	bcs.n	100014fa <best_effort_wfe_or_timeout+0x102>
100014ea:	429c      	cmp	r4, r3
100014ec:	d001      	beq.n	100014f2 <best_effort_wfe_or_timeout+0xfa>
100014ee:	2001      	movs	r0, #1
100014f0:	e79c      	b.n	1000142c <best_effort_wfe_or_timeout+0x34>
100014f2:	2000      	movs	r0, #0
100014f4:	e79a      	b.n	1000142c <best_effort_wfe_or_timeout+0x34>
100014f6:	2000      	movs	r0, #0
100014f8:	e798      	b.n	1000142c <best_effort_wfe_or_timeout+0x34>
100014fa:	2001      	movs	r0, #1
100014fc:	e796      	b.n	1000142c <best_effort_wfe_or_timeout+0x34>
100014fe:	2000      	movs	r0, #0
10001500:	e794      	b.n	1000142c <best_effort_wfe_or_timeout+0x34>
10001502:	2000      	movs	r0, #0
10001504:	e792      	b.n	1000142c <best_effort_wfe_or_timeout+0x34>
10001506:	2001      	movs	r0, #1
10001508:	e790      	b.n	1000142c <best_effort_wfe_or_timeout+0x34>
1000150a:	46c0      	nop			@ (mov r8, r8)
1000150c:	40054000 	.word	0x40054000
10001510:	10000d85 	.word	0x10000d85

10001514 <alarm_pool_get_default_timer>:
10001514:	4800      	ldr	r0, [pc, #0]	@ (10001518 <alarm_pool_get_default_timer+0x4>)
10001516:	4770      	bx	lr
10001518:	40054000 	.word	0x40054000

1000151c <runtime_init_default_alarm_pool>:
1000151c:	b510      	push	{r4, lr}
1000151e:	4b0b      	ldr	r3, [pc, #44]	@ (1000154c <runtime_init_default_alarm_pool+0x30>)
10001520:	691b      	ldr	r3, [r3, #16]
10001522:	2b00      	cmp	r3, #0
10001524:	d004      	beq.n	10001530 <runtime_init_default_alarm_pool+0x14>
10001526:	480a      	ldr	r0, [pc, #40]	@ (10001550 <runtime_init_default_alarm_pool+0x34>)
10001528:	210a      	movs	r1, #10
1000152a:	f7ff fbb7 	bl	10000c9c <lock_init>
1000152e:	bd10      	pop	{r4, pc}
10001530:	f7ff fff0 	bl	10001514 <alarm_pool_get_default_timer>
10001534:	0004      	movs	r4, r0
10001536:	2103      	movs	r1, #3
10001538:	f000 f80c 	bl	10001554 <timer_hardware_alarm_claim>
1000153c:	4803      	ldr	r0, [pc, #12]	@ (1000154c <runtime_init_default_alarm_pool+0x30>)
1000153e:	2310      	movs	r3, #16
10001540:	2203      	movs	r2, #3
10001542:	0021      	movs	r1, r4
10001544:	f7ff fdc4 	bl	100010d0 <alarm_pool_post_alloc_init>
10001548:	e7ed      	b.n	10001526 <runtime_init_default_alarm_pool+0xa>
1000154a:	46c0      	nop			@ (mov r8, r8)
1000154c:	20000c7c 	.word	0x20000c7c
10001550:	20001de0 	.word	0x20001de0

10001554 <timer_hardware_alarm_claim>:
10001554:	b510      	push	{r4, lr}
10001556:	4a02      	ldr	r2, [pc, #8]	@ (10001560 <timer_hardware_alarm_claim+0xc>)
10001558:	4802      	ldr	r0, [pc, #8]	@ (10001564 <timer_hardware_alarm_claim+0x10>)
1000155a:	f7ff f8c3 	bl	100006e4 <hw_claim_or_assert>
1000155e:	bd10      	pop	{r4, pc}
10001560:	100073e0 	.word	0x100073e0
10001564:	200016dc 	.word	0x200016dc

10001568 <timer_time_us_64>:
10001568:	0002      	movs	r2, r0
1000156a:	6a43      	ldr	r3, [r0, #36]	@ 0x24
1000156c:	6a90      	ldr	r0, [r2, #40]	@ 0x28
1000156e:	0019      	movs	r1, r3
10001570:	6a53      	ldr	r3, [r2, #36]	@ 0x24
10001572:	4299      	cmp	r1, r3
10001574:	d1fa      	bne.n	1000156c <timer_time_us_64+0x4>
10001576:	4770      	bx	lr

10001578 <timer_busy_wait_until>:
10001578:	6a41      	ldr	r1, [r0, #36]	@ 0x24
1000157a:	e000      	b.n	1000157e <timer_busy_wait_until+0x6>
1000157c:	6a41      	ldr	r1, [r0, #36]	@ 0x24
1000157e:	4299      	cmp	r1, r3
10001580:	d3fc      	bcc.n	1000157c <timer_busy_wait_until+0x4>
10001582:	e000      	b.n	10001586 <timer_busy_wait_until+0xe>
10001584:	6a41      	ldr	r1, [r0, #36]	@ 0x24
10001586:	4299      	cmp	r1, r3
10001588:	d102      	bne.n	10001590 <timer_busy_wait_until+0x18>
1000158a:	6a81      	ldr	r1, [r0, #40]	@ 0x28
1000158c:	4291      	cmp	r1, r2
1000158e:	d3f9      	bcc.n	10001584 <timer_busy_wait_until+0xc>
10001590:	4770      	bx	lr
	...

10001594 <time_us_64>:
10001594:	b510      	push	{r4, lr}
10001596:	4802      	ldr	r0, [pc, #8]	@ (100015a0 <time_us_64+0xc>)
10001598:	f7ff ffe6 	bl	10001568 <timer_time_us_64>
1000159c:	bd10      	pop	{r4, pc}
1000159e:	46c0      	nop			@ (mov r8, r8)
100015a0:	40054000 	.word	0x40054000

100015a4 <busy_wait_until>:
100015a4:	b510      	push	{r4, lr}
100015a6:	0002      	movs	r2, r0
100015a8:	000b      	movs	r3, r1
100015aa:	4802      	ldr	r0, [pc, #8]	@ (100015b4 <busy_wait_until+0x10>)
100015ac:	f7ff ffe4 	bl	10001578 <timer_busy_wait_until>
100015b0:	bd10      	pop	{r4, pc}
100015b2:	46c0      	nop			@ (mov r8, r8)
100015b4:	40054000 	.word	0x40054000

100015b8 <clock_configure_internal>:
100015b8:	b5f8      	push	{r3, r4, r5, r6, r7, lr}
100015ba:	46d6      	mov	lr, sl
100015bc:	4647      	mov	r7, r8
100015be:	b580      	push	{r7, lr}
100015c0:	0006      	movs	r6, r0
100015c2:	000d      	movs	r5, r1
100015c4:	0017      	movs	r7, r2
100015c6:	4698      	mov	r8, r3
100015c8:	0044      	lsls	r4, r0, #1
100015ca:	1824      	adds	r4, r4, r0
100015cc:	00a4      	lsls	r4, r4, #2
100015ce:	4b29      	ldr	r3, [pc, #164]	@ (10001674 <clock_configure_internal+0xbc>)
100015d0:	469c      	mov	ip, r3
100015d2:	4464      	add	r4, ip
100015d4:	6863      	ldr	r3, [r4, #4]
100015d6:	9a08      	ldr	r2, [sp, #32]
100015d8:	4293      	cmp	r3, r2
100015da:	d200      	bcs.n	100015de <clock_configure_internal+0x26>
100015dc:	6062      	str	r2, [r4, #4]
100015de:	1f33      	subs	r3, r6, #4
100015e0:	b2db      	uxtb	r3, r3
100015e2:	469a      	mov	sl, r3
100015e4:	2b01      	cmp	r3, #1
100015e6:	d92e      	bls.n	10001646 <clock_configure_internal+0x8e>
100015e8:	2280      	movs	r2, #128	@ 0x80
100015ea:	0112      	lsls	r2, r2, #4
100015ec:	23c0      	movs	r3, #192	@ 0xc0
100015ee:	019b      	lsls	r3, r3, #6
100015f0:	18e3      	adds	r3, r4, r3
100015f2:	601a      	str	r2, [r3, #0]
100015f4:	4b20      	ldr	r3, [pc, #128]	@ (10001678 <clock_configure_internal+0xc0>)
100015f6:	00b2      	lsls	r2, r6, #2
100015f8:	58d1      	ldr	r1, [r2, r3]
100015fa:	2900      	cmp	r1, #0
100015fc:	d007      	beq.n	1000160e <clock_configure_internal+0x56>
100015fe:	6958      	ldr	r0, [r3, #20]
10001600:	f000 fade 	bl	10001bc0 <__wrap___aeabi_uidiv>
10001604:	3001      	adds	r0, #1
10001606:	0043      	lsls	r3, r0, #1
10001608:	181b      	adds	r3, r3, r0
1000160a:	3b03      	subs	r3, #3
1000160c:	d2fd      	bcs.n	1000160a <clock_configure_internal+0x52>
1000160e:	017f      	lsls	r7, r7, #5
10001610:	6823      	ldr	r3, [r4, #0]
10001612:	405f      	eors	r7, r3
10001614:	23e0      	movs	r3, #224	@ 0xe0
10001616:	403b      	ands	r3, r7
10001618:	2280      	movs	r2, #128	@ 0x80
1000161a:	0152      	lsls	r2, r2, #5
1000161c:	18a2      	adds	r2, r4, r2
1000161e:	6013      	str	r3, [r2, #0]
10001620:	4653      	mov	r3, sl
10001622:	2b01      	cmp	r3, #1
10001624:	d91a      	bls.n	1000165c <clock_configure_internal+0xa4>
10001626:	2380      	movs	r3, #128	@ 0x80
10001628:	019b      	lsls	r3, r3, #6
1000162a:	18e3      	adds	r3, r4, r3
1000162c:	2280      	movs	r2, #128	@ 0x80
1000162e:	0112      	lsls	r2, r2, #4
10001630:	601a      	str	r2, [r3, #0]
10001632:	9b08      	ldr	r3, [sp, #32]
10001634:	6063      	str	r3, [r4, #4]
10001636:	4b10      	ldr	r3, [pc, #64]	@ (10001678 <clock_configure_internal+0xc0>)
10001638:	00b6      	lsls	r6, r6, #2
1000163a:	4642      	mov	r2, r8
1000163c:	50f2      	str	r2, [r6, r3]
1000163e:	bcc0      	pop	{r6, r7}
10001640:	46ba      	mov	sl, r7
10001642:	46b0      	mov	r8, r6
10001644:	bdf8      	pop	{r3, r4, r5, r6, r7, pc}
10001646:	2d01      	cmp	r5, #1
10001648:	d1ce      	bne.n	100015e8 <clock_configure_internal+0x30>
1000164a:	2203      	movs	r2, #3
1000164c:	23c0      	movs	r3, #192	@ 0xc0
1000164e:	019b      	lsls	r3, r3, #6
10001650:	18e3      	adds	r3, r4, r3
10001652:	601a      	str	r2, [r3, #0]
10001654:	68a3      	ldr	r3, [r4, #8]
10001656:	07db      	lsls	r3, r3, #31
10001658:	d5fc      	bpl.n	10001654 <clock_configure_internal+0x9c>
1000165a:	e7d8      	b.n	1000160e <clock_configure_internal+0x56>
1000165c:	6821      	ldr	r1, [r4, #0]
1000165e:	4069      	eors	r1, r5
10001660:	2303      	movs	r3, #3
10001662:	400b      	ands	r3, r1
10001664:	6013      	str	r3, [r2, #0]
10001666:	68a3      	ldr	r3, [r4, #8]
10001668:	2201      	movs	r2, #1
1000166a:	40aa      	lsls	r2, r5
1000166c:	421a      	tst	r2, r3
1000166e:	d0fa      	beq.n	10001666 <clock_configure_internal+0xae>
10001670:	e7d9      	b.n	10001626 <clock_configure_internal+0x6e>
10001672:	46c0      	nop			@ (mov r8, r8)
10001674:	40008000 	.word	0x40008000
10001678:	200016e0 	.word	0x200016e0

1000167c <clock_configure_int_divider>:
1000167c:	b5f0      	push	{r4, r5, r6, r7, lr}
1000167e:	b083      	sub	sp, #12
10001680:	0005      	movs	r5, r0
10001682:	000e      	movs	r6, r1
10001684:	0017      	movs	r7, r2
10001686:	0018      	movs	r0, r3
10001688:	9908      	ldr	r1, [sp, #32]
1000168a:	f000 fa99 	bl	10001bc0 <__wrap___aeabi_uidiv>
1000168e:	0003      	movs	r3, r0
10001690:	9a08      	ldr	r2, [sp, #32]
10001692:	0214      	lsls	r4, r2, #8
10001694:	9400      	str	r4, [sp, #0]
10001696:	003a      	movs	r2, r7
10001698:	0031      	movs	r1, r6
1000169a:	0028      	movs	r0, r5
1000169c:	f7ff ff8c 	bl	100015b8 <clock_configure_internal>
100016a0:	b003      	add	sp, #12
100016a2:	bdf0      	pop	{r4, r5, r6, r7, pc}

100016a4 <clock_configure_undivided>:
100016a4:	b510      	push	{r4, lr}
100016a6:	b082      	sub	sp, #8
100016a8:	2480      	movs	r4, #128	@ 0x80
100016aa:	0064      	lsls	r4, r4, #1
100016ac:	9400      	str	r4, [sp, #0]
100016ae:	f7ff ff83 	bl	100015b8 <clock_configure_internal>
100016b2:	b002      	add	sp, #8
100016b4:	bd10      	pop	{r4, pc}
	...

100016b8 <clock_get_hz>:
100016b8:	4b01      	ldr	r3, [pc, #4]	@ (100016c0 <clock_get_hz+0x8>)
100016ba:	0080      	lsls	r0, r0, #2
100016bc:	58c0      	ldr	r0, [r0, r3]
100016be:	4770      	bx	lr
100016c0:	200016e0 	.word	0x200016e0

100016c4 <pll_init>:
100016c4:	b5f0      	push	{r4, r5, r6, r7, lr}
100016c6:	46c6      	mov	lr, r8
100016c8:	b500      	push	{lr}
100016ca:	0004      	movs	r4, r0
100016cc:	000e      	movs	r6, r1
100016ce:	0017      	movs	r7, r2
100016d0:	001d      	movs	r5, r3
100016d2:	4837      	ldr	r0, [pc, #220]	@ (100017b0 <pll_init+0xec>)
100016d4:	f000 fa74 	bl	10001bc0 <__wrap___aeabi_uidiv>
100016d8:	4680      	mov	r8, r0
100016da:	4b36      	ldr	r3, [pc, #216]	@ (100017b4 <pll_init+0xf0>)
100016dc:	18fa      	adds	r2, r7, r3
100016de:	4b36      	ldr	r3, [pc, #216]	@ (100017b8 <pll_init+0xf4>)
100016e0:	429a      	cmp	r2, r3
100016e2:	d839      	bhi.n	10001758 <pll_init+0x94>
100016e4:	0001      	movs	r1, r0
100016e6:	0038      	movs	r0, r7
100016e8:	f000 fa6a 	bl	10001bc0 <__wrap___aeabi_uidiv>
100016ec:	0002      	movs	r2, r0
100016ee:	3a10      	subs	r2, #16
100016f0:	2398      	movs	r3, #152	@ 0x98
100016f2:	005b      	lsls	r3, r3, #1
100016f4:	429a      	cmp	r2, r3
100016f6:	d835      	bhi.n	10001764 <pll_init+0xa0>
100016f8:	1e6b      	subs	r3, r5, #1
100016fa:	2b06      	cmp	r3, #6
100016fc:	d838      	bhi.n	10001770 <pll_init+0xac>
100016fe:	9b06      	ldr	r3, [sp, #24]
10001700:	3b01      	subs	r3, #1
10001702:	2b06      	cmp	r3, #6
10001704:	d834      	bhi.n	10001770 <pll_init+0xac>
10001706:	093f      	lsrs	r7, r7, #4
10001708:	4547      	cmp	r7, r8
1000170a:	d337      	bcc.n	1000177c <pll_init+0xb8>
1000170c:	042d      	lsls	r5, r5, #16
1000170e:	9b06      	ldr	r3, [sp, #24]
10001710:	031b      	lsls	r3, r3, #12
10001712:	431d      	orrs	r5, r3
10001714:	6823      	ldr	r3, [r4, #0]
10001716:	2b00      	cmp	r3, #0
10001718:	db36      	blt.n	10001788 <pll_init+0xc4>
1000171a:	4b28      	ldr	r3, [pc, #160]	@ (100017bc <pll_init+0xf8>)
1000171c:	429c      	cmp	r4, r3
1000171e:	d044      	beq.n	100017aa <pll_init+0xe6>
10001720:	220c      	movs	r2, #12
10001722:	2301      	movs	r3, #1
10001724:	4093      	lsls	r3, r2
10001726:	4a26      	ldr	r2, [pc, #152]	@ (100017c0 <pll_init+0xfc>)
10001728:	6013      	str	r3, [r2, #0]
1000172a:	4a26      	ldr	r2, [pc, #152]	@ (100017c4 <pll_init+0x100>)
1000172c:	6013      	str	r3, [r2, #0]
1000172e:	4a26      	ldr	r2, [pc, #152]	@ (100017c8 <pll_init+0x104>)
10001730:	6812      	ldr	r2, [r2, #0]
10001732:	0019      	movs	r1, r3
10001734:	4391      	bics	r1, r2
10001736:	1e0a      	subs	r2, r1, #0
10001738:	d1f9      	bne.n	1000172e <pll_init+0x6a>
1000173a:	6026      	str	r6, [r4, #0]
1000173c:	60a0      	str	r0, [r4, #8]
1000173e:	4b23      	ldr	r3, [pc, #140]	@ (100017cc <pll_init+0x108>)
10001740:	18e3      	adds	r3, r4, r3
10001742:	3221      	adds	r2, #33	@ 0x21
10001744:	601a      	str	r2, [r3, #0]
10001746:	6822      	ldr	r2, [r4, #0]
10001748:	2a00      	cmp	r2, #0
1000174a:	dafc      	bge.n	10001746 <pll_init+0x82>
1000174c:	60e5      	str	r5, [r4, #12]
1000174e:	2208      	movs	r2, #8
10001750:	601a      	str	r2, [r3, #0]
10001752:	bc80      	pop	{r7}
10001754:	46b8      	mov	r8, r7
10001756:	bdf0      	pop	{r4, r5, r6, r7, pc}
10001758:	4b1d      	ldr	r3, [pc, #116]	@ (100017d0 <pll_init+0x10c>)
1000175a:	4a1e      	ldr	r2, [pc, #120]	@ (100017d4 <pll_init+0x110>)
1000175c:	481e      	ldr	r0, [pc, #120]	@ (100017d8 <pll_init+0x114>)
1000175e:	2111      	movs	r1, #17
10001760:	f002 fa2e 	bl	10003bc0 <__assert_func>
10001764:	4b1d      	ldr	r3, [pc, #116]	@ (100017dc <pll_init+0x118>)
10001766:	4a1b      	ldr	r2, [pc, #108]	@ (100017d4 <pll_init+0x110>)
10001768:	481b      	ldr	r0, [pc, #108]	@ (100017d8 <pll_init+0x114>)
1000176a:	2119      	movs	r1, #25
1000176c:	f002 fa28 	bl	10003bc0 <__assert_func>
10001770:	4b1b      	ldr	r3, [pc, #108]	@ (100017e0 <pll_init+0x11c>)
10001772:	4a18      	ldr	r2, [pc, #96]	@ (100017d4 <pll_init+0x110>)
10001774:	4818      	ldr	r0, [pc, #96]	@ (100017d8 <pll_init+0x114>)
10001776:	211c      	movs	r1, #28
10001778:	f002 fa22 	bl	10003bc0 <__assert_func>
1000177c:	4b19      	ldr	r3, [pc, #100]	@ (100017e4 <pll_init+0x120>)
1000177e:	4a15      	ldr	r2, [pc, #84]	@ (100017d4 <pll_init+0x110>)
10001780:	4815      	ldr	r0, [pc, #84]	@ (100017d8 <pll_init+0x114>)
10001782:	2123      	movs	r1, #35	@ 0x23
10001784:	f002 fa1c 	bl	10003bc0 <__assert_func>
10001788:	6822      	ldr	r2, [r4, #0]
1000178a:	233f      	movs	r3, #63	@ 0x3f
1000178c:	4013      	ands	r3, r2
1000178e:	42b3      	cmp	r3, r6
10001790:	d1c3      	bne.n	1000171a <pll_init+0x56>
10001792:	68a3      	ldr	r3, [r4, #8]
10001794:	051b      	lsls	r3, r3, #20
10001796:	0d1b      	lsrs	r3, r3, #20
10001798:	4283      	cmp	r3, r0
1000179a:	d1be      	bne.n	1000171a <pll_init+0x56>
1000179c:	68e3      	ldr	r3, [r4, #12]
1000179e:	22ee      	movs	r2, #238	@ 0xee
100017a0:	02d2      	lsls	r2, r2, #11
100017a2:	4013      	ands	r3, r2
100017a4:	42ab      	cmp	r3, r5
100017a6:	d1b8      	bne.n	1000171a <pll_init+0x56>
100017a8:	e7d3      	b.n	10001752 <pll_init+0x8e>
100017aa:	220d      	movs	r2, #13
100017ac:	e7b9      	b.n	10001722 <pll_init+0x5e>
100017ae:	46c0      	nop			@ (mov r8, r8)
100017b0:	00b71b00 	.word	0x00b71b00
100017b4:	d34be880 	.word	0xd34be880
100017b8:	32a9f880 	.word	0x32a9f880
100017bc:	4002c000 	.word	0x4002c000
100017c0:	4000e000 	.word	0x4000e000
100017c4:	4000f000 	.word	0x4000f000
100017c8:	4000c008 	.word	0x4000c008
100017cc:	00003004 	.word	0x00003004
100017d0:	10007404 	.word	0x10007404
100017d4:	10007cc0 	.word	0x10007cc0
100017d8:	10007454 	.word	0x10007454
100017dc:	1000749c 	.word	0x1000749c
100017e0:	100074b8 	.word	0x100074b8
100017e4:	10007504 	.word	0x10007504

100017e8 <watchdog_update>:
100017e8:	4b02      	ldr	r3, [pc, #8]	@ (100017f4 <watchdog_update+0xc>)
100017ea:	681a      	ldr	r2, [r3, #0]
100017ec:	4b02      	ldr	r3, [pc, #8]	@ (100017f8 <watchdog_update+0x10>)
100017ee:	605a      	str	r2, [r3, #4]
100017f0:	4770      	bx	lr
100017f2:	46c0      	nop			@ (mov r8, r8)
100017f4:	20001bb4 	.word	0x20001bb4
100017f8:	40058000 	.word	0x40058000

100017fc <_watchdog_enable>:
100017fc:	b510      	push	{r4, lr}
100017fe:	4b17      	ldr	r3, [pc, #92]	@ (1000185c <_watchdog_enable+0x60>)
10001800:	2280      	movs	r2, #128	@ 0x80
10001802:	05d2      	lsls	r2, r2, #23
10001804:	601a      	str	r2, [r3, #0]
10001806:	4b16      	ldr	r3, [pc, #88]	@ (10001860 <_watchdog_enable+0x64>)
10001808:	4a16      	ldr	r2, [pc, #88]	@ (10001864 <_watchdog_enable+0x68>)
1000180a:	601a      	str	r2, [r3, #0]
1000180c:	2900      	cmp	r1, #0
1000180e:	d00a      	beq.n	10001826 <_watchdog_enable+0x2a>
10001810:	4b15      	ldr	r3, [pc, #84]	@ (10001868 <_watchdog_enable+0x6c>)
10001812:	22e0      	movs	r2, #224	@ 0xe0
10001814:	04d2      	lsls	r2, r2, #19
10001816:	601a      	str	r2, [r3, #0]
10001818:	2800      	cmp	r0, #0
1000181a:	d109      	bne.n	10001830 <_watchdog_enable+0x34>
1000181c:	4b12      	ldr	r3, [pc, #72]	@ (10001868 <_watchdog_enable+0x6c>)
1000181e:	2280      	movs	r2, #128	@ 0x80
10001820:	0612      	lsls	r2, r2, #24
10001822:	601a      	str	r2, [r3, #0]
10001824:	bd10      	pop	{r4, pc}
10001826:	4b0d      	ldr	r3, [pc, #52]	@ (1000185c <_watchdog_enable+0x60>)
10001828:	22e0      	movs	r2, #224	@ 0xe0
1000182a:	04d2      	lsls	r2, r2, #19
1000182c:	601a      	str	r2, [r3, #0]
1000182e:	e7f3      	b.n	10001818 <_watchdog_enable+0x1c>
10001830:	0143      	lsls	r3, r0, #5
10001832:	1a1b      	subs	r3, r3, r0
10001834:	009b      	lsls	r3, r3, #2
10001836:	1818      	adds	r0, r3, r0
10001838:	0100      	lsls	r0, r0, #4
1000183a:	4b0c      	ldr	r3, [pc, #48]	@ (1000186c <_watchdog_enable+0x70>)
1000183c:	6018      	str	r0, [r3, #0]
1000183e:	2380      	movs	r3, #128	@ 0x80
10001840:	045b      	lsls	r3, r3, #17
10001842:	4298      	cmp	r0, r3
10001844:	d302      	bcc.n	1000184c <_watchdog_enable+0x50>
10001846:	4b09      	ldr	r3, [pc, #36]	@ (1000186c <_watchdog_enable+0x70>)
10001848:	4a09      	ldr	r2, [pc, #36]	@ (10001870 <_watchdog_enable+0x74>)
1000184a:	601a      	str	r2, [r3, #0]
1000184c:	f7ff ffcc 	bl	100017e8 <watchdog_update>
10001850:	4b05      	ldr	r3, [pc, #20]	@ (10001868 <_watchdog_enable+0x6c>)
10001852:	2280      	movs	r2, #128	@ 0x80
10001854:	05d2      	lsls	r2, r2, #23
10001856:	601a      	str	r2, [r3, #0]
10001858:	e7e4      	b.n	10001824 <_watchdog_enable+0x28>
1000185a:	46c0      	nop			@ (mov r8, r8)
1000185c:	4005b000 	.word	0x4005b000
10001860:	40012008 	.word	0x40012008
10001864:	0001fffc 	.word	0x0001fffc
10001868:	4005a000 	.word	0x4005a000
1000186c:	20001bb4 	.word	0x20001bb4
10001870:	00ffffff 	.word	0x00ffffff

10001874 <watchdog_reboot>:
10001874:	b510      	push	{r4, lr}
10001876:	0003      	movs	r3, r0
10001878:	0010      	movs	r0, r2
1000187a:	4a0c      	ldr	r2, [pc, #48]	@ (100018ac <watchdog_reboot+0x38>)
1000187c:	2480      	movs	r4, #128	@ 0x80
1000187e:	05e4      	lsls	r4, r4, #23
10001880:	6014      	str	r4, [r2, #0]
10001882:	2b00      	cmp	r3, #0
10001884:	d00d      	beq.n	100018a2 <watchdog_reboot+0x2e>
10001886:	2201      	movs	r2, #1
10001888:	4313      	orrs	r3, r2
1000188a:	4a09      	ldr	r2, [pc, #36]	@ (100018b0 <watchdog_reboot+0x3c>)
1000188c:	4c09      	ldr	r4, [pc, #36]	@ (100018b4 <watchdog_reboot+0x40>)
1000188e:	61d4      	str	r4, [r2, #28]
10001890:	4c09      	ldr	r4, [pc, #36]	@ (100018b8 <watchdog_reboot+0x44>)
10001892:	405c      	eors	r4, r3
10001894:	6214      	str	r4, [r2, #32]
10001896:	6251      	str	r1, [r2, #36]	@ 0x24
10001898:	6293      	str	r3, [r2, #40]	@ 0x28
1000189a:	2100      	movs	r1, #0
1000189c:	f7ff ffae 	bl	100017fc <_watchdog_enable>
100018a0:	bd10      	pop	{r4, pc}
100018a2:	4b03      	ldr	r3, [pc, #12]	@ (100018b0 <watchdog_reboot+0x3c>)
100018a4:	2200      	movs	r2, #0
100018a6:	61da      	str	r2, [r3, #28]
100018a8:	e7f7      	b.n	1000189a <watchdog_reboot+0x26>
100018aa:	46c0      	nop			@ (mov r8, r8)
100018ac:	4005b000 	.word	0x4005b000
100018b0:	40058000 	.word	0x40058000
100018b4:	b007c0d3 	.word	0xb007c0d3
100018b8:	4ff83f2d 	.word	0x4ff83f2d

100018bc <tick_start>:
100018bc:	2380      	movs	r3, #128	@ 0x80
100018be:	009b      	lsls	r3, r3, #2
100018c0:	430b      	orrs	r3, r1
100018c2:	4a01      	ldr	r2, [pc, #4]	@ (100018c8 <tick_start+0xc>)
100018c4:	62d3      	str	r3, [r2, #44]	@ 0x2c
100018c6:	4770      	bx	lr
100018c8:	40058000 	.word	0x40058000

100018cc <rom_func_lookup>:
100018cc:	b510      	push	{r4, lr}
100018ce:	0001      	movs	r1, r0
100018d0:	2318      	movs	r3, #24
100018d2:	881b      	ldrh	r3, [r3, #0]
100018d4:	2214      	movs	r2, #20
100018d6:	8810      	ldrh	r0, [r2, #0]
100018d8:	4798      	blx	r3
100018da:	bd10      	pop	{r4, pc}

100018dc <rom_data_lookup>:
100018dc:	b510      	push	{r4, lr}
100018de:	0001      	movs	r1, r0
100018e0:	2318      	movs	r3, #24
100018e2:	881b      	ldrh	r3, [r3, #0]
100018e4:	2216      	movs	r2, #22
100018e6:	8810      	ldrh	r0, [r2, #0]
100018e8:	4798      	blx	r3
100018ea:	bd10      	pop	{r4, pc}

100018ec <rom_funcs_lookup>:
100018ec:	b5f0      	push	{r4, r5, r6, r7, lr}
100018ee:	46c6      	mov	lr, r8
100018f0:	b500      	push	{lr}
100018f2:	0007      	movs	r7, r0
100018f4:	000e      	movs	r6, r1
100018f6:	2500      	movs	r5, #0
100018f8:	2301      	movs	r3, #1
100018fa:	4698      	mov	r8, r3
100018fc:	e000      	b.n	10001900 <rom_funcs_lookup+0x14>
100018fe:	3501      	adds	r5, #1
10001900:	42b5      	cmp	r5, r6
10001902:	d20a      	bcs.n	1000191a <rom_funcs_lookup+0x2e>
10001904:	00ac      	lsls	r4, r5, #2
10001906:	193c      	adds	r4, r7, r4
10001908:	6820      	ldr	r0, [r4, #0]
1000190a:	f7ff ffdf 	bl	100018cc <rom_func_lookup>
1000190e:	6020      	str	r0, [r4, #0]
10001910:	2800      	cmp	r0, #0
10001912:	d1f4      	bne.n	100018fe <rom_funcs_lookup+0x12>
10001914:	2300      	movs	r3, #0
10001916:	4698      	mov	r8, r3
10001918:	e7f1      	b.n	100018fe <rom_funcs_lookup+0x12>
1000191a:	4640      	mov	r0, r8
1000191c:	bc80      	pop	{r7}
1000191e:	46b8      	mov	r8, r7
10001920:	bdf0      	pop	{r4, r5, r6, r7, pc}
	...

10001924 <rom_reset_usb_boot_extra>:
10001924:	b570      	push	{r4, r5, r6, lr}
10001926:	0004      	movs	r4, r0
10001928:	000d      	movs	r5, r1
1000192a:	4806      	ldr	r0, [pc, #24]	@ (10001944 <rom_reset_usb_boot_extra+0x20>)
1000192c:	f7ff ffce 	bl	100018cc <rom_func_lookup>
10001930:	0003      	movs	r3, r0
10001932:	2c00      	cmp	r4, #0
10001934:	db03      	blt.n	1000193e <rom_reset_usb_boot_extra+0x1a>
10001936:	2001      	movs	r0, #1
10001938:	40a0      	lsls	r0, r4
1000193a:	0029      	movs	r1, r5
1000193c:	4798      	blx	r3
1000193e:	2000      	movs	r0, #0
10001940:	e7fb      	b.n	1000193a <rom_reset_usb_boot_extra+0x16>
10001942:	46c0      	nop			@ (mov r8, r8)
10001944:	00004255 	.word	0x00004255

10001948 <xosc_init>:
10001948:	4b07      	ldr	r3, [pc, #28]	@ (10001968 <xosc_init+0x20>)
1000194a:	22aa      	movs	r2, #170	@ 0xaa
1000194c:	0112      	lsls	r2, r2, #4
1000194e:	601a      	str	r2, [r3, #0]
10001950:	228d      	movs	r2, #141	@ 0x8d
10001952:	0052      	lsls	r2, r2, #1
10001954:	60da      	str	r2, [r3, #12]
10001956:	4b05      	ldr	r3, [pc, #20]	@ (1000196c <xosc_init+0x24>)
10001958:	4a05      	ldr	r2, [pc, #20]	@ (10001970 <xosc_init+0x28>)
1000195a:	601a      	str	r2, [r3, #0]
1000195c:	4b02      	ldr	r3, [pc, #8]	@ (10001968 <xosc_init+0x20>)
1000195e:	685b      	ldr	r3, [r3, #4]
10001960:	2b00      	cmp	r3, #0
10001962:	dafb      	bge.n	1000195c <xosc_init+0x14>
10001964:	4770      	bx	lr
10001966:	46c0      	nop			@ (mov r8, r8)
10001968:	40024000 	.word	0x40024000
1000196c:	40026000 	.word	0x40026000
10001970:	00fab000 	.word	0x00fab000

10001974 <runtime_run_initializers_from>:
10001974:	b510      	push	{r4, lr}
10001976:	0004      	movs	r4, r0
10001978:	e001      	b.n	1000197e <runtime_run_initializers_from+0xa>
1000197a:	cc08      	ldmia	r4!, {r3}
1000197c:	4798      	blx	r3
1000197e:	4b02      	ldr	r3, [pc, #8]	@ (10001988 <runtime_run_initializers_from+0x14>)
10001980:	429c      	cmp	r4, r3
10001982:	d3fa      	bcc.n	1000197a <runtime_run_initializers_from+0x6>
10001984:	bd10      	pop	{r4, pc}
10001986:	46c0      	nop			@ (mov r8, r8)
10001988:	10006f84 	.word	0x10006f84

1000198c <first_per_core_initializer>:
1000198c:	4770      	bx	lr
	...

10001990 <runtime_run_initializers>:
10001990:	b510      	push	{r4, lr}
10001992:	4802      	ldr	r0, [pc, #8]	@ (1000199c <runtime_run_initializers+0xc>)
10001994:	f7ff ffee 	bl	10001974 <runtime_run_initializers_from>
10001998:	bd10      	pop	{r4, pc}
1000199a:	46c0      	nop			@ (mov r8, r8)
1000199c:	10006f48 	.word	0x10006f48

100019a0 <runtime_init_early_resets>:
100019a0:	4b05      	ldr	r3, [pc, #20]	@ (100019b8 <runtime_init_early_resets+0x18>)
100019a2:	4a06      	ldr	r2, [pc, #24]	@ (100019bc <runtime_init_early_resets+0x1c>)
100019a4:	601a      	str	r2, [r3, #0]
100019a6:	4b06      	ldr	r3, [pc, #24]	@ (100019c0 <runtime_init_early_resets+0x20>)
100019a8:	4a06      	ldr	r2, [pc, #24]	@ (100019c4 <runtime_init_early_resets+0x24>)
100019aa:	601a      	str	r2, [r3, #0]
100019ac:	4b06      	ldr	r3, [pc, #24]	@ (100019c8 <runtime_init_early_resets+0x28>)
100019ae:	681a      	ldr	r2, [r3, #0]
100019b0:	4b04      	ldr	r3, [pc, #16]	@ (100019c4 <runtime_init_early_resets+0x24>)
100019b2:	4393      	bics	r3, r2
100019b4:	d1fa      	bne.n	100019ac <runtime_init_early_resets+0xc>
100019b6:	4770      	bx	lr
100019b8:	4000e000 	.word	0x4000e000
100019bc:	fefbcdbf 	.word	0xfefbcdbf
100019c0:	4000f000 	.word	0x4000f000
100019c4:	003c7ffe 	.word	0x003c7ffe
100019c8:	4000c008 	.word	0x4000c008

100019cc <runtime_init_usb_power_down>:
100019cc:	4b04      	ldr	r3, [pc, #16]	@ (100019e0 <runtime_init_usb_power_down+0x14>)
100019ce:	6cdb      	ldr	r3, [r3, #76]	@ 0x4c
100019d0:	2b00      	cmp	r3, #0
100019d2:	d103      	bne.n	100019dc <runtime_init_usb_power_down+0x10>
100019d4:	4b03      	ldr	r3, [pc, #12]	@ (100019e4 <runtime_init_usb_power_down+0x18>)
100019d6:	2280      	movs	r2, #128	@ 0x80
100019d8:	02d2      	lsls	r2, r2, #11
100019da:	601a      	str	r2, [r3, #0]
100019dc:	4770      	bx	lr
100019de:	46c0      	nop			@ (mov r8, r8)
100019e0:	50110000 	.word	0x50110000
100019e4:	5011204c 	.word	0x5011204c

100019e8 <runtime_init_post_clock_resets>:
100019e8:	4b04      	ldr	r3, [pc, #16]	@ (100019fc <runtime_init_post_clock_resets+0x14>)
100019ea:	4a05      	ldr	r2, [pc, #20]	@ (10001a00 <runtime_init_post_clock_resets+0x18>)
100019ec:	601a      	str	r2, [r3, #0]
100019ee:	4b05      	ldr	r3, [pc, #20]	@ (10001a04 <runtime_init_post_clock_resets+0x1c>)
100019f0:	681b      	ldr	r3, [r3, #0]
100019f2:	43db      	mvns	r3, r3
100019f4:	01db      	lsls	r3, r3, #7
100019f6:	d1fa      	bne.n	100019ee <runtime_init_post_clock_resets+0x6>
100019f8:	4770      	bx	lr
100019fa:	46c0      	nop			@ (mov r8, r8)
100019fc:	4000f000 	.word	0x4000f000
10001a00:	01ffffff 	.word	0x01ffffff
10001a04:	4000c008 	.word	0x4000c008

10001a08 <runtime_init_rp2040_gpio_ie_disable>:
10001a08:	4b03      	ldr	r3, [pc, #12]	@ (10001a18 <runtime_init_rp2040_gpio_ie_disable+0x10>)
10001a0a:	2240      	movs	r2, #64	@ 0x40
10001a0c:	679a      	str	r2, [r3, #120]	@ 0x78
10001a0e:	675a      	str	r2, [r3, #116]	@ 0x74
10001a10:	671a      	str	r2, [r3, #112]	@ 0x70
10001a12:	66da      	str	r2, [r3, #108]	@ 0x6c
10001a14:	4770      	bx	lr
10001a16:	46c0      	nop			@ (mov r8, r8)
10001a18:	4001f000 	.word	0x4001f000

10001a1c <runtime_init_spin_locks_reset>:
10001a1c:	b510      	push	{r4, lr}
10001a1e:	f7fe fec3 	bl	100007a8 <spin_locks_reset>
10001a22:	bd10      	pop	{r4, pc}

10001a24 <runtime_init_install_ram_vector_table>:
10001a24:	b510      	push	{r4, lr}
10001a26:	4a0c      	ldr	r2, [pc, #48]	@ (10001a58 <runtime_init_install_ram_vector_table+0x34>)
10001a28:	4b0c      	ldr	r3, [pc, #48]	@ (10001a5c <runtime_init_install_ram_vector_table+0x38>)
10001a2a:	1ad2      	subs	r2, r2, r3
10001a2c:	1092      	asrs	r2, r2, #2
10001a2e:	0014      	movs	r4, r2
10001a30:	2a30      	cmp	r2, #48	@ 0x30
10001a32:	d900      	bls.n	10001a36 <runtime_init_install_ram_vector_table+0x12>
10001a34:	2230      	movs	r2, #48	@ 0x30
10001a36:	0092      	lsls	r2, r2, #2
10001a38:	4809      	ldr	r0, [pc, #36]	@ (10001a60 <runtime_init_install_ram_vector_table+0x3c>)
10001a3a:	4908      	ldr	r1, [pc, #32]	@ (10001a5c <runtime_init_install_ram_vector_table+0x38>)
10001a3c:	f000 ffbc 	bl	100029b8 <__wrap___aeabi_memcpy>
10001a40:	e004      	b.n	10001a4c <runtime_init_install_ram_vector_table+0x28>
10001a42:	4a08      	ldr	r2, [pc, #32]	@ (10001a64 <runtime_init_install_ram_vector_table+0x40>)
10001a44:	4b06      	ldr	r3, [pc, #24]	@ (10001a60 <runtime_init_install_ram_vector_table+0x3c>)
10001a46:	00a1      	lsls	r1, r4, #2
10001a48:	50ca      	str	r2, [r1, r3]
10001a4a:	3401      	adds	r4, #1
10001a4c:	2c2f      	cmp	r4, #47	@ 0x2f
10001a4e:	d9f8      	bls.n	10001a42 <runtime_init_install_ram_vector_table+0x1e>
10001a50:	4b03      	ldr	r3, [pc, #12]	@ (10001a60 <runtime_init_install_ram_vector_table+0x3c>)
10001a52:	4a05      	ldr	r2, [pc, #20]	@ (10001a68 <runtime_init_install_ram_vector_table+0x44>)
10001a54:	6093      	str	r3, [r2, #8]
10001a56:	bd10      	pop	{r4, pc}
10001a58:	100001c0 	.word	0x100001c0
10001a5c:	10000100 	.word	0x10000100
10001a60:	20000000 	.word	0x20000000
10001a64:	100001c1 	.word	0x100001c1
10001a68:	e000ed00 	.word	0xe000ed00

10001a6c <start_all_ticks>:
10001a6c:	b570      	push	{r4, r5, r6, lr}
10001a6e:	2004      	movs	r0, #4
10001a70:	f7ff fe22 	bl	100016b8 <clock_get_hz>
10001a74:	4906      	ldr	r1, [pc, #24]	@ (10001a90 <start_all_ticks+0x24>)
10001a76:	f000 f8a3 	bl	10001bc0 <__wrap___aeabi_uidiv>
10001a7a:	0005      	movs	r5, r0
10001a7c:	2400      	movs	r4, #0
10001a7e:	2c00      	cmp	r4, #0
10001a80:	dd00      	ble.n	10001a84 <start_all_ticks+0x18>
10001a82:	bd70      	pop	{r4, r5, r6, pc}
10001a84:	b2e0      	uxtb	r0, r4
10001a86:	0029      	movs	r1, r5
10001a88:	f7ff ff18 	bl	100018bc <tick_start>
10001a8c:	3401      	adds	r4, #1
10001a8e:	e7f6      	b.n	10001a7e <start_all_ticks+0x12>
10001a90:	000f4240 	.word	0x000f4240

10001a94 <runtime_init_clocks>:
10001a94:	b530      	push	{r4, r5, lr}
10001a96:	b083      	sub	sp, #12
10001a98:	4b27      	ldr	r3, [pc, #156]	@ (10001b38 <runtime_init_clocks+0xa4>)
10001a9a:	2200      	movs	r2, #0
10001a9c:	679a      	str	r2, [r3, #120]	@ 0x78
10001a9e:	f7ff ff53 	bl	10001948 <xosc_init>
10001aa2:	4b26      	ldr	r3, [pc, #152]	@ (10001b3c <runtime_init_clocks+0xa8>)
10001aa4:	2201      	movs	r2, #1
10001aa6:	601a      	str	r2, [r3, #0]
10001aa8:	4b23      	ldr	r3, [pc, #140]	@ (10001b38 <runtime_init_clocks+0xa4>)
10001aaa:	6c5b      	ldr	r3, [r3, #68]	@ 0x44
10001aac:	2b01      	cmp	r3, #1
10001aae:	d1fb      	bne.n	10001aa8 <runtime_init_clocks+0x14>
10001ab0:	4b23      	ldr	r3, [pc, #140]	@ (10001b40 <runtime_init_clocks+0xac>)
10001ab2:	2203      	movs	r2, #3
10001ab4:	601a      	str	r2, [r3, #0]
10001ab6:	4b20      	ldr	r3, [pc, #128]	@ (10001b38 <runtime_init_clocks+0xa4>)
10001ab8:	6b9b      	ldr	r3, [r3, #56]	@ 0x38
10001aba:	2b01      	cmp	r3, #1
10001abc:	d1fb      	bne.n	10001ab6 <runtime_init_clocks+0x22>
10001abe:	3301      	adds	r3, #1
10001ac0:	9300      	str	r3, [sp, #0]
10001ac2:	3304      	adds	r3, #4
10001ac4:	4a1f      	ldr	r2, [pc, #124]	@ (10001b44 <runtime_init_clocks+0xb0>)
10001ac6:	2101      	movs	r1, #1
10001ac8:	481f      	ldr	r0, [pc, #124]	@ (10001b48 <runtime_init_clocks+0xb4>)
10001aca:	f7ff fdfb 	bl	100016c4 <pll_init>
10001ace:	2305      	movs	r3, #5
10001ad0:	9300      	str	r3, [sp, #0]
10001ad2:	4a1e      	ldr	r2, [pc, #120]	@ (10001b4c <runtime_init_clocks+0xb8>)
10001ad4:	2101      	movs	r1, #1
10001ad6:	481e      	ldr	r0, [pc, #120]	@ (10001b50 <runtime_init_clocks+0xbc>)
10001ad8:	f7ff fdf4 	bl	100016c4 <pll_init>
10001adc:	4b1d      	ldr	r3, [pc, #116]	@ (10001b54 <runtime_init_clocks+0xc0>)
10001ade:	2200      	movs	r2, #0
10001ae0:	2102      	movs	r1, #2
10001ae2:	2004      	movs	r0, #4
10001ae4:	f7ff fdde 	bl	100016a4 <clock_configure_undivided>
10001ae8:	4d1b      	ldr	r5, [pc, #108]	@ (10001b58 <runtime_init_clocks+0xc4>)
10001aea:	002b      	movs	r3, r5
10001aec:	2200      	movs	r2, #0
10001aee:	2101      	movs	r1, #1
10001af0:	2005      	movs	r0, #5
10001af2:	f7ff fdd7 	bl	100016a4 <clock_configure_undivided>
10001af6:	4c19      	ldr	r4, [pc, #100]	@ (10001b5c <runtime_init_clocks+0xc8>)
10001af8:	0023      	movs	r3, r4
10001afa:	2200      	movs	r2, #0
10001afc:	2100      	movs	r1, #0
10001afe:	2007      	movs	r0, #7
10001b00:	f7ff fdd0 	bl	100016a4 <clock_configure_undivided>
10001b04:	0023      	movs	r3, r4
10001b06:	2200      	movs	r2, #0
10001b08:	2100      	movs	r1, #0
10001b0a:	2008      	movs	r0, #8
10001b0c:	f7ff fdca 	bl	100016a4 <clock_configure_undivided>
10001b10:	2380      	movs	r3, #128	@ 0x80
10001b12:	00db      	lsls	r3, r3, #3
10001b14:	9300      	str	r3, [sp, #0]
10001b16:	0023      	movs	r3, r4
10001b18:	2200      	movs	r2, #0
10001b1a:	2100      	movs	r1, #0
10001b1c:	2009      	movs	r0, #9
10001b1e:	f7ff fdad 	bl	1000167c <clock_configure_int_divider>
10001b22:	002b      	movs	r3, r5
10001b24:	2200      	movs	r2, #0
10001b26:	2100      	movs	r1, #0
10001b28:	2006      	movs	r0, #6
10001b2a:	f7ff fdbb 	bl	100016a4 <clock_configure_undivided>
10001b2e:	f7ff ff9d 	bl	10001a6c <start_all_ticks>
10001b32:	b003      	add	sp, #12
10001b34:	bd30      	pop	{r4, r5, pc}
10001b36:	46c0      	nop			@ (mov r8, r8)
10001b38:	40008000 	.word	0x40008000
10001b3c:	4000b03c 	.word	0x4000b03c
10001b40:	4000b030 	.word	0x4000b030
10001b44:	59682f00 	.word	0x59682f00
10001b48:	40028000 	.word	0x40028000
10001b4c:	47868c00 	.word	0x47868c00
10001b50:	4002c000 	.word	0x4002c000
10001b54:	00b71b00 	.word	0x00b71b00
10001b58:	07735940 	.word	0x07735940
10001b5c:	02dc6c00 	.word	0x02dc6c00

10001b60 <__aeabi_bits_init>:
10001b60:	4801      	ldr	r0, [pc, #4]	@ (10001b68 <__aeabi_bits_init+0x8>)
10001b62:	2104      	movs	r1, #4
10001b64:	4b01      	ldr	r3, [pc, #4]	@ (10001b6c <__aeabi_bits_init+0xc>)
10001b66:	4718      	bx	r3
10001b68:	20000ca0 	.word	0x20000ca0
10001b6c:	100018ed 	.word	0x100018ed

10001b70 <__wrap___aeabi_idiv>:
10001b70:	4a12      	ldr	r2, [pc, #72]	@ (10001bbc <divmod_s32s32_savestate+0x18>)
10001b72:	6f93      	ldr	r3, [r2, #120]	@ 0x78
10001b74:	089b      	lsrs	r3, r3, #2
10001b76:	d215      	bcs.n	10001ba4 <divmod_s32s32_savestate>

10001b78 <divmod_s32s32_unsafe>:
10001b78:	6690      	str	r0, [r2, #104]	@ 0x68
10001b7a:	66d1      	str	r1, [r2, #108]	@ 0x6c
10001b7c:	2900      	cmp	r1, #0
10001b7e:	d005      	beq.n	10001b8c <divmod_s32s32_unsafe+0x14>
10001b80:	e7ff      	b.n	10001b82 <divmod_s32s32_unsafe+0xa>
10001b82:	e7ff      	b.n	10001b84 <divmod_s32s32_unsafe+0xc>
10001b84:	e7ff      	b.n	10001b86 <divmod_s32s32_unsafe+0xe>
10001b86:	6f51      	ldr	r1, [r2, #116]	@ 0x74
10001b88:	6f10      	ldr	r0, [r2, #112]	@ 0x70
10001b8a:	4770      	bx	lr
10001b8c:	b504      	push	{r2, lr}
10001b8e:	2180      	movs	r1, #128	@ 0x80
10001b90:	0609      	lsls	r1, r1, #24
10001b92:	17c2      	asrs	r2, r0, #31
10001b94:	4051      	eors	r1, r2
10001b96:	2800      	cmp	r0, #0
10001b98:	d000      	beq.n	10001b9c <divmod_s32s32_unsafe+0x24>
10001b9a:	43c8      	mvns	r0, r1
10001b9c:	f005 f97c 	bl	10006e98 <____aeabi_idiv0_veneer>
10001ba0:	2100      	movs	r1, #0
10001ba2:	bd04      	pop	{r2, pc}

10001ba4 <divmod_s32s32_savestate>:
10001ba4:	b5f0      	push	{r4, r5, r6, r7, lr}
10001ba6:	6e14      	ldr	r4, [r2, #96]	@ 0x60
10001ba8:	6e55      	ldr	r5, [r2, #100]	@ 0x64
10001baa:	6f57      	ldr	r7, [r2, #116]	@ 0x74
10001bac:	6f16      	ldr	r6, [r2, #112]	@ 0x70
10001bae:	f7ff ffe3 	bl	10001b78 <divmod_s32s32_unsafe>
10001bb2:	6614      	str	r4, [r2, #96]	@ 0x60
10001bb4:	6655      	str	r5, [r2, #100]	@ 0x64
10001bb6:	6757      	str	r7, [r2, #116]	@ 0x74
10001bb8:	6716      	str	r6, [r2, #112]	@ 0x70
10001bba:	bdf0      	pop	{r4, r5, r6, r7, pc}
10001bbc:	d0000000 	.word	0xd0000000

10001bc0 <__wrap___aeabi_uidiv>:
10001bc0:	4a11      	ldr	r2, [pc, #68]	@ (10001c08 <divmod_u32u32_savestate+0x18>)
10001bc2:	6f93      	ldr	r3, [r2, #120]	@ 0x78
10001bc4:	089b      	lsrs	r3, r3, #2
10001bc6:	d213      	bcs.n	10001bf0 <divmod_u32u32_savestate>

10001bc8 <divmod_u32u32_unsafe>:
10001bc8:	6610      	str	r0, [r2, #96]	@ 0x60
10001bca:	6651      	str	r1, [r2, #100]	@ 0x64
10001bcc:	2900      	cmp	r1, #0
10001bce:	d005      	beq.n	10001bdc <divmod_u32u32_unsafe+0x14>
10001bd0:	e7ff      	b.n	10001bd2 <divmod_u32u32_unsafe+0xa>
10001bd2:	e7ff      	b.n	10001bd4 <divmod_u32u32_unsafe+0xc>
10001bd4:	e7ff      	b.n	10001bd6 <divmod_u32u32_unsafe+0xe>
10001bd6:	6f51      	ldr	r1, [r2, #116]	@ 0x74
10001bd8:	6f10      	ldr	r0, [r2, #112]	@ 0x70
10001bda:	4770      	bx	lr
10001bdc:	b504      	push	{r2, lr}
10001bde:	2800      	cmp	r0, #0
10001be0:	d001      	beq.n	10001be6 <divmod_u32u32_unsafe+0x1e>
10001be2:	2000      	movs	r0, #0
10001be4:	43c0      	mvns	r0, r0
10001be6:	f005 f957 	bl	10006e98 <____aeabi_idiv0_veneer>
10001bea:	2100      	movs	r1, #0
10001bec:	bd04      	pop	{r2, pc}
10001bee:	46c0      	nop			@ (mov r8, r8)

10001bf0 <divmod_u32u32_savestate>:
10001bf0:	b5f0      	push	{r4, r5, r6, r7, lr}
10001bf2:	6e14      	ldr	r4, [r2, #96]	@ 0x60
10001bf4:	6e55      	ldr	r5, [r2, #100]	@ 0x64
10001bf6:	6f57      	ldr	r7, [r2, #116]	@ 0x74
10001bf8:	6f16      	ldr	r6, [r2, #112]	@ 0x70
10001bfa:	f7ff ffe5 	bl	10001bc8 <divmod_u32u32_unsafe>
10001bfe:	6614      	str	r4, [r2, #96]	@ 0x60
10001c00:	6655      	str	r5, [r2, #100]	@ 0x64
10001c02:	6757      	str	r7, [r2, #116]	@ 0x74
10001c04:	6716      	str	r6, [r2, #112]	@ 0x70
10001c06:	bdf0      	pop	{r4, r5, r6, r7, pc}
10001c08:	d0000000 	.word	0xd0000000

10001c0c <__wrap___aeabi_ldivmod>:
10001c0c:	4694      	mov	ip, r2
10001c0e:	4a4a      	ldr	r2, [pc, #296]	@ (10001d38 <udiv0+0x1a>)
10001c10:	6f92      	ldr	r2, [r2, #120]	@ 0x78
10001c12:	0892      	lsrs	r2, r2, #2
10001c14:	4662      	mov	r2, ip
10001c16:	d201      	bcs.n	10001c1c <divmod_s64s64_savestate>
10001c18:	e028      	b.n	10001c6c <divmod_s64s64_unsafe>
10001c1a:	46c0      	nop			@ (mov r8, r8)

10001c1c <divmod_s64s64_savestate>:
10001c1c:	b5f0      	push	{r4, r5, r6, r7, lr}
10001c1e:	4e46      	ldr	r6, [pc, #280]	@ (10001d38 <udiv0+0x1a>)
10001c20:	6e34      	ldr	r4, [r6, #96]	@ 0x60
10001c22:	6e75      	ldr	r5, [r6, #100]	@ 0x64
10001c24:	6f77      	ldr	r7, [r6, #116]	@ 0x74
10001c26:	6f36      	ldr	r6, [r6, #112]	@ 0x70
10001c28:	f000 f820 	bl	10001c6c <divmod_s64s64_unsafe>
10001c2c:	4694      	mov	ip, r2
10001c2e:	4a42      	ldr	r2, [pc, #264]	@ (10001d38 <udiv0+0x1a>)
10001c30:	6614      	str	r4, [r2, #96]	@ 0x60
10001c32:	6655      	str	r5, [r2, #100]	@ 0x64
10001c34:	6757      	str	r7, [r2, #116]	@ 0x74
10001c36:	6716      	str	r6, [r2, #112]	@ 0x70
10001c38:	4662      	mov	r2, ip
10001c3a:	bdf0      	pop	{r4, r5, r6, r7, pc}

10001c3c <__wrap___aeabi_uldivmod>:
10001c3c:	4694      	mov	ip, r2
10001c3e:	4a3e      	ldr	r2, [pc, #248]	@ (10001d38 <udiv0+0x1a>)
10001c40:	6f92      	ldr	r2, [r2, #120]	@ 0x78
10001c42:	0892      	lsrs	r2, r2, #2
10001c44:	4662      	mov	r2, ip
10001c46:	d201      	bcs.n	10001c4c <divmod_u64u64_savestate>
10001c48:	e054      	b.n	10001cf4 <divmod_u64u64_unsafe>
10001c4a:	46c0      	nop			@ (mov r8, r8)

10001c4c <divmod_u64u64_savestate>:
10001c4c:	b5f0      	push	{r4, r5, r6, r7, lr}
10001c4e:	4e3a      	ldr	r6, [pc, #232]	@ (10001d38 <udiv0+0x1a>)
10001c50:	6e34      	ldr	r4, [r6, #96]	@ 0x60
10001c52:	6e75      	ldr	r5, [r6, #100]	@ 0x64
10001c54:	6f77      	ldr	r7, [r6, #116]	@ 0x74
10001c56:	6f36      	ldr	r6, [r6, #112]	@ 0x70
10001c58:	f000 f84c 	bl	10001cf4 <divmod_u64u64_unsafe>
10001c5c:	4694      	mov	ip, r2
10001c5e:	4a36      	ldr	r2, [pc, #216]	@ (10001d38 <udiv0+0x1a>)
10001c60:	6614      	str	r4, [r2, #96]	@ 0x60
10001c62:	6655      	str	r5, [r2, #100]	@ 0x64
10001c64:	6757      	str	r7, [r2, #116]	@ 0x74
10001c66:	6716      	str	r6, [r2, #112]	@ 0x70
10001c68:	4662      	mov	r2, ip
10001c6a:	bdf0      	pop	{r4, r5, r6, r7, pc}

10001c6c <divmod_s64s64_unsafe>:
10001c6c:	2b00      	cmp	r3, #0
10001c6e:	db24      	blt.n	10001cba <l42_1+0x26>
10001c70:	d011      	beq.n	10001c96 <l42_1+0x2>
10001c72:	2900      	cmp	r1, #0
10001c74:	da3e      	bge.n	10001cf4 <divmod_u64u64_unsafe>
10001c76:	b500      	push	{lr}
10001c78:	43c9      	mvns	r1, r1
10001c7a:	4240      	negs	r0, r0
10001c7c:	d100      	bne.n	10001c80 <l40_1>
10001c7e:	3101      	adds	r1, #1

10001c80 <l40_1>:
10001c80:	f000 f838 	bl	10001cf4 <divmod_u64u64_unsafe>
10001c84:	43c9      	mvns	r1, r1
10001c86:	4240      	negs	r0, r0
10001c88:	d100      	bne.n	10001c8c <l41_1>
10001c8a:	3101      	adds	r1, #1

10001c8c <l41_1>:
10001c8c:	43db      	mvns	r3, r3
10001c8e:	4252      	negs	r2, r2
10001c90:	d100      	bne.n	10001c94 <l42_1>
10001c92:	3301      	adds	r3, #1

10001c94 <l42_1>:
10001c94:	bd00      	pop	{pc}
10001c96:	2a00      	cmp	r2, #0
10001c98:	d1eb      	bne.n	10001c72 <divmod_s64s64_unsafe+0x6>
10001c9a:	2800      	cmp	r0, #0
10001c9c:	d101      	bne.n	10001ca2 <l42_1+0xe>
10001c9e:	2900      	cmp	r1, #0
10001ca0:	d005      	beq.n	10001cae <l42_1+0x1a>
10001ca2:	2000      	movs	r0, #0
10001ca4:	0fc9      	lsrs	r1, r1, #31
10001ca6:	07c9      	lsls	r1, r1, #31
10001ca8:	d101      	bne.n	10001cae <l42_1+0x1a>
10001caa:	43c0      	mvns	r0, r0
10001cac:	0841      	lsrs	r1, r0, #1
10001cae:	b500      	push	{lr}
10001cb0:	f005 f8ea 	bl	10006e88 <____aeabi_ldiv0_veneer>
10001cb4:	2200      	movs	r2, #0
10001cb6:	2300      	movs	r3, #0
10001cb8:	bd00      	pop	{pc}
10001cba:	b500      	push	{lr}
10001cbc:	2900      	cmp	r1, #0
10001cbe:	db0a      	blt.n	10001cd6 <l44_1+0x2>
10001cc0:	43db      	mvns	r3, r3
10001cc2:	4252      	negs	r2, r2
10001cc4:	d100      	bne.n	10001cc8 <l43_1>
10001cc6:	3301      	adds	r3, #1

10001cc8 <l43_1>:
10001cc8:	f000 f814 	bl	10001cf4 <divmod_u64u64_unsafe>
10001ccc:	43c9      	mvns	r1, r1
10001cce:	4240      	negs	r0, r0
10001cd0:	d100      	bne.n	10001cd4 <l44_1>
10001cd2:	3101      	adds	r1, #1

10001cd4 <l44_1>:
10001cd4:	bd00      	pop	{pc}
10001cd6:	43c9      	mvns	r1, r1
10001cd8:	4240      	negs	r0, r0
10001cda:	d100      	bne.n	10001cde <l45_1>
10001cdc:	3101      	adds	r1, #1

10001cde <l45_1>:
10001cde:	43db      	mvns	r3, r3
10001ce0:	4252      	negs	r2, r2
10001ce2:	d100      	bne.n	10001ce6 <l46_1>
10001ce4:	3301      	adds	r3, #1

10001ce6 <l46_1>:
10001ce6:	f000 f805 	bl	10001cf4 <divmod_u64u64_unsafe>
10001cea:	43db      	mvns	r3, r3
10001cec:	4252      	negs	r2, r2
10001cee:	d100      	bne.n	10001cf2 <l47_1>
10001cf0:	3301      	adds	r3, #1

10001cf2 <l47_1>:
10001cf2:	bd00      	pop	{pc}

10001cf4 <divmod_u64u64_unsafe>:
10001cf4:	2900      	cmp	r1, #0
10001cf6:	d123      	bne.n	10001d40 <y64>
10001cf8:	2b00      	cmp	r3, #0
10001cfa:	d118      	bne.n	10001d2e <udiv0+0x10>
10001cfc:	2a00      	cmp	r2, #0
10001cfe:	d00c      	beq.n	10001d1a <divmod_u64u64_unsafe+0x26>
10001d00:	46bc      	mov	ip, r7
10001d02:	4f0d      	ldr	r7, [pc, #52]	@ (10001d38 <udiv0+0x1a>)
10001d04:	6638      	str	r0, [r7, #96]	@ 0x60
10001d06:	667a      	str	r2, [r7, #100]	@ 0x64
10001d08:	2100      	movs	r1, #0
10001d0a:	2300      	movs	r3, #0
10001d0c:	e7ff      	b.n	10001d0e <divmod_u64u64_unsafe+0x1a>
10001d0e:	e7ff      	b.n	10001d10 <divmod_u64u64_unsafe+0x1c>
10001d10:	e7ff      	b.n	10001d12 <divmod_u64u64_unsafe+0x1e>
10001d12:	6f7a      	ldr	r2, [r7, #116]	@ 0x74
10001d14:	6f38      	ldr	r0, [r7, #112]	@ 0x70
10001d16:	4667      	mov	r7, ip
10001d18:	4770      	bx	lr
10001d1a:	2800      	cmp	r0, #0
10001d1c:	d001      	beq.n	10001d22 <udiv0+0x4>

10001d1e <udiv0>:
10001d1e:	4807      	ldr	r0, [pc, #28]	@ (10001d3c <udiv0+0x1e>)
10001d20:	0001      	movs	r1, r0
10001d22:	b500      	push	{lr}
10001d24:	f005 f8b0 	bl	10006e88 <____aeabi_ldiv0_veneer>
10001d28:	2200      	movs	r2, #0
10001d2a:	2300      	movs	r3, #0
10001d2c:	bd00      	pop	{pc}
10001d2e:	0002      	movs	r2, r0
10001d30:	000b      	movs	r3, r1
10001d32:	2000      	movs	r0, #0
10001d34:	2100      	movs	r1, #0
10001d36:	4770      	bx	lr
10001d38:	d0000000 	.word	0xd0000000
10001d3c:	ffffffff 	.word	0xffffffff

10001d40 <y64>:
10001d40:	2b00      	cmp	r3, #0
10001d42:	d000      	beq.n	10001d46 <y64+0x6>
10001d44:	e0bf      	b.n	10001ec6 <y64_x48>
10001d46:	0c13      	lsrs	r3, r2, #16
10001d48:	d128      	bne.n	10001d9c <y64_x32>
10001d4a:	2a00      	cmp	r2, #0
10001d4c:	d0e7      	beq.n	10001d1e <udiv0>
10001d4e:	b480      	push	{r7}
10001d50:	4f11      	ldr	r7, [pc, #68]	@ (10001d98 <y64+0x58>)
10001d52:	6639      	str	r1, [r7, #96]	@ 0x60
10001d54:	667a      	str	r2, [r7, #100]	@ 0x64
10001d56:	e7ff      	b.n	10001d58 <y64+0x18>
10001d58:	e7ff      	b.n	10001d5a <y64+0x1a>
10001d5a:	b430      	push	{r4, r5}
10001d5c:	0c04      	lsrs	r4, r0, #16
10001d5e:	6f7b      	ldr	r3, [r7, #116]	@ 0x74
10001d60:	6f39      	ldr	r1, [r7, #112]	@ 0x70
10001d62:	041b      	lsls	r3, r3, #16
10001d64:	4323      	orrs	r3, r4
10001d66:	663b      	str	r3, [r7, #96]	@ 0x60
10001d68:	667a      	str	r2, [r7, #100]	@ 0x64
10001d6a:	e7ff      	b.n	10001d6c <y64+0x2c>
10001d6c:	e7ff      	b.n	10001d6e <y64+0x2e>
10001d6e:	e7ff      	b.n	10001d70 <y64+0x30>
10001d70:	46c0      	nop			@ (mov r8, r8)
10001d72:	b284      	uxth	r4, r0
10001d74:	6f7b      	ldr	r3, [r7, #116]	@ 0x74
10001d76:	6f3d      	ldr	r5, [r7, #112]	@ 0x70
10001d78:	041b      	lsls	r3, r3, #16
10001d7a:	4323      	orrs	r3, r4
10001d7c:	663b      	str	r3, [r7, #96]	@ 0x60
10001d7e:	667a      	str	r2, [r7, #100]	@ 0x64
10001d80:	e7ff      	b.n	10001d82 <y64+0x42>
10001d82:	e7ff      	b.n	10001d84 <y64+0x44>
10001d84:	46c0      	nop			@ (mov r8, r8)
10001d86:	2300      	movs	r3, #0
10001d88:	042c      	lsls	r4, r5, #16
10001d8a:	0c2d      	lsrs	r5, r5, #16
10001d8c:	6f7a      	ldr	r2, [r7, #116]	@ 0x74
10001d8e:	6f38      	ldr	r0, [r7, #112]	@ 0x70
10001d90:	1900      	adds	r0, r0, r4
10001d92:	4169      	adcs	r1, r5
10001d94:	bcb0      	pop	{r4, r5, r7}
10001d96:	4770      	bx	lr
10001d98:	d0000000 	.word	0xd0000000

10001d9c <y64_x32>:
10001d9c:	b5f0      	push	{r4, r5, r6, r7, lr}
10001d9e:	4694      	mov	ip, r2
10001da0:	2500      	movs	r5, #0
10001da2:	0e14      	lsrs	r4, r2, #24
10001da4:	d101      	bne.n	10001daa <y64_x32+0xe>
10001da6:	0212      	lsls	r2, r2, #8
10001da8:	3508      	adds	r5, #8
10001daa:	0f14      	lsrs	r4, r2, #28
10001dac:	d101      	bne.n	10001db2 <y64_x32+0x16>
10001dae:	0112      	lsls	r2, r2, #4
10001db0:	3504      	adds	r5, #4
10001db2:	0f94      	lsrs	r4, r2, #30
10001db4:	d101      	bne.n	10001dba <y64_x32+0x1e>
10001db6:	0092      	lsls	r2, r2, #2
10001db8:	3502      	adds	r5, #2
10001dba:	0fd4      	lsrs	r4, r2, #31
10001dbc:	d101      	bne.n	10001dc2 <y64_x32+0x26>
10001dbe:	0052      	lsls	r2, r2, #1
10001dc0:	3501      	adds	r5, #1
10001dc2:	0bd4      	lsrs	r4, r2, #15
10001dc4:	3401      	adds	r4, #1
10001dc6:	4f25      	ldr	r7, [pc, #148]	@ (10001e5c <y64_x32+0xc0>)
10001dc8:	667c      	str	r4, [r7, #100]	@ 0x64
10001dca:	4c25      	ldr	r4, [pc, #148]	@ (10001e60 <y64_x32+0xc4>)
10001dcc:	663c      	str	r4, [r7, #96]	@ 0x60
10001dce:	0c0e      	lsrs	r6, r1, #16
10001dd0:	b293      	uxth	r3, r2
10001dd2:	e7ff      	b.n	10001dd4 <y64_x32+0x38>
10001dd4:	e7ff      	b.n	10001dd6 <y64_x32+0x3a>
10001dd6:	e7ff      	b.n	10001dd8 <y64_x32+0x3c>
10001dd8:	6f3c      	ldr	r4, [r7, #112]	@ 0x70
10001dda:	4366      	muls	r6, r4
10001ddc:	0c36      	lsrs	r6, r6, #16
10001dde:	0377      	lsls	r7, r6, #13
10001de0:	46be      	mov	lr, r7
10001de2:	4373      	muls	r3, r6
10001de4:	0bdf      	lsrs	r7, r3, #15
10001de6:	045b      	lsls	r3, r3, #17
10001de8:	1ac0      	subs	r0, r0, r3
10001dea:	41b9      	sbcs	r1, r7
10001dec:	0c13      	lsrs	r3, r2, #16
10001dee:	4373      	muls	r3, r6
10001df0:	18db      	adds	r3, r3, r3
10001df2:	1ac9      	subs	r1, r1, r3
10001df4:	08ce      	lsrs	r6, r1, #3
10001df6:	4366      	muls	r6, r4
10001df8:	0c36      	lsrs	r6, r6, #16
10001dfa:	44b6      	add	lr, r6
10001dfc:	b293      	uxth	r3, r2
10001dfe:	4373      	muls	r3, r6
10001e00:	0f1f      	lsrs	r7, r3, #28
10001e02:	011b      	lsls	r3, r3, #4
10001e04:	1ac0      	subs	r0, r0, r3
10001e06:	41b9      	sbcs	r1, r7
10001e08:	0c13      	lsrs	r3, r2, #16
10001e0a:	4373      	muls	r3, r6
10001e0c:	0b1f      	lsrs	r7, r3, #12
10001e0e:	051b      	lsls	r3, r3, #20
10001e10:	1ac0      	subs	r0, r0, r3
10001e12:	41b9      	sbcs	r1, r7
10001e14:	0d86      	lsrs	r6, r0, #22
10001e16:	028f      	lsls	r7, r1, #10
10001e18:	433e      	orrs	r6, r7
10001e1a:	4366      	muls	r6, r4
10001e1c:	0c36      	lsrs	r6, r6, #16
10001e1e:	2d09      	cmp	r5, #9
10001e20:	db24      	blt.n	10001e6c <last0>
10001e22:	0a52      	lsrs	r2, r2, #9
10001e24:	4372      	muls	r2, r6
10001e26:	1a80      	subs	r0, r0, r2
10001e28:	0377      	lsls	r7, r6, #13
10001e2a:	0a46      	lsrs	r6, r0, #9
10001e2c:	4366      	muls	r6, r4
10001e2e:	0c36      	lsrs	r6, r6, #16
10001e30:	2316      	movs	r3, #22
10001e32:	1b5b      	subs	r3, r3, r5
10001e34:	40de      	lsrs	r6, r3
10001e36:	40df      	lsrs	r7, r3
10001e38:	19bf      	adds	r7, r7, r6
10001e3a:	4664      	mov	r4, ip
10001e3c:	4366      	muls	r6, r4
10001e3e:	1b82      	subs	r2, r0, r6
10001e40:	4670      	mov	r0, lr
10001e42:	3504      	adds	r5, #4
10001e44:	3306      	adds	r3, #6
10001e46:	0001      	movs	r1, r0
10001e48:	40d9      	lsrs	r1, r3
10001e4a:	40a8      	lsls	r0, r5
10001e4c:	19c0      	adds	r0, r0, r7
10001e4e:	d300      	bcc.n	10001e52 <y64_x32+0xb6>
10001e50:	3101      	adds	r1, #1
10001e52:	42a2      	cmp	r2, r4
10001e54:	d206      	bcs.n	10001e64 <y64_x32+0xc8>
10001e56:	2300      	movs	r3, #0
10001e58:	bdf0      	pop	{r4, r5, r6, r7, pc}
10001e5a:	0000      	.short	0x0000
10001e5c:	d0000000 	.word	0xd0000000
10001e60:	ffffffff 	.word	0xffffffff
10001e64:	1b12      	subs	r2, r2, r4
10001e66:	3001      	adds	r0, #1
10001e68:	d3f3      	bcc.n	10001e52 <y64_x32+0xb6>
10001e6a:	e7f1      	b.n	10001e50 <y64_x32+0xb4>

10001e6c <last0>:
10001e6c:	2709      	movs	r7, #9
10001e6e:	1b7f      	subs	r7, r7, r5
10001e70:	40fe      	lsrs	r6, r7
10001e72:	4664      	mov	r4, ip
10001e74:	b2a2      	uxth	r2, r4
10001e76:	4372      	muls	r2, r6
10001e78:	1a80      	subs	r0, r0, r2
10001e7a:	d200      	bcs.n	10001e7e <last0+0x12>
10001e7c:	3901      	subs	r1, #1
10001e7e:	0c22      	lsrs	r2, r4, #16
10001e80:	4372      	muls	r2, r6
10001e82:	0c13      	lsrs	r3, r2, #16
10001e84:	0412      	lsls	r2, r2, #16
10001e86:	1a82      	subs	r2, r0, r2
10001e88:	4199      	sbcs	r1, r3
10001e8a:	000b      	movs	r3, r1
10001e8c:	4670      	mov	r0, lr
10001e8e:	3504      	adds	r5, #4
10001e90:	3713      	adds	r7, #19
10001e92:	0001      	movs	r1, r0
10001e94:	40f9      	lsrs	r1, r7
10001e96:	40a8      	lsls	r0, r5
10001e98:	1980      	adds	r0, r0, r6
10001e9a:	d300      	bcc.n	10001e9e <last0+0x32>
10001e9c:	3101      	adds	r1, #1
10001e9e:	2b00      	cmp	r3, #0
10001ea0:	d102      	bne.n	10001ea8 <last0+0x3c>
10001ea2:	42a2      	cmp	r2, r4
10001ea4:	d20a      	bcs.n	10001ebc <last0+0x50>
10001ea6:	bdf0      	pop	{r4, r5, r6, r7, pc}
10001ea8:	3001      	adds	r0, #1
10001eaa:	d300      	bcc.n	10001eae <last0+0x42>
10001eac:	3101      	adds	r1, #1
10001eae:	1b12      	subs	r2, r2, r4
10001eb0:	d2fa      	bcs.n	10001ea8 <last0+0x3c>
10001eb2:	3b01      	subs	r3, #1
10001eb4:	d1f8      	bne.n	10001ea8 <last0+0x3c>
10001eb6:	42a2      	cmp	r2, r4
10001eb8:	d200      	bcs.n	10001ebc <last0+0x50>
10001eba:	bdf0      	pop	{r4, r5, r6, r7, pc}
10001ebc:	3001      	adds	r0, #1
10001ebe:	d300      	bcc.n	10001ec2 <last0+0x56>
10001ec0:	3101      	adds	r1, #1
10001ec2:	1b12      	subs	r2, r2, r4
10001ec4:	e7f7      	b.n	10001eb6 <last0+0x4a>

10001ec6 <y64_x48>:
10001ec6:	b5f0      	push	{r4, r5, r6, r7, lr}
10001ec8:	0c1c      	lsrs	r4, r3, #16
10001eca:	d000      	beq.n	10001ece <y64_x48+0x8>
10001ecc:	e080      	b.n	10001fd0 <y64_x64>
10001ece:	b40c      	push	{r2, r3}
10001ed0:	2500      	movs	r5, #0
10001ed2:	0a1c      	lsrs	r4, r3, #8
10001ed4:	d104      	bne.n	10001ee0 <y64_x48+0x1a>
10001ed6:	021b      	lsls	r3, r3, #8
10001ed8:	0e16      	lsrs	r6, r2, #24
10001eda:	4333      	orrs	r3, r6
10001edc:	0212      	lsls	r2, r2, #8
10001ede:	3508      	adds	r5, #8
10001ee0:	0b1c      	lsrs	r4, r3, #12
10001ee2:	d104      	bne.n	10001eee <y64_x48+0x28>
10001ee4:	011b      	lsls	r3, r3, #4
10001ee6:	0f16      	lsrs	r6, r2, #28
10001ee8:	4333      	orrs	r3, r6
10001eea:	0112      	lsls	r2, r2, #4
10001eec:	3504      	adds	r5, #4
10001eee:	0b9c      	lsrs	r4, r3, #14
10001ef0:	d104      	bne.n	10001efc <y64_x48+0x36>
10001ef2:	009b      	lsls	r3, r3, #2
10001ef4:	0f96      	lsrs	r6, r2, #30
10001ef6:	4333      	orrs	r3, r6
10001ef8:	0092      	lsls	r2, r2, #2
10001efa:	3502      	adds	r5, #2
10001efc:	0bdc      	lsrs	r4, r3, #15
10001efe:	d102      	bne.n	10001f06 <y64_x48+0x40>
10001f00:	1892      	adds	r2, r2, r2
10001f02:	415b      	adcs	r3, r3
10001f04:	3501      	adds	r5, #1
10001f06:	001c      	movs	r4, r3
10001f08:	1897      	adds	r7, r2, r2
10001f0a:	4164      	adcs	r4, r4
10001f0c:	3401      	adds	r4, #1
10001f0e:	4f46      	ldr	r7, [pc, #280]	@ (10002028 <y64_x64+0x58>)
10001f10:	667c      	str	r4, [r7, #100]	@ 0x64
10001f12:	4c46      	ldr	r4, [pc, #280]	@ (1000202c <y64_x64+0x5c>)
10001f14:	663c      	str	r4, [r7, #96]	@ 0x60
10001f16:	0c0e      	lsrs	r6, r1, #16
10001f18:	e7ff      	b.n	10001f1a <y64_x48+0x54>
10001f1a:	e7ff      	b.n	10001f1c <y64_x48+0x56>
10001f1c:	e7ff      	b.n	10001f1e <y64_x48+0x58>
10001f1e:	46c0      	nop			@ (mov r8, r8)
10001f20:	6f3c      	ldr	r4, [r7, #112]	@ 0x70
10001f22:	4366      	muls	r6, r4
10001f24:	0c36      	lsrs	r6, r6, #16
10001f26:	0377      	lsls	r7, r6, #13
10001f28:	46be      	mov	lr, r7
10001f2a:	b297      	uxth	r7, r2
10001f2c:	4377      	muls	r7, r6
10001f2e:	1bc0      	subs	r0, r0, r7
10001f30:	d200      	bcs.n	10001f34 <y64_x48+0x6e>
10001f32:	3901      	subs	r1, #1
10001f34:	1bc0      	subs	r0, r0, r7
10001f36:	d200      	bcs.n	10001f3a <y64_x48+0x74>
10001f38:	3901      	subs	r1, #1
10001f3a:	b29f      	uxth	r7, r3
10001f3c:	4377      	muls	r7, r6
10001f3e:	1bc9      	subs	r1, r1, r7
10001f40:	1bc9      	subs	r1, r1, r7
10001f42:	0c17      	lsrs	r7, r2, #16
10001f44:	4377      	muls	r7, r6
10001f46:	047e      	lsls	r6, r7, #17
10001f48:	0bff      	lsrs	r7, r7, #15
10001f4a:	1b80      	subs	r0, r0, r6
10001f4c:	41b9      	sbcs	r1, r7
10001f4e:	08ce      	lsrs	r6, r1, #3
10001f50:	4366      	muls	r6, r4
10001f52:	0c36      	lsrs	r6, r6, #16
10001f54:	2d0c      	cmp	r5, #12
10001f56:	db33      	blt.n	10001fc0 <last1>
10001f58:	44b6      	add	lr, r6
10001f5a:	0b12      	lsrs	r2, r2, #12
10001f5c:	051f      	lsls	r7, r3, #20
10001f5e:	433a      	orrs	r2, r7
10001f60:	0b1b      	lsrs	r3, r3, #12
10001f62:	b297      	uxth	r7, r2
10001f64:	4377      	muls	r7, r6
10001f66:	1bc0      	subs	r0, r0, r7
10001f68:	d200      	bcs.n	10001f6c <y64_x48+0xa6>
10001f6a:	3901      	subs	r1, #1
10001f6c:	b29f      	uxth	r7, r3
10001f6e:	4377      	muls	r7, r6
10001f70:	1bc9      	subs	r1, r1, r7
10001f72:	0c17      	lsrs	r7, r2, #16
10001f74:	4377      	muls	r7, r6
10001f76:	043e      	lsls	r6, r7, #16
10001f78:	0c3f      	lsrs	r7, r7, #16
10001f7a:	1b80      	subs	r0, r0, r6
10001f7c:	41b9      	sbcs	r1, r7
10001f7e:	0d86      	lsrs	r6, r0, #22
10001f80:	028f      	lsls	r7, r1, #10
10001f82:	433e      	orrs	r6, r7
10001f84:	4366      	muls	r6, r4
10001f86:	2729      	movs	r7, #41	@ 0x29
10001f88:	1b7f      	subs	r7, r7, r5
10001f8a:	40fe      	lsrs	r6, r7
10001f8c:	3d0c      	subs	r5, #12
10001f8e:	4677      	mov	r7, lr
10001f90:	40af      	lsls	r7, r5
10001f92:	19bf      	adds	r7, r7, r6
10001f94:	bc30      	pop	{r4, r5}
10001f96:	b2a2      	uxth	r2, r4
10001f98:	b2ab      	uxth	r3, r5
10001f9a:	4372      	muls	r2, r6
10001f9c:	4373      	muls	r3, r6
10001f9e:	1a80      	subs	r0, r0, r2
10001fa0:	4199      	sbcs	r1, r3
10001fa2:	0c22      	lsrs	r2, r4, #16
10001fa4:	4372      	muls	r2, r6
10001fa6:	0c13      	lsrs	r3, r2, #16
10001fa8:	0412      	lsls	r2, r2, #16
10001faa:	1a80      	subs	r0, r0, r2
10001fac:	4199      	sbcs	r1, r3
10001fae:	0002      	movs	r2, r0
10001fb0:	000b      	movs	r3, r1
10001fb2:	3701      	adds	r7, #1
10001fb4:	1b00      	subs	r0, r0, r4
10001fb6:	41a9      	sbcs	r1, r5
10001fb8:	d2f9      	bcs.n	10001fae <y64_x48+0xe8>
10001fba:	1e78      	subs	r0, r7, #1
10001fbc:	2100      	movs	r1, #0
10001fbe:	bdf0      	pop	{r4, r5, r6, r7, pc}

10001fc0 <last1>:
10001fc0:	270c      	movs	r7, #12
10001fc2:	1b7f      	subs	r7, r7, r5
10001fc4:	40fe      	lsrs	r6, r7
10001fc6:	4677      	mov	r7, lr
10001fc8:	0b7f      	lsrs	r7, r7, #13
10001fca:	40af      	lsls	r7, r5
10001fcc:	19ff      	adds	r7, r7, r7
10001fce:	e7e0      	b.n	10001f92 <y64_x48+0xcc>

10001fd0 <y64_x64>:
10001fd0:	2400      	movs	r4, #0
10001fd2:	1c5d      	adds	r5, r3, #1
10001fd4:	d007      	beq.n	10001fe6 <y64_x64+0x16>
10001fd6:	4f14      	ldr	r7, [pc, #80]	@ (10002028 <y64_x64+0x58>)
10001fd8:	667d      	str	r5, [r7, #100]	@ 0x64
10001fda:	6639      	str	r1, [r7, #96]	@ 0x60
10001fdc:	e7ff      	b.n	10001fde <y64_x64+0xe>
10001fde:	e7ff      	b.n	10001fe0 <y64_x64+0x10>
10001fe0:	e7ff      	b.n	10001fe2 <y64_x64+0x12>
10001fe2:	e7ff      	b.n	10001fe4 <y64_x64+0x14>
10001fe4:	6f3c      	ldr	r4, [r7, #112]	@ 0x70
10001fe6:	b295      	uxth	r5, r2
10001fe8:	b29e      	uxth	r6, r3
10001fea:	4365      	muls	r5, r4
10001fec:	4366      	muls	r6, r4
10001fee:	1b40      	subs	r0, r0, r5
10001ff0:	41b1      	sbcs	r1, r6
10001ff2:	0c15      	lsrs	r5, r2, #16
10001ff4:	0c1e      	lsrs	r6, r3, #16
10001ff6:	4365      	muls	r5, r4
10001ff8:	4366      	muls	r6, r4
10001ffa:	0436      	lsls	r6, r6, #16
10001ffc:	0c2f      	lsrs	r7, r5, #16
10001ffe:	433e      	orrs	r6, r7
10002000:	042d      	lsls	r5, r5, #16
10002002:	1b40      	subs	r0, r0, r5
10002004:	41b1      	sbcs	r1, r6
10002006:	4299      	cmp	r1, r3
10002008:	d204      	bcs.n	10002014 <y64_x64+0x44>
1000200a:	0002      	movs	r2, r0
1000200c:	000b      	movs	r3, r1
1000200e:	0020      	movs	r0, r4
10002010:	2100      	movs	r1, #0
10002012:	bdf0      	pop	{r4, r5, r6, r7, pc}
10002014:	d101      	bne.n	1000201a <y64_x64+0x4a>
10002016:	4290      	cmp	r0, r2
10002018:	d3f7      	bcc.n	1000200a <y64_x64+0x3a>
1000201a:	1a80      	subs	r0, r0, r2
1000201c:	4199      	sbcs	r1, r3
1000201e:	3401      	adds	r4, #1
10002020:	4299      	cmp	r1, r3
10002022:	d3f2      	bcc.n	1000200a <y64_x64+0x3a>
10002024:	e7f6      	b.n	10002014 <y64_x64+0x44>
10002026:	0000      	.short	0x0000
10002028:	d0000000 	.word	0xd0000000
1000202c:	ffffffff 	.word	0xffffffff

10002030 <__wrap___aeabi_drsub>:
10002030:	4048      	eors	r0, r1
10002032:	4041      	eors	r1, r0
10002034:	4048      	eors	r0, r1

10002036 <__wrap___aeabi_dsub>:
10002036:	b418      	push	{r3, r4}
10002038:	4b1b      	ldr	r3, [pc, #108]	@ (100020a8 <__wrap___aeabi_dmul+0x12>)
1000203a:	685b      	ldr	r3, [r3, #4]
1000203c:	46fc      	mov	ip, pc
1000203e:	9301      	str	r3, [sp, #4]
10002040:	bd08      	pop	{r3, pc}
10002042:	df04      	.short	0xdf04
10002044:	1000230b 	.word	0x1000230b

10002048 <__wrap___aeabi_dadd>:
10002048:	b418      	push	{r3, r4}
1000204a:	4b17      	ldr	r3, [pc, #92]	@ (100020a8 <__wrap___aeabi_dmul+0x12>)
1000204c:	681b      	ldr	r3, [r3, #0]
1000204e:	46fc      	mov	ip, pc
10002050:	9301      	str	r3, [sp, #4]
10002052:	bd08      	pop	{r3, pc}
10002054:	2315df00 	.word	0x2315df00
10002058:	1000      	.short	0x1000

1000205a <__wrap___aeabi_ddiv>:
1000205a:	4694      	mov	ip, r2
1000205c:	4a13      	ldr	r2, [pc, #76]	@ (100020ac <__wrap___aeabi_dmul+0x16>)
1000205e:	6f92      	ldr	r2, [r2, #120]	@ 0x78
10002060:	0892      	lsrs	r2, r2, #2
10002062:	d209      	bcs.n	10002078 <ddiv_save_state>
10002064:	4662      	mov	r2, ip

10002066 <ddiv_shim_call>:
10002066:	b418      	push	{r3, r4}
10002068:	4b0f      	ldr	r3, [pc, #60]	@ (100020a8 <__wrap___aeabi_dmul+0x12>)
1000206a:	68db      	ldr	r3, [r3, #12]
1000206c:	46fc      	mov	ip, pc
1000206e:	9301      	str	r3, [sp, #4]
10002070:	bd08      	pop	{r3, pc}
10002072:	df0c      	.short	0xdf0c
10002074:	100025cd 	.word	0x100025cd

10002078 <ddiv_save_state>:
10002078:	4a0c      	ldr	r2, [pc, #48]	@ (100020ac <__wrap___aeabi_dmul+0x16>)
1000207a:	b5f0      	push	{r4, r5, r6, r7, lr}
1000207c:	6e14      	ldr	r4, [r2, #96]	@ 0x60
1000207e:	6e55      	ldr	r5, [r2, #100]	@ 0x64
10002080:	6f57      	ldr	r7, [r2, #116]	@ 0x74
10002082:	6f16      	ldr	r6, [r2, #112]	@ 0x70
10002084:	4662      	mov	r2, ip
10002086:	f7ff ffee 	bl	10002066 <ddiv_shim_call>
1000208a:	4a08      	ldr	r2, [pc, #32]	@ (100020ac <__wrap___aeabi_dmul+0x16>)
1000208c:	6614      	str	r4, [r2, #96]	@ 0x60
1000208e:	6655      	str	r5, [r2, #100]	@ 0x64
10002090:	6757      	str	r7, [r2, #116]	@ 0x74
10002092:	6716      	str	r6, [r2, #112]	@ 0x70
10002094:	bdf0      	pop	{r4, r5, r6, r7, pc}

10002096 <__wrap___aeabi_dmul>:
10002096:	b418      	push	{r3, r4}
10002098:	4b03      	ldr	r3, [pc, #12]	@ (100020a8 <__wrap___aeabi_dmul+0x12>)
1000209a:	689b      	ldr	r3, [r3, #8]
1000209c:	46fc      	mov	ip, pc
1000209e:	9301      	str	r3, [sp, #4]
100020a0:	bd08      	pop	{r3, pc}
100020a2:	df08      	.short	0xdf08
100020a4:	10002471 	.word	0x10002471
100020a8:	20001bdc 	.word	0x20001bdc
100020ac:	d0000000 	.word	0xd0000000

100020b0 <__wrap___aeabi_cdrcmple>:
100020b0:	b5ff      	push	{r0, r1, r2, r3, r4, r5, r6, r7, lr}
100020b2:	4050      	eors	r0, r2
100020b4:	4042      	eors	r2, r0
100020b6:	4050      	eors	r0, r2
100020b8:	4059      	eors	r1, r3
100020ba:	404b      	eors	r3, r1
100020bc:	4059      	eors	r1, r3
100020be:	e000      	b.n	100020c2 <__aeabi_dfcmple_guts>

100020c0 <__wrap___aeabi_cdcmpeq>:
100020c0:	b5ff      	push	{r0, r1, r2, r3, r4, r5, r6, r7, lr}

100020c2 <__aeabi_dfcmple_guts>:
100020c2:	4f15      	ldr	r7, [pc, #84]	@ (10002118 <__aeabi_dfcmple_guts+0x56>)
100020c4:	004c      	lsls	r4, r1, #1
100020c6:	0d64      	lsrs	r4, r4, #21
100020c8:	d003      	beq.n	100020d2 <__aeabi_dfcmple_guts+0x10>
100020ca:	42bc      	cmp	r4, r7
100020cc:	d104      	bne.n	100020d8 <__aeabi_dfcmple_guts+0x16>
100020ce:	030c      	lsls	r4, r1, #12
100020d0:	d814      	bhi.n	100020fc <__aeabi_dfcmple_guts+0x3a>
100020d2:	2000      	movs	r0, #0
100020d4:	0d09      	lsrs	r1, r1, #20
100020d6:	0509      	lsls	r1, r1, #20
100020d8:	005c      	lsls	r4, r3, #1
100020da:	0d64      	lsrs	r4, r4, #21
100020dc:	d003      	beq.n	100020e6 <__aeabi_dfcmple_guts+0x24>
100020de:	42bc      	cmp	r4, r7
100020e0:	d104      	bne.n	100020ec <__aeabi_dfcmple_guts+0x2a>
100020e2:	031c      	lsls	r4, r3, #12
100020e4:	d80a      	bhi.n	100020fc <__aeabi_dfcmple_guts+0x3a>
100020e6:	2200      	movs	r2, #0
100020e8:	0d1b      	lsrs	r3, r3, #20
100020ea:	051b      	lsls	r3, r3, #20
100020ec:	2601      	movs	r6, #1
100020ee:	404b      	eors	r3, r1
100020f0:	d409      	bmi.n	10002106 <__aeabi_dfcmple_guts+0x44>
100020f2:	404b      	eors	r3, r1
100020f4:	d503      	bpl.n	100020fe <__aeabi_dfcmple_guts+0x3c>
100020f6:	428b      	cmp	r3, r1
100020f8:	d100      	bne.n	100020fc <__aeabi_dfcmple_guts+0x3a>
100020fa:	4282      	cmp	r2, r0
100020fc:	bdff      	pop	{r0, r1, r2, r3, r4, r5, r6, r7, pc}
100020fe:	4299      	cmp	r1, r3
10002100:	d1fc      	bne.n	100020fc <__aeabi_dfcmple_guts+0x3a>
10002102:	4290      	cmp	r0, r2
10002104:	bdff      	pop	{r0, r1, r2, r3, r4, r5, r6, r7, pc}
10002106:	430b      	orrs	r3, r1
10002108:	18db      	adds	r3, r3, r3
1000210a:	4303      	orrs	r3, r0
1000210c:	4313      	orrs	r3, r2
1000210e:	d0f5      	beq.n	100020fc <__aeabi_dfcmple_guts+0x3a>
10002110:	43c9      	mvns	r1, r1
10002112:	1849      	adds	r1, r1, r1
10002114:	bdff      	pop	{r0, r1, r2, r3, r4, r5, r6, r7, pc}
10002116:	0000      	.short	0x0000
10002118:	000007ff 	.word	0x000007ff

1000211c <__wrap___aeabi_dcmplt>:
1000211c:	b500      	push	{lr}
1000211e:	f7ff ffcf 	bl	100020c0 <__wrap___aeabi_cdcmpeq>
10002122:	4180      	sbcs	r0, r0
10002124:	bd00      	pop	{pc}
10002126:	46c0      	nop			@ (mov r8, r8)

10002128 <__wrap___aeabi_dcmple>:
10002128:	b500      	push	{lr}
1000212a:	f7ff ffc9 	bl	100020c0 <__wrap___aeabi_cdcmpeq>
1000212e:	d901      	bls.n	10002134 <__wrap___aeabi_dcmple+0xc>
10002130:	2000      	movs	r0, #0
10002132:	bd00      	pop	{pc}
10002134:	2001      	movs	r0, #1
10002136:	bd00      	pop	{pc}

10002138 <__wrap___aeabi_dcmpge>:
10002138:	b500      	push	{lr}
1000213a:	f7ff ffb9 	bl	100020b0 <__wrap___aeabi_cdrcmple>
1000213e:	d901      	bls.n	10002144 <__wrap___aeabi_dcmpge+0xc>
10002140:	2000      	movs	r0, #0
10002142:	bd00      	pop	{pc}
10002144:	2001      	movs	r0, #1
10002146:	bd00      	pop	{pc}

10002148 <__wrap___aeabi_dcmpgt>:
10002148:	b500      	push	{lr}
1000214a:	f7ff ffb1 	bl	100020b0 <__wrap___aeabi_cdrcmple>
1000214e:	4180      	sbcs	r0, r0
10002150:	bd00      	pop	{pc}

10002152 <__wrap___aeabi_dcmpun>:
10002152:	2001      	movs	r0, #1
10002154:	0540      	lsls	r0, r0, #21
10002156:	004a      	lsls	r2, r1, #1
10002158:	1812      	adds	r2, r2, r0
1000215a:	d804      	bhi.n	10002166 <__wrap___aeabi_dcmpun+0x14>
1000215c:	005a      	lsls	r2, r3, #1
1000215e:	1812      	adds	r2, r2, r0
10002160:	d801      	bhi.n	10002166 <__wrap___aeabi_dcmpun+0x14>
10002162:	2000      	movs	r0, #0
10002164:	4770      	bx	lr
10002166:	2001      	movs	r0, #1
10002168:	4770      	bx	lr
	...

1000216c <__wrap___aeabi_ui2d>:
1000216c:	2100      	movs	r1, #0
1000216e:	2800      	cmp	r0, #0
10002170:	d105      	bne.n	1000217e <__wrap___aeabi_i2d+0xa>
10002172:	4770      	bx	lr

10002174 <__wrap___aeabi_i2d>:
10002174:	17c1      	asrs	r1, r0, #31
10002176:	4048      	eors	r0, r1
10002178:	1a40      	subs	r0, r0, r1
1000217a:	d0fa      	beq.n	10002172 <__wrap___aeabi_ui2d+0x6>
1000217c:	07c9      	lsls	r1, r1, #31
1000217e:	b513      	push	{r0, r1, r4, lr}
10002180:	4b06      	ldr	r3, [pc, #24]	@ (1000219c <__wrap___aeabi_i2d+0x28>)
10002182:	681b      	ldr	r3, [r3, #0]
10002184:	4798      	blx	r3
10002186:	bc0c      	pop	{r2, r3}
10002188:	1c44      	adds	r4, r0, #1
1000218a:	40a2      	lsls	r2, r4
1000218c:	0510      	lsls	r0, r2, #20
1000218e:	0b12      	lsrs	r2, r2, #12
10002190:	4903      	ldr	r1, [pc, #12]	@ (100021a0 <__wrap___aeabi_i2d+0x2c>)
10002192:	1b09      	subs	r1, r1, r4
10002194:	0509      	lsls	r1, r1, #20
10002196:	4319      	orrs	r1, r3
10002198:	4311      	orrs	r1, r2
1000219a:	bd10      	pop	{r4, pc}
1000219c:	20001cdc 	.word	0x20001cdc
100021a0:	0000041f 	.word	0x0000041f

100021a4 <__wrap___aeabi_d2iz>:
100021a4:	b510      	push	{r4, lr}
100021a6:	004c      	lsls	r4, r1, #1
100021a8:	0d62      	lsrs	r2, r4, #21
100021aa:	2380      	movs	r3, #128	@ 0x80
100021ac:	18d2      	adds	r2, r2, r3
100021ae:	00db      	lsls	r3, r3, #3
100021b0:	1ad2      	subs	r2, r2, r3
100021b2:	055b      	lsls	r3, r3, #21
100021b4:	2a7e      	cmp	r2, #126	@ 0x7e
100021b6:	dd10      	ble.n	100021da <__wrap___aeabi_d2iz+0x36>
100021b8:	3a9e      	subs	r2, #158	@ 0x9e
100021ba:	da13      	bge.n	100021e4 <__wrap___aeabi_d2iz+0x40>
100021bc:	17cc      	asrs	r4, r1, #31
100021be:	0309      	lsls	r1, r1, #12
100021c0:	0849      	lsrs	r1, r1, #1
100021c2:	4319      	orrs	r1, r3
100021c4:	4252      	negs	r2, r2
100021c6:	40d1      	lsrs	r1, r2
100021c8:	0064      	lsls	r4, r4, #1
100021ca:	3401      	adds	r4, #1
100021cc:	3215      	adds	r2, #21
100021ce:	2a20      	cmp	r2, #32
100021d0:	da05      	bge.n	100021de <__wrap___aeabi_d2iz+0x3a>
100021d2:	40d0      	lsrs	r0, r2
100021d4:	4308      	orrs	r0, r1
100021d6:	4360      	muls	r0, r4
100021d8:	bd10      	pop	{r4, pc}
100021da:	2000      	movs	r0, #0
100021dc:	bd10      	pop	{r4, pc}
100021de:	4608      	mov	r0, r1
100021e0:	4360      	muls	r0, r4
100021e2:	bd10      	pop	{r4, pc}
100021e4:	0fc8      	lsrs	r0, r1, #31
100021e6:	18c0      	adds	r0, r0, r3
100021e8:	3801      	subs	r0, #1
100021ea:	bd10      	pop	{r4, pc}

100021ec <__wrap___aeabi_d2uiz>:
100021ec:	b418      	push	{r3, r4}
100021ee:	4b04      	ldr	r3, [pc, #16]	@ (10002200 <__wrap___aeabi_d2uiz+0x14>)
100021f0:	6a5b      	ldr	r3, [r3, #36]	@ 0x24
100021f2:	46fc      	mov	ip, pc
100021f4:	9301      	str	r3, [sp, #4]
100021f6:	bd08      	pop	{r3, pc}
100021f8:	277ddf24 	.word	0x277ddf24
100021fc:	00001000 	.word	0x00001000
10002200:	20001bdc 	.word	0x20001bdc

10002204 <__aeabi_double_init>:
10002204:	b570      	push	{r4, r5, r6, lr}
10002206:	2313      	movs	r3, #19
10002208:	781c      	ldrb	r4, [r3, #0]
1000220a:	2c01      	cmp	r4, #1
1000220c:	d012      	beq.n	10002234 <__aeabi_double_init+0x30>
1000220e:	2c01      	cmp	r4, #1
10002210:	dc12      	bgt.n	10002238 <__aeabi_double_init+0x34>
10002212:	4b21      	ldr	r3, [pc, #132]	@ (10002298 <__aeabi_double_init+0x94>)
10002214:	4a21      	ldr	r2, [pc, #132]	@ (1000229c <__aeabi_double_init+0x98>)
10002216:	6493      	str	r3, [r2, #72]	@ 0x48
10002218:	4821      	ldr	r0, [pc, #132]	@ (100022a0 <__aeabi_double_init+0x9c>)
1000221a:	f7ff fb57 	bl	100018cc <rom_func_lookup>
1000221e:	4b21      	ldr	r3, [pc, #132]	@ (100022a4 <__aeabi_double_init+0xa0>)
10002220:	6018      	str	r0, [r3, #0]
10002222:	bd70      	pop	{r4, r5, r6, pc}
10002224:	491c      	ldr	r1, [pc, #112]	@ (10002298 <__aeabi_double_init+0x94>)
10002226:	4a1d      	ldr	r2, [pc, #116]	@ (1000229c <__aeabi_double_init+0x98>)
10002228:	0098      	lsls	r0, r3, #2
1000222a:	5081      	str	r1, [r0, r2]
1000222c:	3301      	adds	r3, #1
1000222e:	2b1f      	cmp	r3, #31
10002230:	d9f8      	bls.n	10002224 <__aeabi_double_init+0x20>
10002232:	e7ec      	b.n	1000220e <__aeabi_double_init+0xa>
10002234:	2300      	movs	r3, #0
10002236:	e7fa      	b.n	1000222e <__aeabi_double_init+0x2a>
10002238:	481b      	ldr	r0, [pc, #108]	@ (100022a8 <__aeabi_double_init+0xa4>)
1000223a:	f7ff fb4f 	bl	100018dc <rom_data_lookup>
1000223e:	0005      	movs	r5, r0
10002240:	481a      	ldr	r0, [pc, #104]	@ (100022ac <__aeabi_double_init+0xa8>)
10002242:	f7ff fb4b 	bl	100018dc <rom_data_lookup>
10002246:	3802      	subs	r0, #2
10002248:	7803      	ldrb	r3, [r0, #0]
1000224a:	009b      	lsls	r3, r3, #2
1000224c:	2b7f      	cmp	r3, #127	@ 0x7f
1000224e:	dd09      	ble.n	10002264 <__aeabi_double_init+0x60>
10002250:	4812      	ldr	r0, [pc, #72]	@ (1000229c <__aeabi_double_init+0x98>)
10002252:	2280      	movs	r2, #128	@ 0x80
10002254:	0029      	movs	r1, r5
10002256:	f000 fbaf 	bl	100029b8 <__wrap___aeabi_memcpy>
1000225a:	2c02      	cmp	r4, #2
1000225c:	d008      	beq.n	10002270 <__aeabi_double_init+0x6c>
1000225e:	2c02      	cmp	r4, #2
10002260:	dcda      	bgt.n	10002218 <__aeabi_double_init+0x14>
10002262:	e7d6      	b.n	10002212 <__aeabi_double_init+0xe>
10002264:	4b12      	ldr	r3, [pc, #72]	@ (100022b0 <__aeabi_double_init+0xac>)
10002266:	4a13      	ldr	r2, [pc, #76]	@ (100022b4 <__aeabi_double_init+0xb0>)
10002268:	4813      	ldr	r0, [pc, #76]	@ (100022b8 <__aeabi_double_init+0xb4>)
1000226a:	2133      	movs	r1, #51	@ 0x33
1000226c:	f001 fca8 	bl	10003bc0 <__assert_func>
10002270:	4b12      	ldr	r3, [pc, #72]	@ (100022bc <__aeabi_double_init+0xb8>)
10002272:	881a      	ldrh	r2, [r3, #0]
10002274:	23b5      	movs	r3, #181	@ 0xb5
10002276:	021b      	lsls	r3, r3, #8
10002278:	429a      	cmp	r2, r3
1000227a:	d109      	bne.n	10002290 <__aeabi_double_init+0x8c>
1000227c:	4b10      	ldr	r3, [pc, #64]	@ (100022c0 <__aeabi_double_init+0xbc>)
1000227e:	881a      	ldrh	r2, [r3, #0]
10002280:	4b10      	ldr	r3, [pc, #64]	@ (100022c4 <__aeabi_double_init+0xc0>)
10002282:	429a      	cmp	r2, r3
10002284:	d104      	bne.n	10002290 <__aeabi_double_init+0x8c>
10002286:	4b10      	ldr	r3, [pc, #64]	@ (100022c8 <__aeabi_double_init+0xc4>)
10002288:	881a      	ldrh	r2, [r3, #0]
1000228a:	4b10      	ldr	r3, [pc, #64]	@ (100022cc <__aeabi_double_init+0xc8>)
1000228c:	429a      	cmp	r2, r3
1000228e:	d0e6      	beq.n	1000225e <__aeabi_double_init+0x5a>
10002290:	2000      	movs	r0, #0
10002292:	f7fe f9f9 	bl	10000688 <panic>
10002296:	46c0      	nop			@ (mov r8, r8)
10002298:	100022d1 	.word	0x100022d1
1000229c:	20001bdc 	.word	0x20001bdc
100022a0:	0000334c 	.word	0x0000334c
100022a4:	20001cdc 	.word	0x20001cdc
100022a8:	00004453 	.word	0x00004453
100022ac:	00004653 	.word	0x00004653
100022b0:	10007520 	.word	0x10007520
100022b4:	10007ccc 	.word	0x10007ccc
100022b8:	10007564 	.word	0x10007564
100022bc:	00003854 	.word	0x00003854
100022c0:	000038d8 	.word	0x000038d8
100022c4:	00004649 	.word	0x00004649
100022c8:	0000389c 	.word	0x0000389c
100022cc:	00004659 	.word	0x00004659

100022d0 <double_table_shim_on_use_helper>:
100022d0:	b507      	push	{r0, r1, r2, lr}
100022d2:	4660      	mov	r0, ip
100022d4:	2800      	cmp	r0, #0
100022d6:	d100      	bne.n	100022da <double_table_shim_on_use_helper+0xa>
100022d8:	be00      	bkpt	0x0000
100022da:	8801      	ldrh	r1, [r0, #0]
100022dc:	0a0a      	lsrs	r2, r1, #8
100022de:	3002      	adds	r0, #2
100022e0:	2adf      	cmp	r2, #223	@ 0xdf
100022e2:	d1fa      	bne.n	100022da <double_table_shim_on_use_helper+0xa>
100022e4:	b2c9      	uxtb	r1, r1
100022e6:	0882      	lsrs	r2, r0, #2
100022e8:	d304      	bcc.n	100022f4 <double_table_shim_on_use_helper+0x24>
100022ea:	8802      	ldrh	r2, [r0, #0]
100022ec:	8840      	ldrh	r0, [r0, #2]
100022ee:	0400      	lsls	r0, r0, #16
100022f0:	4310      	orrs	r0, r2
100022f2:	e000      	b.n	100022f6 <double_table_shim_on_use_helper+0x26>
100022f4:	6800      	ldr	r0, [r0, #0]
100022f6:	4a02      	ldr	r2, [pc, #8]	@ (10002300 <double_table_shim_on_use_helper+0x30>)
100022f8:	5050      	str	r0, [r2, r1]
100022fa:	9003      	str	r0, [sp, #12]
100022fc:	bd07      	pop	{r0, r1, r2, pc}
100022fe:	0000      	.short	0x0000
10002300:	20001bdc 	.word	0x20001bdc

10002304 <drsub_shim>:
10002304:	b40f      	push	{r0, r1, r2, r3}
10002306:	bc03      	pop	{r0, r1}
10002308:	bc0c      	pop	{r2, r3}

1000230a <dsub_shim>:
1000230a:	b5f0      	push	{r4, r5, r6, r7, lr}
1000230c:	2401      	movs	r4, #1
1000230e:	07e4      	lsls	r4, r4, #31
10002310:	4063      	eors	r3, r4
10002312:	e000      	b.n	10002316 <da_entry>

10002314 <dadd_shim>:
10002314:	b5f0      	push	{r4, r5, r6, r7, lr}

10002316 <da_entry>:
10002316:	0d0c      	lsrs	r4, r1, #20
10002318:	0fcf      	lsrs	r7, r1, #31
1000231a:	1e66      	subs	r6, r4, #1
1000231c:	0536      	lsls	r6, r6, #20
1000231e:	1b89      	subs	r1, r1, r6
10002320:	0564      	lsls	r4, r4, #21
10002322:	d303      	bcc.n	1000232c <l8_1>
10002324:	43c9      	mvns	r1, r1
10002326:	4240      	negs	r0, r0
10002328:	d300      	bcc.n	1000232c <l8_1>
1000232a:	3101      	adds	r1, #1

1000232c <l8_1>:
1000232c:	0d64      	lsrs	r4, r4, #21
1000232e:	d003      	beq.n	10002338 <l8_2>
10002330:	1c66      	adds	r6, r4, #1
10002332:	0af6      	lsrs	r6, r6, #11
10002334:	d007      	beq.n	10002346 <l8_3>
10002336:	1be4      	subs	r4, r4, r7

10002338 <l8_2>:
10002338:	2000      	movs	r0, #0
1000233a:	007f      	lsls	r7, r7, #1
1000233c:	1c79      	adds	r1, r7, #1
1000233e:	0789      	lsls	r1, r1, #30
10002340:	1289      	asrs	r1, r1, #10
10002342:	3c80      	subs	r4, #128	@ 0x80
10002344:	0324      	lsls	r4, r4, #12

10002346 <l8_3>:
10002346:	0d1d      	lsrs	r5, r3, #20
10002348:	0fdf      	lsrs	r7, r3, #31
1000234a:	1e6e      	subs	r6, r5, #1
1000234c:	0536      	lsls	r6, r6, #20
1000234e:	1b9b      	subs	r3, r3, r6
10002350:	056d      	lsls	r5, r5, #21
10002352:	d303      	bcc.n	1000235c <l9_1>
10002354:	43db      	mvns	r3, r3
10002356:	4252      	negs	r2, r2
10002358:	d300      	bcc.n	1000235c <l9_1>
1000235a:	3301      	adds	r3, #1

1000235c <l9_1>:
1000235c:	0d6d      	lsrs	r5, r5, #21
1000235e:	d003      	beq.n	10002368 <l9_2>
10002360:	1c6e      	adds	r6, r5, #1
10002362:	0af6      	lsrs	r6, r6, #11
10002364:	d007      	beq.n	10002376 <l9_3>
10002366:	1bed      	subs	r5, r5, r7

10002368 <l9_2>:
10002368:	2200      	movs	r2, #0
1000236a:	007f      	lsls	r7, r7, #1
1000236c:	1c7b      	adds	r3, r7, #1
1000236e:	079b      	lsls	r3, r3, #30
10002370:	129b      	asrs	r3, r3, #10
10002372:	3d80      	subs	r5, #128	@ 0x80
10002374:	032d      	lsls	r5, r5, #12

10002376 <l9_3>:
10002376:	1b2f      	subs	r7, r5, r4
10002378:	1b66      	subs	r6, r4, r5
1000237a:	d458      	bmi.n	1000242e <da_ygtx>
1000237c:	46a4      	mov	ip, r4
1000237e:	2e20      	cmp	r6, #32
10002380:	da46      	bge.n	10002410 <da_xrgty>
10002382:	3720      	adds	r7, #32
10002384:	0014      	movs	r4, r2
10002386:	40bc      	lsls	r4, r7

10002388 <da_xgty0>:
10002388:	001d      	movs	r5, r3
1000238a:	40bd      	lsls	r5, r7
1000238c:	40f2      	lsrs	r2, r6
1000238e:	4133      	asrs	r3, r6
10002390:	432a      	orrs	r2, r5

10002392 <da_add>:
10002392:	1880      	adds	r0, r0, r2
10002394:	4159      	adcs	r1, r3

10002396 <da_pack>:
10002396:	0fcb      	lsrs	r3, r1, #31
10002398:	d005      	beq.n	100023a6 <da_pack+0x10>
1000239a:	43c9      	mvns	r1, r1
1000239c:	43c0      	mvns	r0, r0
1000239e:	2200      	movs	r2, #0
100023a0:	4264      	negs	r4, r4
100023a2:	4150      	adcs	r0, r2
100023a4:	4151      	adcs	r1, r2
100023a6:	4662      	mov	r2, ip
100023a8:	0d4d      	lsrs	r5, r1, #21
100023aa:	d128      	bne.n	100023fe <da_0>
100023ac:	0d0d      	lsrs	r5, r1, #20
100023ae:	d107      	bne.n	100023c0 <da_1>
100023b0:	2800      	cmp	r0, #0
100023b2:	d01f      	beq.n	100023f4 <da_5>

100023b4 <da_2>:
100023b4:	1924      	adds	r4, r4, r4
100023b6:	4140      	adcs	r0, r0
100023b8:	4149      	adcs	r1, r1
100023ba:	3a01      	subs	r2, #1
100023bc:	0d0d      	lsrs	r5, r1, #20
100023be:	d0f9      	beq.n	100023b4 <da_2>

100023c0 <da_1>:
100023c0:	0064      	lsls	r4, r4, #1
100023c2:	d306      	bcc.n	100023d2 <da_3>

100023c4 <da_4>:
100023c4:	3001      	adds	r0, #1
100023c6:	d300      	bcc.n	100023ca <da_4+0x6>
100023c8:	3101      	adds	r1, #1
100023ca:	2c00      	cmp	r4, #0
100023cc:	d101      	bne.n	100023d2 <da_3>
100023ce:	0840      	lsrs	r0, r0, #1
100023d0:	0040      	lsls	r0, r0, #1

100023d2 <da_3>:
100023d2:	3a01      	subs	r2, #1
100023d4:	d40b      	bmi.n	100023ee <da_6>
100023d6:	1c94      	adds	r4, r2, #2
100023d8:	0ae4      	lsrs	r4, r4, #11
100023da:	d104      	bne.n	100023e6 <da_7>
100023dc:	0512      	lsls	r2, r2, #20
100023de:	4411      	add	r1, r2
100023e0:	07db      	lsls	r3, r3, #31
100023e2:	4419      	add	r1, r3
100023e4:	bdf0      	pop	{r4, r5, r6, r7, pc}

100023e6 <da_7>:
100023e6:	07d9      	lsls	r1, r3, #31
100023e8:	4b20      	ldr	r3, [pc, #128]	@ (1000246c <da_xmgty+0x4>)
100023ea:	4319      	orrs	r1, r3
100023ec:	e000      	b.n	100023f0 <da_6+0x2>

100023ee <da_6>:
100023ee:	07d9      	lsls	r1, r3, #31
100023f0:	2000      	movs	r0, #0
100023f2:	bdf0      	pop	{r4, r5, r6, r7, pc}

100023f4 <da_5>:
100023f4:	2900      	cmp	r1, #0
100023f6:	d1dd      	bne.n	100023b4 <da_2>
100023f8:	2c00      	cmp	r4, #0
100023fa:	d1db      	bne.n	100023b4 <da_2>
100023fc:	bdf0      	pop	{r4, r5, r6, r7, pc}

100023fe <da_0>:
100023fe:	3201      	adds	r2, #1
10002400:	07c6      	lsls	r6, r0, #31
10002402:	0840      	lsrs	r0, r0, #1
10002404:	07cd      	lsls	r5, r1, #31
10002406:	4328      	orrs	r0, r5
10002408:	0849      	lsrs	r1, r1, #1
1000240a:	2e00      	cmp	r6, #0
1000240c:	d0e1      	beq.n	100023d2 <da_3>
1000240e:	e7d9      	b.n	100023c4 <da_4>

10002410 <da_xrgty>:
10002410:	2e3c      	cmp	r6, #60	@ 0x3c
10002412:	da29      	bge.n	10002468 <da_xmgty>
10002414:	3e20      	subs	r6, #32
10002416:	3740      	adds	r7, #64	@ 0x40
10002418:	0014      	movs	r4, r2
1000241a:	40bc      	lsls	r4, r7
1000241c:	d000      	beq.n	10002420 <da_xrgty+0x10>
1000241e:	2401      	movs	r4, #1
10002420:	40f2      	lsrs	r2, r6
10002422:	4314      	orrs	r4, r2
10002424:	001a      	movs	r2, r3
10002426:	40bb      	lsls	r3, r7
10002428:	431c      	orrs	r4, r3
1000242a:	17d3      	asrs	r3, r2, #31
1000242c:	e7ac      	b.n	10002388 <da_xgty0>

1000242e <da_ygtx>:
1000242e:	46ac      	mov	ip, r5
10002430:	2f20      	cmp	r7, #32
10002432:	da08      	bge.n	10002446 <da_yrgtx>
10002434:	3620      	adds	r6, #32
10002436:	0004      	movs	r4, r0
10002438:	40b4      	lsls	r4, r6

1000243a <da_ygtx0>:
1000243a:	000d      	movs	r5, r1
1000243c:	40b5      	lsls	r5, r6
1000243e:	40f8      	lsrs	r0, r7
10002440:	4139      	asrs	r1, r7
10002442:	4328      	orrs	r0, r5
10002444:	e7a5      	b.n	10002392 <da_add>

10002446 <da_yrgtx>:
10002446:	2f3c      	cmp	r7, #60	@ 0x3c
10002448:	da0c      	bge.n	10002464 <da_ymgtx>
1000244a:	3f20      	subs	r7, #32
1000244c:	3640      	adds	r6, #64	@ 0x40
1000244e:	0004      	movs	r4, r0
10002450:	40b4      	lsls	r4, r6
10002452:	d000      	beq.n	10002456 <da_yrgtx+0x10>
10002454:	2401      	movs	r4, #1
10002456:	40f8      	lsrs	r0, r7
10002458:	4304      	orrs	r4, r0
1000245a:	0008      	movs	r0, r1
1000245c:	40b1      	lsls	r1, r6
1000245e:	430c      	orrs	r4, r1
10002460:	17c1      	asrs	r1, r0, #31
10002462:	e7ea      	b.n	1000243a <da_ygtx0>

10002464 <da_ymgtx>:
10002464:	0010      	movs	r0, r2
10002466:	0019      	movs	r1, r3

10002468 <da_xmgty>:
10002468:	2400      	movs	r4, #0
1000246a:	e794      	b.n	10002396 <da_pack>
1000246c:	7ff00000 	.word	0x7ff00000

10002470 <dmul_shim>:
10002470:	b5f0      	push	{r4, r5, r6, r7, lr}
10002472:	0d0c      	lsrs	r4, r1, #20
10002474:	1e66      	subs	r6, r4, #1
10002476:	0536      	lsls	r6, r6, #20
10002478:	1b89      	subs	r1, r1, r6
1000247a:	0ae6      	lsrs	r6, r4, #11
1000247c:	0564      	lsls	r4, r4, #21
1000247e:	0d64      	lsrs	r4, r4, #21
10002480:	d002      	beq.n	10002488 <l12_1>
10002482:	1c65      	adds	r5, r4, #1
10002484:	0aed      	lsrs	r5, r5, #11
10002486:	d004      	beq.n	10002492 <l12_2>

10002488 <l12_1>:
10002488:	2000      	movs	r0, #0
1000248a:	2101      	movs	r1, #1
1000248c:	0509      	lsls	r1, r1, #20
1000248e:	3c80      	subs	r4, #128	@ 0x80
10002490:	0324      	lsls	r4, r4, #12

10002492 <l12_2>:
10002492:	46a4      	mov	ip, r4
10002494:	0d1c      	lsrs	r4, r3, #20
10002496:	1e67      	subs	r7, r4, #1
10002498:	053f      	lsls	r7, r7, #20
1000249a:	1bdb      	subs	r3, r3, r7
1000249c:	0ae7      	lsrs	r7, r4, #11
1000249e:	0564      	lsls	r4, r4, #21
100024a0:	0d64      	lsrs	r4, r4, #21
100024a2:	d002      	beq.n	100024aa <l13_1>
100024a4:	1c65      	adds	r5, r4, #1
100024a6:	0aed      	lsrs	r5, r5, #11
100024a8:	d004      	beq.n	100024b4 <l13_2>

100024aa <l13_1>:
100024aa:	2200      	movs	r2, #0
100024ac:	2301      	movs	r3, #1
100024ae:	051b      	lsls	r3, r3, #20
100024b0:	3c80      	subs	r4, #128	@ 0x80
100024b2:	0324      	lsls	r4, r4, #12

100024b4 <l13_2>:
100024b4:	4077      	eors	r7, r6
100024b6:	4464      	add	r4, ip
100024b8:	b497      	push	{r0, r1, r2, r4, r7}
100024ba:	b284      	uxth	r4, r0
100024bc:	b296      	uxth	r6, r2
100024be:	4374      	muls	r4, r6
100024c0:	0c07      	lsrs	r7, r0, #16
100024c2:	437e      	muls	r6, r7
100024c4:	0c15      	lsrs	r5, r2, #16
100024c6:	436f      	muls	r7, r5
100024c8:	b280      	uxth	r0, r0
100024ca:	4368      	muls	r0, r5
100024cc:	1836      	adds	r6, r6, r0
100024ce:	d302      	bcc.n	100024d6 <l14_1>
100024d0:	2001      	movs	r0, #1
100024d2:	0400      	lsls	r0, r0, #16
100024d4:	183f      	adds	r7, r7, r0

100024d6 <l14_1>:
100024d6:	0430      	lsls	r0, r6, #16
100024d8:	0c35      	lsrs	r5, r6, #16
100024da:	1900      	adds	r0, r0, r4
100024dc:	417d      	adcs	r5, r7
100024de:	4684      	mov	ip, r0
100024e0:	b288      	uxth	r0, r1
100024e2:	b29a      	uxth	r2, r3
100024e4:	4350      	muls	r0, r2
100024e6:	0c0c      	lsrs	r4, r1, #16
100024e8:	4362      	muls	r2, r4
100024ea:	0c1f      	lsrs	r7, r3, #16
100024ec:	437c      	muls	r4, r7
100024ee:	b28e      	uxth	r6, r1
100024f0:	437e      	muls	r6, r7
100024f2:	1992      	adds	r2, r2, r6
100024f4:	d302      	bcc.n	100024fc <l15_1>
100024f6:	2601      	movs	r6, #1
100024f8:	0436      	lsls	r6, r6, #16
100024fa:	19a4      	adds	r4, r4, r6

100024fc <l15_1>:
100024fc:	0416      	lsls	r6, r2, #16
100024fe:	0c17      	lsrs	r7, r2, #16
10002500:	1836      	adds	r6, r6, r0
10002502:	4167      	adcs	r7, r4
10002504:	bc01      	pop	{r0}
10002506:	b281      	uxth	r1, r0
10002508:	b29a      	uxth	r2, r3
1000250a:	4351      	muls	r1, r2
1000250c:	0c04      	lsrs	r4, r0, #16
1000250e:	4362      	muls	r2, r4
10002510:	0c1b      	lsrs	r3, r3, #16
10002512:	435c      	muls	r4, r3
10002514:	b280      	uxth	r0, r0
10002516:	4358      	muls	r0, r3
10002518:	1812      	adds	r2, r2, r0
1000251a:	d302      	bcc.n	10002522 <l16_1>
1000251c:	2001      	movs	r0, #1
1000251e:	0400      	lsls	r0, r0, #16
10002520:	1824      	adds	r4, r4, r0

10002522 <l16_1>:
10002522:	0410      	lsls	r0, r2, #16
10002524:	0c13      	lsrs	r3, r2, #16
10002526:	1840      	adds	r0, r0, r1
10002528:	4163      	adcs	r3, r4
1000252a:	182d      	adds	r5, r5, r0
1000252c:	415e      	adcs	r6, r3
1000252e:	2000      	movs	r0, #0
10002530:	4147      	adcs	r7, r0
10002532:	bc06      	pop	{r1, r2}
10002534:	b288      	uxth	r0, r1
10002536:	b293      	uxth	r3, r2
10002538:	4358      	muls	r0, r3
1000253a:	0c0c      	lsrs	r4, r1, #16
1000253c:	4363      	muls	r3, r4
1000253e:	0c12      	lsrs	r2, r2, #16
10002540:	4354      	muls	r4, r2
10002542:	b289      	uxth	r1, r1
10002544:	4351      	muls	r1, r2
10002546:	185b      	adds	r3, r3, r1
10002548:	d302      	bcc.n	10002550 <l17_1>
1000254a:	2101      	movs	r1, #1
1000254c:	0409      	lsls	r1, r1, #16
1000254e:	1864      	adds	r4, r4, r1

10002550 <l17_1>:
10002550:	0419      	lsls	r1, r3, #16
10002552:	0c1a      	lsrs	r2, r3, #16
10002554:	1809      	adds	r1, r1, r0
10002556:	4162      	adcs	r2, r4
10002558:	186d      	adds	r5, r5, r1
1000255a:	4156      	adcs	r6, r2
1000255c:	2000      	movs	r0, #0
1000255e:	4147      	adcs	r7, r0
10002560:	bc18      	pop	{r3, r4}
10002562:	02f9      	lsls	r1, r7, #11
10002564:	0d72      	lsrs	r2, r6, #21
10002566:	4311      	orrs	r1, r2
10002568:	02f0      	lsls	r0, r6, #11
1000256a:	0d6a      	lsrs	r2, r5, #21
1000256c:	4310      	orrs	r0, r2
1000256e:	02ed      	lsls	r5, r5, #11
10002570:	0d0a      	lsrs	r2, r1, #20
10002572:	d103      	bne.n	1000257c <l17_1+0x2c>
10002574:	196d      	adds	r5, r5, r5
10002576:	4140      	adcs	r0, r0
10002578:	4149      	adcs	r1, r1
1000257a:	3b01      	subs	r3, #1
1000257c:	4e12      	ldr	r6, [pc, #72]	@ (100025c8 <dm_1+0xa>)
1000257e:	1b9b      	subs	r3, r3, r6
10002580:	0076      	lsls	r6, r6, #1
10002582:	42b3      	cmp	r3, r6
10002584:	d20e      	bcs.n	100025a4 <dm_0>
10002586:	006d      	lsls	r5, r5, #1
10002588:	d307      	bcc.n	1000259a <l17_1+0x4a>
1000258a:	3001      	adds	r0, #1
1000258c:	2600      	movs	r6, #0
1000258e:	4171      	adcs	r1, r6
10002590:	4666      	mov	r6, ip
10002592:	4335      	orrs	r5, r6
10002594:	d101      	bne.n	1000259a <l17_1+0x4a>
10002596:	0840      	lsrs	r0, r0, #1
10002598:	0040      	lsls	r0, r0, #1
1000259a:	051b      	lsls	r3, r3, #20
1000259c:	18c9      	adds	r1, r1, r3

1000259e <dm_2>:
1000259e:	07e4      	lsls	r4, r4, #31
100025a0:	4421      	add	r1, r4
100025a2:	bdf0      	pop	{r4, r5, r6, r7, pc}

100025a4 <dm_0>:
100025a4:	da0b      	bge.n	100025be <dm_1>
100025a6:	3301      	adds	r3, #1
100025a8:	d106      	bne.n	100025b8 <dm_0+0x14>
100025aa:	3001      	adds	r0, #1
100025ac:	d104      	bne.n	100025b8 <dm_0+0x14>
100025ae:	3101      	adds	r1, #1
100025b0:	0d4f      	lsrs	r7, r1, #21
100025b2:	d001      	beq.n	100025b8 <dm_0+0x14>
100025b4:	0849      	lsrs	r1, r1, #1
100025b6:	e7f2      	b.n	1000259e <dm_2>
100025b8:	07e1      	lsls	r1, r4, #31
100025ba:	2000      	movs	r0, #0
100025bc:	bdf0      	pop	{r4, r5, r6, r7, pc}

100025be <dm_1>:
100025be:	3601      	adds	r6, #1
100025c0:	0531      	lsls	r1, r6, #20
100025c2:	2000      	movs	r0, #0
100025c4:	e7eb      	b.n	1000259e <dm_2>
100025c6:	0000      	.short	0x0000
100025c8:	000003ff 	.word	0x000003ff

100025cc <ddiv_shim>:
100025cc:	b5f0      	push	{r4, r5, r6, r7, lr}

100025ce <ddiv0>:
100025ce:	0d1c      	lsrs	r4, r3, #20
100025d0:	1e67      	subs	r7, r4, #1
100025d2:	053f      	lsls	r7, r7, #20
100025d4:	1bdb      	subs	r3, r3, r7
100025d6:	0ae7      	lsrs	r7, r4, #11
100025d8:	0564      	lsls	r4, r4, #21
100025da:	0d64      	lsrs	r4, r4, #21
100025dc:	d002      	beq.n	100025e4 <l20_1>
100025de:	1c66      	adds	r6, r4, #1
100025e0:	0af6      	lsrs	r6, r6, #11
100025e2:	d004      	beq.n	100025ee <l20_2>

100025e4 <l20_1>:
100025e4:	2200      	movs	r2, #0
100025e6:	2301      	movs	r3, #1
100025e8:	051b      	lsls	r3, r3, #20
100025ea:	3c80      	subs	r4, #128	@ 0x80
100025ec:	0324      	lsls	r4, r4, #12

100025ee <l20_2>:
100025ee:	25d0      	movs	r5, #208	@ 0xd0
100025f0:	062d      	lsls	r5, r5, #24
100025f2:	2600      	movs	r6, #0
100025f4:	43f6      	mvns	r6, r6
100025f6:	662e      	str	r6, [r5, #96]	@ 0x60
100025f8:	091e      	lsrs	r6, r3, #4
100025fa:	666e      	str	r6, [r5, #100]	@ 0x64
100025fc:	0fce      	lsrs	r6, r1, #31
100025fe:	19f6      	adds	r6, r6, r7
10002600:	46b4      	mov	ip, r6
10002602:	0049      	lsls	r1, r1, #1
10002604:	0d4f      	lsrs	r7, r1, #21
10002606:	d002      	beq.n	1000260e <l20_2+0x20>
10002608:	1c7e      	adds	r6, r7, #1
1000260a:	0af6      	lsrs	r6, r6, #11
1000260c:	d003      	beq.n	10002616 <l20_2+0x28>
1000260e:	2000      	movs	r0, #0
10002610:	2100      	movs	r1, #0
10002612:	3f40      	subs	r7, #64	@ 0x40
10002614:	033f      	lsls	r7, r7, #12
10002616:	1b3e      	subs	r6, r7, r4
10002618:	00b6      	lsls	r6, r6, #2
1000261a:	44b4      	add	ip, r6
1000261c:	3f01      	subs	r7, #1
1000261e:	057f      	lsls	r7, r7, #21
10002620:	1bc9      	subs	r1, r1, r7
10002622:	0849      	lsrs	r1, r1, #1
10002624:	6f2e      	ldr	r6, [r5, #112]	@ 0x70
10002626:	3601      	adds	r6, #1
10002628:	0876      	lsrs	r6, r6, #1
1000262a:	029c      	lsls	r4, r3, #10
1000262c:	0d95      	lsrs	r5, r2, #22
1000262e:	4325      	orrs	r5, r4
10002630:	4375      	muls	r5, r6
10002632:	13ed      	asrs	r5, r5, #15
10002634:	4375      	muls	r5, r6
10002636:	13ad      	asrs	r5, r5, #14
10002638:	3501      	adds	r5, #1
1000263a:	106d      	asrs	r5, r5, #1
1000263c:	03f6      	lsls	r6, r6, #15
1000263e:	1b76      	subs	r6, r6, r5
10002640:	b40c      	push	{r2, r3}
10002642:	02cc      	lsls	r4, r1, #11
10002644:	0d45      	lsrs	r5, r0, #21
10002646:	432c      	orrs	r4, r5
10002648:	b2a2      	uxth	r2, r4
1000264a:	b2b3      	uxth	r3, r6
1000264c:	435a      	muls	r2, r3
1000264e:	0c27      	lsrs	r7, r4, #16
10002650:	437b      	muls	r3, r7
10002652:	0c35      	lsrs	r5, r6, #16
10002654:	436f      	muls	r7, r5
10002656:	b2a4      	uxth	r4, r4
10002658:	436c      	muls	r4, r5
1000265a:	191b      	adds	r3, r3, r4
1000265c:	d302      	bcc.n	10002664 <l21_1>
1000265e:	2401      	movs	r4, #1
10002660:	0424      	lsls	r4, r4, #16
10002662:	193f      	adds	r7, r7, r4

10002664 <l21_1>:
10002664:	041c      	lsls	r4, r3, #16
10002666:	0c1d      	lsrs	r5, r3, #16
10002668:	18a4      	adds	r4, r4, r2
1000266a:	417d      	adcs	r5, r7
1000266c:	1924      	adds	r4, r4, r4
1000266e:	416d      	adcs	r5, r5
10002670:	9a00      	ldr	r2, [sp, #0]
10002672:	b291      	uxth	r1, r2
10002674:	b2ac      	uxth	r4, r5
10002676:	4361      	muls	r1, r4
10002678:	0c17      	lsrs	r7, r2, #16
1000267a:	437c      	muls	r4, r7
1000267c:	0c2b      	lsrs	r3, r5, #16
1000267e:	435f      	muls	r7, r3
10002680:	b292      	uxth	r2, r2
10002682:	435a      	muls	r2, r3
10002684:	18a4      	adds	r4, r4, r2
10002686:	d302      	bcc.n	1000268e <l22_1>
10002688:	2201      	movs	r2, #1
1000268a:	0412      	lsls	r2, r2, #16
1000268c:	18bf      	adds	r7, r7, r2

1000268e <l22_1>:
1000268e:	0422      	lsls	r2, r4, #16
10002690:	0c23      	lsrs	r3, r4, #16
10002692:	1852      	adds	r2, r2, r1
10002694:	417b      	adcs	r3, r7
10002696:	9c01      	ldr	r4, [sp, #4]
10002698:	436c      	muls	r4, r5
1000269a:	191b      	adds	r3, r3, r4
1000269c:	0e52      	lsrs	r2, r2, #25
1000269e:	01d9      	lsls	r1, r3, #7
100026a0:	430a      	orrs	r2, r1
100026a2:	0144      	lsls	r4, r0, #5
100026a4:	1aa0      	subs	r0, r4, r2
100026a6:	b281      	uxth	r1, r0
100026a8:	b2b2      	uxth	r2, r6
100026aa:	4351      	muls	r1, r2
100026ac:	1403      	asrs	r3, r0, #16
100026ae:	435a      	muls	r2, r3
100026b0:	0c36      	lsrs	r6, r6, #16
100026b2:	4373      	muls	r3, r6
100026b4:	b287      	uxth	r7, r0
100026b6:	4377      	muls	r7, r6
100026b8:	17d6      	asrs	r6, r2, #31
100026ba:	19d2      	adds	r2, r2, r7
100026bc:	2700      	movs	r7, #0
100026be:	417e      	adcs	r6, r7
100026c0:	0436      	lsls	r6, r6, #16
100026c2:	199b      	adds	r3, r3, r6
100026c4:	0417      	lsls	r7, r2, #16
100026c6:	0c16      	lsrs	r6, r2, #16
100026c8:	187f      	adds	r7, r7, r1
100026ca:	415e      	adcs	r6, r3
100026cc:	1673      	asrs	r3, r6, #25
100026ce:	18ed      	adds	r5, r5, r3
100026d0:	01f3      	lsls	r3, r6, #7
100026d2:	2600      	movs	r6, #0
100026d4:	3380      	adds	r3, #128	@ 0x80
100026d6:	4175      	adcs	r5, r6
100026d8:	0fa9      	lsrs	r1, r5, #30
100026da:	d106      	bne.n	100026ea <dd_0>
100026dc:	0064      	lsls	r4, r4, #1
100026de:	0a69      	lsrs	r1, r5, #9
100026e0:	05e8      	lsls	r0, r5, #23
100026e2:	0a5b      	lsrs	r3, r3, #9
100026e4:	4318      	orrs	r0, r3
100026e6:	d209      	bcs.n	100026fc <dd_1>
100026e8:	e02f      	b.n	1000274a <dd_2>

100026ea <dd_0>:
100026ea:	2204      	movs	r2, #4
100026ec:	4494      	add	ip, r2
100026ee:	3380      	adds	r3, #128	@ 0x80
100026f0:	4175      	adcs	r5, r6
100026f2:	0aa9      	lsrs	r1, r5, #10
100026f4:	05a8      	lsls	r0, r5, #22
100026f6:	0a9b      	lsrs	r3, r3, #10
100026f8:	4318      	orrs	r0, r3
100026fa:	d326      	bcc.n	1000274a <dd_2>

100026fc <dd_1>:
100026fc:	4140      	adcs	r0, r0
100026fe:	4149      	adcs	r1, r1
10002700:	0424      	lsls	r4, r4, #16
10002702:	9a00      	ldr	r2, [sp, #0]
10002704:	9b01      	ldr	r3, [sp, #4]
10002706:	000d      	movs	r5, r1
10002708:	4355      	muls	r5, r2
1000270a:	1b64      	subs	r4, r4, r5
1000270c:	4343      	muls	r3, r0
1000270e:	1ae4      	subs	r4, r4, r3
10002710:	b295      	uxth	r5, r2
10002712:	b286      	uxth	r6, r0
10002714:	4375      	muls	r5, r6
10002716:	0c17      	lsrs	r7, r2, #16
10002718:	437e      	muls	r6, r7
1000271a:	0c03      	lsrs	r3, r0, #16
1000271c:	435f      	muls	r7, r3
1000271e:	b292      	uxth	r2, r2
10002720:	435a      	muls	r2, r3
10002722:	18b6      	adds	r6, r6, r2
10002724:	d302      	bcc.n	1000272c <l24_1>
10002726:	2201      	movs	r2, #1
10002728:	0412      	lsls	r2, r2, #16
1000272a:	18bf      	adds	r7, r7, r2

1000272c <l24_1>:
1000272c:	0432      	lsls	r2, r6, #16
1000272e:	0c33      	lsrs	r3, r6, #16
10002730:	1952      	adds	r2, r2, r5
10002732:	417b      	adcs	r3, r7
10002734:	4252      	negs	r2, r2
10002736:	419c      	sbcs	r4, r3
10002738:	2c00      	cmp	r4, #0
1000273a:	d402      	bmi.n	10002742 <l24_1+0x16>
1000273c:	2200      	movs	r2, #0
1000273e:	3001      	adds	r0, #1
10002740:	4151      	adcs	r1, r2
10002742:	0840      	lsrs	r0, r0, #1
10002744:	07ca      	lsls	r2, r1, #31
10002746:	4310      	orrs	r0, r2
10002748:	0849      	lsrs	r1, r1, #1

1000274a <dd_2>:
1000274a:	b002      	add	sp, #8
1000274c:	4662      	mov	r2, ip
1000274e:	07d7      	lsls	r7, r2, #31
10002750:	1092      	asrs	r2, r2, #2
10002752:	4b08      	ldr	r3, [pc, #32]	@ (10002774 <dd_4+0x6>)
10002754:	18d2      	adds	r2, r2, r3
10002756:	4b08      	ldr	r3, [pc, #32]	@ (10002778 <dd_4+0xa>)
10002758:	429a      	cmp	r2, r3
1000275a:	d203      	bcs.n	10002764 <dd_3>
1000275c:	0512      	lsls	r2, r2, #20
1000275e:	1889      	adds	r1, r1, r2

10002760 <dd_5>:
10002760:	19c9      	adds	r1, r1, r7
10002762:	bdf0      	pop	{r4, r5, r6, r7, pc}

10002764 <dd_3>:
10002764:	2000      	movs	r0, #0
10002766:	2a00      	cmp	r2, #0
10002768:	dc01      	bgt.n	1000276e <dd_4>
1000276a:	0039      	movs	r1, r7
1000276c:	bdf0      	pop	{r4, r5, r6, r7, pc}

1000276e <dd_4>:
1000276e:	3301      	adds	r3, #1
10002770:	0519      	lsls	r1, r3, #20
10002772:	e7f5      	b.n	10002760 <dd_5>
10002774:	000003fd 	.word	0x000003fd
10002778:	000007fe 	.word	0x000007fe

1000277c <double2uint_shim>:
1000277c:	2200      	movs	r2, #0

1000277e <double2ufix_shim>:
1000277e:	b500      	push	{lr}
10002780:	3220      	adds	r2, #32
10002782:	f000 f804 	bl	1000278e <double2ufix64_shim>
10002786:	0008      	movs	r0, r1
10002788:	bd00      	pop	{pc}
	...

1000278c <double2uint64_shim>:
1000278c:	2200      	movs	r2, #0

1000278e <double2ufix64_shim>:
1000278e:	150b      	asrs	r3, r1, #20
10002790:	d40a      	bmi.n	100027a8 <ret_dzero>

10002792 <d2fix>:
10002792:	b510      	push	{r4, lr}
10002794:	4694      	mov	ip, r2
10002796:	f000 f831 	bl	100027fc <dunpacks>
1000279a:	1414      	asrs	r4, r2, #16
1000279c:	3401      	adds	r4, #1
1000279e:	da00      	bge.n	100027a2 <d2fix+0x10>
100027a0:	2100      	movs	r1, #0
100027a2:	17cb      	asrs	r3, r1, #31
100027a4:	4c14      	ldr	r4, [pc, #80]	@ (100027f8 <d2fix_a+0x4a>)
100027a6:	4720      	bx	r4

100027a8 <ret_dzero>:
100027a8:	2000      	movs	r0, #0
100027aa:	2100      	movs	r1, #0
100027ac:	4770      	bx	lr

100027ae <d2fix_a>:
100027ae:	4462      	add	r2, ip
100027b0:	3a34      	subs	r2, #52	@ 0x34
100027b2:	d40c      	bmi.n	100027ce <d2fix_a+0x20>
100027b4:	2a0c      	cmp	r2, #12
100027b6:	da07      	bge.n	100027c8 <d2fix_a+0x1a>
100027b8:	0004      	movs	r4, r0
100027ba:	4091      	lsls	r1, r2
100027bc:	4090      	lsls	r0, r2
100027be:	4252      	negs	r2, r2
100027c0:	3220      	adds	r2, #32
100027c2:	40d4      	lsrs	r4, r2
100027c4:	4321      	orrs	r1, r4
100027c6:	bd10      	pop	{r4, pc}
100027c8:	43d8      	mvns	r0, r3
100027ca:	43d9      	mvns	r1, r3
100027cc:	bd10      	pop	{r4, pc}
100027ce:	3220      	adds	r2, #32
100027d0:	d407      	bmi.n	100027e2 <d2fix_a+0x34>
100027d2:	460c      	mov	r4, r1
100027d4:	4094      	lsls	r4, r2
100027d6:	4252      	negs	r2, r2
100027d8:	3220      	adds	r2, #32
100027da:	4111      	asrs	r1, r2
100027dc:	40d0      	lsrs	r0, r2
100027de:	4320      	orrs	r0, r4
100027e0:	bd10      	pop	{r4, pc}
100027e2:	0008      	movs	r0, r1
100027e4:	17c9      	asrs	r1, r1, #31
100027e6:	3220      	adds	r2, #32
100027e8:	d403      	bmi.n	100027f2 <d2fix_a+0x44>
100027ea:	4252      	negs	r2, r2
100027ec:	3220      	adds	r2, #32
100027ee:	4110      	asrs	r0, r2
100027f0:	bd10      	pop	{r4, pc}
100027f2:	0018      	movs	r0, r3
100027f4:	0019      	movs	r1, r3
100027f6:	bd10      	pop	{r4, pc}
100027f8:	100027af 	.word	0x100027af

100027fc <dunpacks>:
100027fc:	0d0a      	lsrs	r2, r1, #20
100027fe:	0fcc      	lsrs	r4, r1, #31
10002800:	1e53      	subs	r3, r2, #1
10002802:	051b      	lsls	r3, r3, #20
10002804:	1ac9      	subs	r1, r1, r3
10002806:	0552      	lsls	r2, r2, #21
10002808:	d303      	bcc.n	10002812 <l60_1>
1000280a:	43c9      	mvns	r1, r1
1000280c:	4240      	negs	r0, r0
1000280e:	d300      	bcc.n	10002812 <l60_1>
10002810:	3101      	adds	r1, #1

10002812 <l60_1>:
10002812:	0d52      	lsrs	r2, r2, #21
10002814:	d003      	beq.n	1000281e <l60_2>
10002816:	1c53      	adds	r3, r2, #1
10002818:	0adb      	lsrs	r3, r3, #11
1000281a:	d007      	beq.n	1000282c <l60_3>
1000281c:	1b12      	subs	r2, r2, r4

1000281e <l60_2>:
1000281e:	2000      	movs	r0, #0
10002820:	0064      	lsls	r4, r4, #1
10002822:	1c61      	adds	r1, r4, #1
10002824:	0789      	lsls	r1, r1, #30
10002826:	1289      	asrs	r1, r1, #10
10002828:	3a80      	subs	r2, #128	@ 0x80
1000282a:	0312      	lsls	r2, r2, #12

1000282c <l60_3>:
1000282c:	4b01      	ldr	r3, [pc, #4]	@ (10002834 <l60_3+0x8>)
1000282e:	1ad2      	subs	r2, r2, r3
10002830:	4770      	bx	lr
10002832:	0000      	.short	0x0000
10002834:	000003ff 	.word	0x000003ff

10002838 <__wrap___aeabi_lmul>:
10002838:	4351      	muls	r1, r2
1000283a:	4343      	muls	r3, r0
1000283c:	18c9      	adds	r1, r1, r3
1000283e:	468c      	mov	ip, r1
10002840:	0c11      	lsrs	r1, r2, #16
10002842:	b283      	uxth	r3, r0
10002844:	434b      	muls	r3, r1
10002846:	b410      	push	{r4}
10002848:	0c04      	lsrs	r4, r0, #16
1000284a:	4361      	muls	r1, r4
1000284c:	b292      	uxth	r2, r2
1000284e:	b280      	uxth	r0, r0
10002850:	4350      	muls	r0, r2
10002852:	4362      	muls	r2, r4
10002854:	041c      	lsls	r4, r3, #16
10002856:	0c1b      	lsrs	r3, r3, #16
10002858:	1900      	adds	r0, r0, r4
1000285a:	bc10      	pop	{r4}
1000285c:	4159      	adcs	r1, r3
1000285e:	0413      	lsls	r3, r2, #16
10002860:	0c12      	lsrs	r2, r2, #16
10002862:	18c0      	adds	r0, r0, r3
10002864:	4151      	adcs	r1, r2
10002866:	4461      	add	r1, ip
10002868:	4770      	bx	lr
	...

1000286c <__aeabi_float_init>:
1000286c:	b570      	push	{r4, r5, r6, lr}
1000286e:	2313      	movs	r3, #19
10002870:	781e      	ldrb	r6, [r3, #0]
10002872:	482a      	ldr	r0, [pc, #168]	@ (1000291c <__aeabi_float_init+0xb0>)
10002874:	f7ff f832 	bl	100018dc <rom_data_lookup>
10002878:	0005      	movs	r5, r0
1000287a:	2e01      	cmp	r6, #1
1000287c:	d011      	beq.n	100028a2 <__aeabi_float_init+0x36>
1000287e:	2e01      	cmp	r6, #1
10002880:	dd09      	ble.n	10002896 <__aeabi_float_init+0x2a>
10002882:	1eab      	subs	r3, r5, #2
10002884:	781b      	ldrb	r3, [r3, #0]
10002886:	009b      	lsls	r3, r3, #2
10002888:	2b7f      	cmp	r3, #127	@ 0x7f
1000288a:	dd40      	ble.n	1000290e <__aeabi_float_init+0xa2>
1000288c:	4824      	ldr	r0, [pc, #144]	@ (10002920 <__aeabi_float_init+0xb4>)
1000288e:	2280      	movs	r2, #128	@ 0x80
10002890:	0029      	movs	r1, r5
10002892:	f000 f891 	bl	100029b8 <__wrap___aeabi_memcpy>
10002896:	4823      	ldr	r0, [pc, #140]	@ (10002924 <__aeabi_float_init+0xb8>)
10002898:	f7ff f818 	bl	100018cc <rom_func_lookup>
1000289c:	4b22      	ldr	r3, [pc, #136]	@ (10002928 <__aeabi_float_init+0xbc>)
1000289e:	6018      	str	r0, [r3, #0]
100028a0:	bd70      	pop	{r4, r5, r6, pc}
100028a2:	481f      	ldr	r0, [pc, #124]	@ (10002920 <__aeabi_float_init+0xb4>)
100028a4:	2254      	movs	r2, #84	@ 0x54
100028a6:	0029      	movs	r1, r5
100028a8:	f000 f886 	bl	100029b8 <__wrap___aeabi_memcpy>
100028ac:	4b1f      	ldr	r3, [pc, #124]	@ (1000292c <__aeabi_float_init+0xc0>)
100028ae:	881a      	ldrh	r2, [r3, #0]
100028b0:	4b1f      	ldr	r3, [pc, #124]	@ (10002930 <__aeabi_float_init+0xc4>)
100028b2:	429a      	cmp	r2, r3
100028b4:	d11c      	bne.n	100028f0 <__aeabi_float_init+0x84>
100028b6:	23a7      	movs	r3, #167	@ 0xa7
100028b8:	019b      	lsls	r3, r3, #6
100028ba:	881a      	ldrh	r2, [r3, #0]
100028bc:	4b1d      	ldr	r3, [pc, #116]	@ (10002934 <__aeabi_float_init+0xc8>)
100028be:	429a      	cmp	r2, r3
100028c0:	d116      	bne.n	100028f0 <__aeabi_float_init+0x84>
100028c2:	4b1d      	ldr	r3, [pc, #116]	@ (10002938 <__aeabi_float_init+0xcc>)
100028c4:	881a      	ldrh	r2, [r3, #0]
100028c6:	4b1d      	ldr	r3, [pc, #116]	@ (1000293c <__aeabi_float_init+0xd0>)
100028c8:	429a      	cmp	r2, r3
100028ca:	d111      	bne.n	100028f0 <__aeabi_float_init+0x84>
100028cc:	4b1c      	ldr	r3, [pc, #112]	@ (10002940 <__aeabi_float_init+0xd4>)
100028ce:	881a      	ldrh	r2, [r3, #0]
100028d0:	2394      	movs	r3, #148	@ 0x94
100028d2:	019b      	lsls	r3, r3, #6
100028d4:	429a      	cmp	r2, r3
100028d6:	d10b      	bne.n	100028f0 <__aeabi_float_init+0x84>
100028d8:	4b1a      	ldr	r3, [pc, #104]	@ (10002944 <__aeabi_float_init+0xd8>)
100028da:	881a      	ldrh	r2, [r3, #0]
100028dc:	4b1a      	ldr	r3, [pc, #104]	@ (10002948 <__aeabi_float_init+0xdc>)
100028de:	429a      	cmp	r2, r3
100028e0:	d106      	bne.n	100028f0 <__aeabi_float_init+0x84>
100028e2:	4b1a      	ldr	r3, [pc, #104]	@ (1000294c <__aeabi_float_init+0xe0>)
100028e4:	681a      	ldr	r2, [r3, #0]
100028e6:	4b1a      	ldr	r3, [pc, #104]	@ (10002950 <__aeabi_float_init+0xe4>)
100028e8:	429a      	cmp	r2, r3
100028ea:	d101      	bne.n	100028f0 <__aeabi_float_init+0x84>
100028ec:	2315      	movs	r3, #21
100028ee:	e007      	b.n	10002900 <__aeabi_float_init+0x94>
100028f0:	4818      	ldr	r0, [pc, #96]	@ (10002954 <__aeabi_float_init+0xe8>)
100028f2:	f7fd fec9 	bl	10000688 <panic>
100028f6:	4c18      	ldr	r4, [pc, #96]	@ (10002958 <__aeabi_float_init+0xec>)
100028f8:	4a09      	ldr	r2, [pc, #36]	@ (10002920 <__aeabi_float_init+0xb4>)
100028fa:	0099      	lsls	r1, r3, #2
100028fc:	508c      	str	r4, [r1, r2]
100028fe:	3301      	adds	r3, #1
10002900:	2b1f      	cmp	r3, #31
10002902:	d9f8      	bls.n	100028f6 <__aeabi_float_init+0x8a>
10002904:	4b14      	ldr	r3, [pc, #80]	@ (10002958 <__aeabi_float_init+0xec>)
10002906:	4a06      	ldr	r2, [pc, #24]	@ (10002920 <__aeabi_float_init+0xb4>)
10002908:	6213      	str	r3, [r2, #32]
1000290a:	61d3      	str	r3, [r2, #28]
1000290c:	e7b7      	b.n	1000287e <__aeabi_float_init+0x12>
1000290e:	4b13      	ldr	r3, [pc, #76]	@ (1000295c <__aeabi_float_init+0xf0>)
10002910:	4a13      	ldr	r2, [pc, #76]	@ (10002960 <__aeabi_float_init+0xf4>)
10002912:	4814      	ldr	r0, [pc, #80]	@ (10002964 <__aeabi_float_init+0xf8>)
10002914:	2142      	movs	r1, #66	@ 0x42
10002916:	f001 f953 	bl	10003bc0 <__assert_func>
1000291a:	46c0      	nop			@ (mov r8, r8)
1000291c:	00004653 	.word	0x00004653
10002920:	20001ce0 	.word	0x20001ce0
10002924:	0000334c 	.word	0x0000334c
10002928:	20001cdc 	.word	0x20001cdc
1000292c:	000029ee 	.word	0x000029ee
10002930:	00000fc4 	.word	0x00000fc4
10002934:	00000dc2 	.word	0x00000dc2
10002938:	00002b96 	.word	0x00002b96
1000293c:	0000b5c0 	.word	0x0000b5c0
10002940:	00002b18 	.word	0x00002b18
10002944:	00002acc 	.word	0x00002acc
10002948:	0000b510 	.word	0x0000b510
1000294c:	00002cfc 	.word	0x00002cfc
10002950:	6487ed51 	.word	0x6487ed51
10002954:	100076b8 	.word	0x100076b8
10002958:	10002969 	.word	0x10002969
1000295c:	100075bc 	.word	0x100075bc
10002960:	10007ce0 	.word	0x10007ce0
10002964:	100075f0 	.word	0x100075f0

10002968 <float_table_shim_on_use_helper>:
10002968:	b507      	push	{r0, r1, r2, lr}
1000296a:	4660      	mov	r0, ip
1000296c:	2800      	cmp	r0, #0
1000296e:	d100      	bne.n	10002972 <float_table_shim_on_use_helper+0xa>
10002970:	be00      	bkpt	0x0000
10002972:	8801      	ldrh	r1, [r0, #0]
10002974:	0a0a      	lsrs	r2, r1, #8
10002976:	3002      	adds	r0, #2
10002978:	2adf      	cmp	r2, #223	@ 0xdf
1000297a:	d1fa      	bne.n	10002972 <float_table_shim_on_use_helper+0xa>
1000297c:	b2c9      	uxtb	r1, r1
1000297e:	0882      	lsrs	r2, r0, #2
10002980:	d304      	bcc.n	1000298c <float_table_shim_on_use_helper+0x24>
10002982:	8802      	ldrh	r2, [r0, #0]
10002984:	8840      	ldrh	r0, [r0, #2]
10002986:	0400      	lsls	r0, r0, #16
10002988:	4310      	orrs	r0, r2
1000298a:	e000      	b.n	1000298e <float_table_shim_on_use_helper+0x26>
1000298c:	6800      	ldr	r0, [r0, #0]
1000298e:	4a02      	ldr	r2, [pc, #8]	@ (10002998 <float_table_shim_on_use_helper+0x30>)
10002990:	5050      	str	r0, [r2, r1]
10002992:	9003      	str	r0, [sp, #12]
10002994:	bd07      	pop	{r0, r1, r2, pc}
10002996:	0000      	.short	0x0000
10002998:	20001ce0 	.word	0x20001ce0

1000299c <__aeabi_mem_init>:
1000299c:	4801      	ldr	r0, [pc, #4]	@ (100029a4 <__aeabi_mem_init+0x8>)
1000299e:	2104      	movs	r1, #4
100029a0:	4b01      	ldr	r3, [pc, #4]	@ (100029a8 <__aeabi_mem_init+0xc>)
100029a2:	4718      	bx	r3
100029a4:	20000cb0 	.word	0x20000cb0
100029a8:	100018ed 	.word	0x100018ed

100029ac <__wrap_memset>:
100029ac:	4b01      	ldr	r3, [pc, #4]	@ (100029b4 <__wrap_memset+0x8>)
100029ae:	681b      	ldr	r3, [r3, #0]
100029b0:	4718      	bx	r3
100029b2:	0000      	.short	0x0000
100029b4:	20000cb0 	.word	0x20000cb0

100029b8 <__wrap___aeabi_memcpy>:
100029b8:	4b01      	ldr	r3, [pc, #4]	@ (100029c0 <__wrap___aeabi_memcpy+0x8>)
100029ba:	685b      	ldr	r3, [r3, #4]
100029bc:	4718      	bx	r3
100029be:	0000      	.short	0x0000
100029c0:	20000cb0 	.word	0x20000cb0

100029c4 <_out_null>:
100029c4:	4770      	bx	lr

100029c6 <_out_fct>:
100029c6:	b510      	push	{r4, lr}
100029c8:	2800      	cmp	r0, #0
100029ca:	d002      	beq.n	100029d2 <_out_fct+0xc>
100029cc:	680b      	ldr	r3, [r1, #0]
100029ce:	6849      	ldr	r1, [r1, #4]
100029d0:	4798      	blx	r3
100029d2:	bd10      	pop	{r4, pc}

100029d4 <_atoi>:
100029d4:	0001      	movs	r1, r0
100029d6:	2000      	movs	r0, #0
100029d8:	e007      	b.n	100029ea <_atoi+0x16>
100029da:	0083      	lsls	r3, r0, #2
100029dc:	181b      	adds	r3, r3, r0
100029de:	005b      	lsls	r3, r3, #1
100029e0:	1c50      	adds	r0, r2, #1
100029e2:	6008      	str	r0, [r1, #0]
100029e4:	7810      	ldrb	r0, [r2, #0]
100029e6:	18c0      	adds	r0, r0, r3
100029e8:	3830      	subs	r0, #48	@ 0x30
100029ea:	680a      	ldr	r2, [r1, #0]
100029ec:	7813      	ldrb	r3, [r2, #0]
100029ee:	3b30      	subs	r3, #48	@ 0x30
100029f0:	b2db      	uxtb	r3, r3
100029f2:	2b09      	cmp	r3, #9
100029f4:	d9f1      	bls.n	100029da <_atoi+0x6>
100029f6:	4770      	bx	lr

100029f8 <_out_rev>:
100029f8:	b5f0      	push	{r4, r5, r6, r7, lr}
100029fa:	46de      	mov	lr, fp
100029fc:	4657      	mov	r7, sl
100029fe:	464e      	mov	r6, r9
10002a00:	4645      	mov	r5, r8
10002a02:	b5e0      	push	{r5, r6, r7, lr}
10002a04:	b083      	sub	sp, #12
10002a06:	4693      	mov	fp, r2
10002a08:	001f      	movs	r7, r3
10002a0a:	9b0c      	ldr	r3, [sp, #48]	@ 0x30
10002a0c:	469a      	mov	sl, r3
10002a0e:	9c0d      	ldr	r4, [sp, #52]	@ 0x34
10002a10:	9b0e      	ldr	r3, [sp, #56]	@ 0x38
10002a12:	4699      	mov	r9, r3
10002a14:	9b0f      	ldr	r3, [sp, #60]	@ 0x3c
10002a16:	079b      	lsls	r3, r3, #30
10002a18:	d017      	beq.n	10002a4a <_out_rev+0x52>
10002a1a:	46b8      	mov	r8, r7
10002a1c:	000f      	movs	r7, r1
10002a1e:	0006      	movs	r6, r0
10002a20:	e022      	b.n	10002a68 <_out_rev+0x70>
10002a22:	1c55      	adds	r5, r2, #1
10002a24:	464b      	mov	r3, r9
10002a26:	4641      	mov	r1, r8
10002a28:	2020      	movs	r0, #32
10002a2a:	47b8      	blx	r7
10002a2c:	3401      	adds	r4, #1
10002a2e:	002a      	movs	r2, r5
10002a30:	42b4      	cmp	r4, r6
10002a32:	d3f6      	bcc.n	10002a22 <_out_rev+0x2a>
10002a34:	003d      	movs	r5, r7
10002a36:	464f      	mov	r7, r9
10002a38:	465c      	mov	r4, fp
10002a3a:	9b01      	ldr	r3, [sp, #4]
10002a3c:	469b      	mov	fp, r3
10002a3e:	46b1      	mov	r9, r6
10002a40:	4646      	mov	r6, r8
10002a42:	46b8      	mov	r8, r7
10002a44:	0037      	movs	r7, r6
10002a46:	002e      	movs	r6, r5
10002a48:	e00e      	b.n	10002a68 <_out_rev+0x70>
10002a4a:	9201      	str	r2, [sp, #4]
10002a4c:	46a3      	mov	fp, r4
10002a4e:	4688      	mov	r8, r1
10002a50:	464e      	mov	r6, r9
10002a52:	46b9      	mov	r9, r7
10002a54:	0007      	movs	r7, r0
10002a56:	e7eb      	b.n	10002a30 <_out_rev+0x38>
10002a58:	3c01      	subs	r4, #1
10002a5a:	1c55      	adds	r5, r2, #1
10002a5c:	4653      	mov	r3, sl
10002a5e:	5d18      	ldrb	r0, [r3, r4]
10002a60:	4643      	mov	r3, r8
10002a62:	0039      	movs	r1, r7
10002a64:	47b0      	blx	r6
10002a66:	002a      	movs	r2, r5
10002a68:	2c00      	cmp	r4, #0
10002a6a:	d1f5      	bne.n	10002a58 <_out_rev+0x60>
10002a6c:	0035      	movs	r5, r6
10002a6e:	003e      	movs	r6, r7
10002a70:	4647      	mov	r7, r8
10002a72:	9b0f      	ldr	r3, [sp, #60]	@ 0x3c
10002a74:	079b      	lsls	r3, r3, #30
10002a76:	d411      	bmi.n	10002a9c <_out_rev+0xa4>
10002a78:	0010      	movs	r0, r2
10002a7a:	b003      	add	sp, #12
10002a7c:	bcf0      	pop	{r4, r5, r6, r7}
10002a7e:	46bb      	mov	fp, r7
10002a80:	46b2      	mov	sl, r6
10002a82:	46a9      	mov	r9, r5
10002a84:	46a0      	mov	r8, r4
10002a86:	bdf0      	pop	{r4, r5, r6, r7, pc}
10002a88:	1c54      	adds	r4, r2, #1
10002a8a:	464b      	mov	r3, r9
10002a8c:	4641      	mov	r1, r8
10002a8e:	2020      	movs	r0, #32
10002a90:	47b8      	blx	r7
10002a92:	0022      	movs	r2, r4
10002a94:	1b53      	subs	r3, r2, r5
10002a96:	42b3      	cmp	r3, r6
10002a98:	d3f6      	bcc.n	10002a88 <_out_rev+0x90>
10002a9a:	e7ed      	b.n	10002a78 <_out_rev+0x80>
10002a9c:	46b0      	mov	r8, r6
10002a9e:	464e      	mov	r6, r9
10002aa0:	46b9      	mov	r9, r7
10002aa2:	002f      	movs	r7, r5
10002aa4:	465d      	mov	r5, fp
10002aa6:	e7f5      	b.n	10002a94 <_out_rev+0x9c>

10002aa8 <_ntoa_format>:
10002aa8:	b5f0      	push	{r4, r5, r6, r7, lr}
10002aaa:	46ce      	mov	lr, r9
10002aac:	4647      	mov	r7, r8
10002aae:	b580      	push	{r7, lr}
10002ab0:	b085      	sub	sp, #20
10002ab2:	4694      	mov	ip, r2
10002ab4:	4698      	mov	r8, r3
10002ab6:	9d0c      	ldr	r5, [sp, #48]	@ 0x30
10002ab8:	9c0d      	ldr	r4, [sp, #52]	@ 0x34
10002aba:	ab0e      	add	r3, sp, #56	@ 0x38
10002abc:	781b      	ldrb	r3, [r3, #0]
10002abe:	4699      	mov	r9, r3
10002ac0:	9a10      	ldr	r2, [sp, #64]	@ 0x40
10002ac2:	9b11      	ldr	r3, [sp, #68]	@ 0x44
10002ac4:	9e12      	ldr	r6, [sp, #72]	@ 0x48
10002ac6:	07b7      	lsls	r7, r6, #30
10002ac8:	d41c      	bmi.n	10002b04 <_ntoa_format+0x5c>
10002aca:	2b00      	cmp	r3, #0
10002acc:	d00c      	beq.n	10002ae8 <_ntoa_format+0x40>
10002ace:	07f7      	lsls	r7, r6, #31
10002ad0:	d50a      	bpl.n	10002ae8 <_ntoa_format+0x40>
10002ad2:	464f      	mov	r7, r9
10002ad4:	2f00      	cmp	r7, #0
10002ad6:	d102      	bne.n	10002ade <_ntoa_format+0x36>
10002ad8:	370c      	adds	r7, #12
10002ada:	4237      	tst	r7, r6
10002adc:	d004      	beq.n	10002ae8 <_ntoa_format+0x40>
10002ade:	3b01      	subs	r3, #1
10002ae0:	e002      	b.n	10002ae8 <_ntoa_format+0x40>
10002ae2:	2730      	movs	r7, #48	@ 0x30
10002ae4:	552f      	strb	r7, [r5, r4]
10002ae6:	3401      	adds	r4, #1
10002ae8:	4294      	cmp	r4, r2
10002aea:	d201      	bcs.n	10002af0 <_ntoa_format+0x48>
10002aec:	2c1f      	cmp	r4, #31
10002aee:	d9f8      	bls.n	10002ae2 <_ntoa_format+0x3a>
10002af0:	07f7      	lsls	r7, r6, #31
10002af2:	d507      	bpl.n	10002b04 <_ntoa_format+0x5c>
10002af4:	429c      	cmp	r4, r3
10002af6:	d205      	bcs.n	10002b04 <_ntoa_format+0x5c>
10002af8:	2c1f      	cmp	r4, #31
10002afa:	d803      	bhi.n	10002b04 <_ntoa_format+0x5c>
10002afc:	2730      	movs	r7, #48	@ 0x30
10002afe:	552f      	strb	r7, [r5, r4]
10002b00:	3401      	adds	r4, #1
10002b02:	e7f5      	b.n	10002af0 <_ntoa_format+0x48>
10002b04:	06f7      	lsls	r7, r6, #27
10002b06:	d512      	bpl.n	10002b2e <_ntoa_format+0x86>
10002b08:	0577      	lsls	r7, r6, #21
10002b0a:	d405      	bmi.n	10002b18 <_ntoa_format+0x70>
10002b0c:	2c00      	cmp	r4, #0
10002b0e:	d003      	beq.n	10002b18 <_ntoa_format+0x70>
10002b10:	4294      	cmp	r4, r2
10002b12:	d021      	beq.n	10002b58 <_ntoa_format+0xb0>
10002b14:	429c      	cmp	r4, r3
10002b16:	d01f      	beq.n	10002b58 <_ntoa_format+0xb0>
10002b18:	9a0f      	ldr	r2, [sp, #60]	@ 0x3c
10002b1a:	2a10      	cmp	r2, #16
10002b1c:	d02f      	beq.n	10002b7e <_ntoa_format+0xd6>
10002b1e:	9a0f      	ldr	r2, [sp, #60]	@ 0x3c
10002b20:	2a02      	cmp	r2, #2
10002b22:	d036      	beq.n	10002b92 <_ntoa_format+0xea>
10002b24:	2c1f      	cmp	r4, #31
10002b26:	d80a      	bhi.n	10002b3e <_ntoa_format+0x96>
10002b28:	2230      	movs	r2, #48	@ 0x30
10002b2a:	552a      	strb	r2, [r5, r4]
10002b2c:	3401      	adds	r4, #1
10002b2e:	2c1f      	cmp	r4, #31
10002b30:	d805      	bhi.n	10002b3e <_ntoa_format+0x96>
10002b32:	464a      	mov	r2, r9
10002b34:	2a00      	cmp	r2, #0
10002b36:	d032      	beq.n	10002b9e <_ntoa_format+0xf6>
10002b38:	222d      	movs	r2, #45	@ 0x2d
10002b3a:	552a      	strb	r2, [r5, r4]
10002b3c:	3401      	adds	r4, #1
10002b3e:	9603      	str	r6, [sp, #12]
10002b40:	9302      	str	r3, [sp, #8]
10002b42:	9401      	str	r4, [sp, #4]
10002b44:	9500      	str	r5, [sp, #0]
10002b46:	4643      	mov	r3, r8
10002b48:	4662      	mov	r2, ip
10002b4a:	f7ff ff55 	bl	100029f8 <_out_rev>
10002b4e:	b005      	add	sp, #20
10002b50:	bcc0      	pop	{r6, r7}
10002b52:	46b9      	mov	r9, r7
10002b54:	46b0      	mov	r8, r6
10002b56:	bdf0      	pop	{r4, r5, r6, r7, pc}
10002b58:	1e62      	subs	r2, r4, #1
10002b5a:	2c01      	cmp	r4, #1
10002b5c:	d017      	beq.n	10002b8e <_ntoa_format+0xe6>
10002b5e:	9f0f      	ldr	r7, [sp, #60]	@ 0x3c
10002b60:	2f10      	cmp	r7, #16
10002b62:	d00b      	beq.n	10002b7c <_ntoa_format+0xd4>
10002b64:	0014      	movs	r4, r2
10002b66:	9a0f      	ldr	r2, [sp, #60]	@ 0x3c
10002b68:	2a10      	cmp	r2, #16
10002b6a:	d1d8      	bne.n	10002b1e <_ntoa_format+0x76>
10002b6c:	06b2      	lsls	r2, r6, #26
10002b6e:	d5d6      	bpl.n	10002b1e <_ntoa_format+0x76>
10002b70:	2c1f      	cmp	r4, #31
10002b72:	d8d4      	bhi.n	10002b1e <_ntoa_format+0x76>
10002b74:	2258      	movs	r2, #88	@ 0x58
10002b76:	552a      	strb	r2, [r5, r4]
10002b78:	3401      	adds	r4, #1
10002b7a:	e7d3      	b.n	10002b24 <_ntoa_format+0x7c>
10002b7c:	3c02      	subs	r4, #2
10002b7e:	06b2      	lsls	r2, r6, #26
10002b80:	d4f1      	bmi.n	10002b66 <_ntoa_format+0xbe>
10002b82:	2c1f      	cmp	r4, #31
10002b84:	d8ef      	bhi.n	10002b66 <_ntoa_format+0xbe>
10002b86:	2278      	movs	r2, #120	@ 0x78
10002b88:	552a      	strb	r2, [r5, r4]
10002b8a:	3401      	adds	r4, #1
10002b8c:	e7ca      	b.n	10002b24 <_ntoa_format+0x7c>
10002b8e:	0014      	movs	r4, r2
10002b90:	e7c2      	b.n	10002b18 <_ntoa_format+0x70>
10002b92:	2c1f      	cmp	r4, #31
10002b94:	d8d3      	bhi.n	10002b3e <_ntoa_format+0x96>
10002b96:	3260      	adds	r2, #96	@ 0x60
10002b98:	552a      	strb	r2, [r5, r4]
10002b9a:	3401      	adds	r4, #1
10002b9c:	e7c2      	b.n	10002b24 <_ntoa_format+0x7c>
10002b9e:	0772      	lsls	r2, r6, #29
10002ba0:	d503      	bpl.n	10002baa <_ntoa_format+0x102>
10002ba2:	222b      	movs	r2, #43	@ 0x2b
10002ba4:	552a      	strb	r2, [r5, r4]
10002ba6:	3401      	adds	r4, #1
10002ba8:	e7c9      	b.n	10002b3e <_ntoa_format+0x96>
10002baa:	0732      	lsls	r2, r6, #28
10002bac:	d5c7      	bpl.n	10002b3e <_ntoa_format+0x96>
10002bae:	2220      	movs	r2, #32
10002bb0:	552a      	strb	r2, [r5, r4]
10002bb2:	3401      	adds	r4, #1
10002bb4:	e7c3      	b.n	10002b3e <_ntoa_format+0x96>

10002bb6 <_ntoa_long>:
10002bb6:	b5f0      	push	{r4, r5, r6, r7, lr}
10002bb8:	46de      	mov	lr, fp
10002bba:	4657      	mov	r7, sl
10002bbc:	464e      	mov	r6, r9
10002bbe:	4645      	mov	r5, r8
10002bc0:	b5e0      	push	{r5, r6, r7, lr}
10002bc2:	b093      	sub	sp, #76	@ 0x4c
10002bc4:	4681      	mov	r9, r0
10002bc6:	468a      	mov	sl, r1
10002bc8:	9208      	str	r2, [sp, #32]
10002bca:	9309      	str	r3, [sp, #36]	@ 0x24
10002bcc:	ab1c      	add	r3, sp, #112	@ 0x70
10002bce:	cb10      	ldmia	r3!, {r4}
10002bd0:	781b      	ldrb	r3, [r3, #0]
10002bd2:	469b      	mov	fp, r3
10002bd4:	9d1e      	ldr	r5, [sp, #120]	@ 0x78
10002bd6:	9b21      	ldr	r3, [sp, #132]	@ 0x84
10002bd8:	4698      	mov	r8, r3
10002bda:	2c00      	cmp	r4, #0
10002bdc:	d103      	bne.n	10002be6 <_ntoa_long+0x30>
10002bde:	2310      	movs	r3, #16
10002be0:	4642      	mov	r2, r8
10002be2:	439a      	bics	r2, r3
10002be4:	4690      	mov	r8, r2
10002be6:	2380      	movs	r3, #128	@ 0x80
10002be8:	00db      	lsls	r3, r3, #3
10002bea:	4646      	mov	r6, r8
10002bec:	401e      	ands	r6, r3
10002bee:	4642      	mov	r2, r8
10002bf0:	421a      	tst	r2, r3
10002bf2:	d018      	beq.n	10002c26 <_ntoa_long+0x70>
10002bf4:	2c00      	cmp	r4, #0
10002bf6:	d022      	beq.n	10002c3e <_ntoa_long+0x88>
10002bf8:	2600      	movs	r6, #0
10002bfa:	e014      	b.n	10002c26 <_ntoa_long+0x70>
10002bfc:	4642      	mov	r2, r8
10002bfe:	0692      	lsls	r2, r2, #26
10002c00:	d51b      	bpl.n	10002c3a <_ntoa_long+0x84>
10002c02:	2141      	movs	r1, #65	@ 0x41
10002c04:	18c9      	adds	r1, r1, r3
10002c06:	b2c9      	uxtb	r1, r1
10002c08:	390a      	subs	r1, #10
10002c0a:	b2c9      	uxtb	r1, r1
10002c0c:	1c77      	adds	r7, r6, #1
10002c0e:	ab0a      	add	r3, sp, #40	@ 0x28
10002c10:	5599      	strb	r1, [r3, r6]
10002c12:	0029      	movs	r1, r5
10002c14:	0020      	movs	r0, r4
10002c16:	f7fe ffd3 	bl	10001bc0 <__wrap___aeabi_uidiv>
10002c1a:	42ac      	cmp	r4, r5
10002c1c:	d310      	bcc.n	10002c40 <_ntoa_long+0x8a>
10002c1e:	2f1f      	cmp	r7, #31
10002c20:	d80e      	bhi.n	10002c40 <_ntoa_long+0x8a>
10002c22:	003e      	movs	r6, r7
10002c24:	0004      	movs	r4, r0
10002c26:	0029      	movs	r1, r5
10002c28:	0020      	movs	r0, r4
10002c2a:	f7fe ffc9 	bl	10001bc0 <__wrap___aeabi_uidiv>
10002c2e:	b2cb      	uxtb	r3, r1
10002c30:	2b09      	cmp	r3, #9
10002c32:	d8e3      	bhi.n	10002bfc <_ntoa_long+0x46>
10002c34:	3330      	adds	r3, #48	@ 0x30
10002c36:	b2d9      	uxtb	r1, r3
10002c38:	e7e8      	b.n	10002c0c <_ntoa_long+0x56>
10002c3a:	2161      	movs	r1, #97	@ 0x61
10002c3c:	e7e2      	b.n	10002c04 <_ntoa_long+0x4e>
10002c3e:	0027      	movs	r7, r4
10002c40:	4643      	mov	r3, r8
10002c42:	9306      	str	r3, [sp, #24]
10002c44:	9b20      	ldr	r3, [sp, #128]	@ 0x80
10002c46:	9305      	str	r3, [sp, #20]
10002c48:	9b1f      	ldr	r3, [sp, #124]	@ 0x7c
10002c4a:	9304      	str	r3, [sp, #16]
10002c4c:	9503      	str	r5, [sp, #12]
10002c4e:	465b      	mov	r3, fp
10002c50:	9302      	str	r3, [sp, #8]
10002c52:	9701      	str	r7, [sp, #4]
10002c54:	ab0a      	add	r3, sp, #40	@ 0x28
10002c56:	9300      	str	r3, [sp, #0]
10002c58:	9b09      	ldr	r3, [sp, #36]	@ 0x24
10002c5a:	9a08      	ldr	r2, [sp, #32]
10002c5c:	4651      	mov	r1, sl
10002c5e:	4648      	mov	r0, r9
10002c60:	f7ff ff22 	bl	10002aa8 <_ntoa_format>
10002c64:	b013      	add	sp, #76	@ 0x4c
10002c66:	bcf0      	pop	{r4, r5, r6, r7}
10002c68:	46bb      	mov	fp, r7
10002c6a:	46b2      	mov	sl, r6
10002c6c:	46a9      	mov	r9, r5
10002c6e:	46a0      	mov	r8, r4
10002c70:	bdf0      	pop	{r4, r5, r6, r7, pc}

10002c72 <_ntoa_long_long>:
10002c72:	b5f0      	push	{r4, r5, r6, r7, lr}
10002c74:	46de      	mov	lr, fp
10002c76:	4657      	mov	r7, sl
10002c78:	464e      	mov	r6, r9
10002c7a:	4645      	mov	r5, r8
10002c7c:	b5e0      	push	{r5, r6, r7, lr}
10002c7e:	b097      	sub	sp, #92	@ 0x5c
10002c80:	900a      	str	r0, [sp, #40]	@ 0x28
10002c82:	910b      	str	r1, [sp, #44]	@ 0x2c
10002c84:	920c      	str	r2, [sp, #48]	@ 0x30
10002c86:	469a      	mov	sl, r3
10002c88:	9b20      	ldr	r3, [sp, #128]	@ 0x80
10002c8a:	4699      	mov	r9, r3
10002c8c:	9f21      	ldr	r7, [sp, #132]	@ 0x84
10002c8e:	aa22      	add	r2, sp, #136	@ 0x88
10002c90:	7813      	ldrb	r3, [r2, #0]
10002c92:	469b      	mov	fp, r3
10002c94:	9b24      	ldr	r3, [sp, #144]	@ 0x90
10002c96:	9309      	str	r3, [sp, #36]	@ 0x24
10002c98:	9c25      	ldr	r4, [sp, #148]	@ 0x94
10002c9a:	9b28      	ldr	r3, [sp, #160]	@ 0xa0
10002c9c:	4698      	mov	r8, r3
10002c9e:	464a      	mov	r2, r9
10002ca0:	433a      	orrs	r2, r7
10002ca2:	d102      	bne.n	10002caa <_ntoa_long_long+0x38>
10002ca4:	3210      	adds	r2, #16
10002ca6:	4393      	bics	r3, r2
10002ca8:	4698      	mov	r8, r3
10002caa:	2280      	movs	r2, #128	@ 0x80
10002cac:	00d2      	lsls	r2, r2, #3
10002cae:	4645      	mov	r5, r8
10002cb0:	4015      	ands	r5, r2
10002cb2:	4643      	mov	r3, r8
10002cb4:	4213      	tst	r3, r2
10002cb6:	d00a      	beq.n	10002cce <_ntoa_long_long+0x5c>
10002cb8:	464a      	mov	r2, r9
10002cba:	433a      	orrs	r2, r7
10002cbc:	d041      	beq.n	10002d42 <_ntoa_long_long+0xd0>
10002cbe:	2500      	movs	r5, #0
10002cc0:	002e      	movs	r6, r5
10002cc2:	4653      	mov	r3, sl
10002cc4:	930d      	str	r3, [sp, #52]	@ 0x34
10002cc6:	464d      	mov	r5, r9
10002cc8:	9b09      	ldr	r3, [sp, #36]	@ 0x24
10002cca:	469a      	mov	sl, r3
10002ccc:	e021      	b.n	10002d12 <_ntoa_long_long+0xa0>
10002cce:	002e      	movs	r6, r5
10002cd0:	4653      	mov	r3, sl
10002cd2:	930d      	str	r3, [sp, #52]	@ 0x34
10002cd4:	464d      	mov	r5, r9
10002cd6:	9b09      	ldr	r3, [sp, #36]	@ 0x24
10002cd8:	469a      	mov	sl, r3
10002cda:	e01a      	b.n	10002d12 <_ntoa_long_long+0xa0>
10002cdc:	4642      	mov	r2, r8
10002cde:	0692      	lsls	r2, r2, #26
10002ce0:	d523      	bpl.n	10002d2a <_ntoa_long_long+0xb8>
10002ce2:	2241      	movs	r2, #65	@ 0x41
10002ce4:	18d2      	adds	r2, r2, r3
10002ce6:	b2d2      	uxtb	r2, r2
10002ce8:	3a0a      	subs	r2, #10
10002cea:	b2d2      	uxtb	r2, r2
10002cec:	1c73      	adds	r3, r6, #1
10002cee:	4699      	mov	r9, r3
10002cf0:	ab0e      	add	r3, sp, #56	@ 0x38
10002cf2:	559a      	strb	r2, [r3, r6]
10002cf4:	4652      	mov	r2, sl
10002cf6:	0023      	movs	r3, r4
10002cf8:	0028      	movs	r0, r5
10002cfa:	0039      	movs	r1, r7
10002cfc:	f7fe ff9e 	bl	10001c3c <__wrap___aeabi_uldivmod>
10002d00:	42bc      	cmp	r4, r7
10002d02:	d820      	bhi.n	10002d46 <_ntoa_long_long+0xd4>
10002d04:	d013      	beq.n	10002d2e <_ntoa_long_long+0xbc>
10002d06:	464b      	mov	r3, r9
10002d08:	2b1f      	cmp	r3, #31
10002d0a:	d816      	bhi.n	10002d3a <_ntoa_long_long+0xc8>
10002d0c:	464e      	mov	r6, r9
10002d0e:	0005      	movs	r5, r0
10002d10:	000f      	movs	r7, r1
10002d12:	4652      	mov	r2, sl
10002d14:	0023      	movs	r3, r4
10002d16:	0028      	movs	r0, r5
10002d18:	0039      	movs	r1, r7
10002d1a:	f7fe ff8f 	bl	10001c3c <__wrap___aeabi_uldivmod>
10002d1e:	b2d3      	uxtb	r3, r2
10002d20:	2b09      	cmp	r3, #9
10002d22:	d8db      	bhi.n	10002cdc <_ntoa_long_long+0x6a>
10002d24:	3330      	adds	r3, #48	@ 0x30
10002d26:	b2da      	uxtb	r2, r3
10002d28:	e7e0      	b.n	10002cec <_ntoa_long_long+0x7a>
10002d2a:	2261      	movs	r2, #97	@ 0x61
10002d2c:	e7da      	b.n	10002ce4 <_ntoa_long_long+0x72>
10002d2e:	45aa      	cmp	sl, r5
10002d30:	d9e9      	bls.n	10002d06 <_ntoa_long_long+0x94>
10002d32:	464e      	mov	r6, r9
10002d34:	9b0d      	ldr	r3, [sp, #52]	@ 0x34
10002d36:	469a      	mov	sl, r3
10002d38:	e008      	b.n	10002d4c <_ntoa_long_long+0xda>
10002d3a:	464e      	mov	r6, r9
10002d3c:	9b0d      	ldr	r3, [sp, #52]	@ 0x34
10002d3e:	469a      	mov	sl, r3
10002d40:	e004      	b.n	10002d4c <_ntoa_long_long+0xda>
10002d42:	2600      	movs	r6, #0
10002d44:	e002      	b.n	10002d4c <_ntoa_long_long+0xda>
10002d46:	464e      	mov	r6, r9
10002d48:	9b0d      	ldr	r3, [sp, #52]	@ 0x34
10002d4a:	469a      	mov	sl, r3
10002d4c:	4643      	mov	r3, r8
10002d4e:	9306      	str	r3, [sp, #24]
10002d50:	9b27      	ldr	r3, [sp, #156]	@ 0x9c
10002d52:	9305      	str	r3, [sp, #20]
10002d54:	9b26      	ldr	r3, [sp, #152]	@ 0x98
10002d56:	9304      	str	r3, [sp, #16]
10002d58:	9b09      	ldr	r3, [sp, #36]	@ 0x24
10002d5a:	9303      	str	r3, [sp, #12]
10002d5c:	465b      	mov	r3, fp
10002d5e:	9302      	str	r3, [sp, #8]
10002d60:	9601      	str	r6, [sp, #4]
10002d62:	ab0e      	add	r3, sp, #56	@ 0x38
10002d64:	9300      	str	r3, [sp, #0]
10002d66:	4653      	mov	r3, sl
10002d68:	9a0c      	ldr	r2, [sp, #48]	@ 0x30
10002d6a:	990b      	ldr	r1, [sp, #44]	@ 0x2c
10002d6c:	980a      	ldr	r0, [sp, #40]	@ 0x28
10002d6e:	f7ff fe9b 	bl	10002aa8 <_ntoa_format>
10002d72:	b017      	add	sp, #92	@ 0x5c
10002d74:	bcf0      	pop	{r4, r5, r6, r7}
10002d76:	46bb      	mov	fp, r7
10002d78:	46b2      	mov	sl, r6
10002d7a:	46a9      	mov	r9, r5
10002d7c:	46a0      	mov	r8, r4
10002d7e:	bdf0      	pop	{r4, r5, r6, r7, pc}

10002d80 <_etoa>:
10002d80:	b5f0      	push	{r4, r5, r6, r7, lr}
10002d82:	46de      	mov	lr, fp
10002d84:	4657      	mov	r7, sl
10002d86:	464e      	mov	r6, r9
10002d88:	4645      	mov	r5, r8
10002d8a:	b5e0      	push	{r5, r6, r7, lr}
10002d8c:	b091      	sub	sp, #68	@ 0x44
10002d8e:	4680      	mov	r8, r0
10002d90:	4689      	mov	r9, r1
10002d92:	920c      	str	r2, [sp, #48]	@ 0x30
10002d94:	469a      	mov	sl, r3
10002d96:	9c1a      	ldr	r4, [sp, #104]	@ 0x68
10002d98:	9d1b      	ldr	r5, [sp, #108]	@ 0x6c
10002d9a:	0022      	movs	r2, r4
10002d9c:	002b      	movs	r3, r5
10002d9e:	0020      	movs	r0, r4
10002da0:	0029      	movs	r1, r5
10002da2:	f7ff f9d6 	bl	10002152 <__wrap___aeabi_dcmpun>
10002da6:	2800      	cmp	r0, #0
10002da8:	d000      	beq.n	10002dac <_etoa+0x2c>
10002daa:	e0f2      	b.n	10002f92 <_etoa+0x212>
10002dac:	2201      	movs	r2, #1
10002dae:	4252      	negs	r2, r2
10002db0:	4bd5      	ldr	r3, [pc, #852]	@ (10003108 <_etoa+0x388>)
10002db2:	0020      	movs	r0, r4
10002db4:	0029      	movs	r1, r5
10002db6:	f7ff f9c7 	bl	10002148 <__wrap___aeabi_dcmpgt>
10002dba:	2800      	cmp	r0, #0
10002dbc:	d000      	beq.n	10002dc0 <_etoa+0x40>
10002dbe:	e0e8      	b.n	10002f92 <_etoa+0x212>
10002dc0:	2201      	movs	r2, #1
10002dc2:	4252      	negs	r2, r2
10002dc4:	4bd1      	ldr	r3, [pc, #836]	@ (1000310c <_etoa+0x38c>)
10002dc6:	0020      	movs	r0, r4
10002dc8:	0029      	movs	r1, r5
10002dca:	f7ff f9a7 	bl	1000211c <__wrap___aeabi_dcmplt>
10002dce:	2800      	cmp	r0, #0
10002dd0:	d000      	beq.n	10002dd4 <_etoa+0x54>
10002dd2:	e0de      	b.n	10002f92 <_etoa+0x212>
10002dd4:	2200      	movs	r2, #0
10002dd6:	2300      	movs	r3, #0
10002dd8:	0020      	movs	r0, r4
10002dda:	0029      	movs	r1, r5
10002ddc:	f7ff f99e 	bl	1000211c <__wrap___aeabi_dcmplt>
10002de0:	2800      	cmp	r0, #0
10002de2:	d000      	beq.n	10002de6 <_etoa+0x66>
10002de4:	e0ea      	b.n	10002fbc <_etoa+0x23c>
10002de6:	9406      	str	r4, [sp, #24]
10002de8:	9507      	str	r5, [sp, #28]
10002dea:	2380      	movs	r3, #128	@ 0x80
10002dec:	00db      	lsls	r3, r3, #3
10002dee:	9a1e      	ldr	r2, [sp, #120]	@ 0x78
10002df0:	401a      	ands	r2, r3
10002df2:	920d      	str	r2, [sp, #52]	@ 0x34
10002df4:	9a1e      	ldr	r2, [sp, #120]	@ 0x78
10002df6:	421a      	tst	r2, r3
10002df8:	d101      	bne.n	10002dfe <_etoa+0x7e>
10002dfa:	2306      	movs	r3, #6
10002dfc:	931c      	str	r3, [sp, #112]	@ 0x70
10002dfe:	9806      	ldr	r0, [sp, #24]
10002e00:	9907      	ldr	r1, [sp, #28]
10002e02:	0002      	movs	r2, r0
10002e04:	000b      	movs	r3, r1
10002e06:	9208      	str	r2, [sp, #32]
10002e08:	9309      	str	r3, [sp, #36]	@ 0x24
10002e0a:	0003      	movs	r3, r0
10002e0c:	000a      	movs	r2, r1
10002e0e:	4302      	orrs	r2, r0
10002e10:	d100      	bne.n	10002e14 <_etoa+0x94>
10002e12:	e0df      	b.n	10002fd4 <_etoa+0x254>
10002e14:	0d08      	lsrs	r0, r1, #20
10002e16:	0540      	lsls	r0, r0, #21
10002e18:	0d40      	lsrs	r0, r0, #21
10002e1a:	4ebd      	ldr	r6, [pc, #756]	@ (10003110 <_etoa+0x390>)
10002e1c:	46b4      	mov	ip, r6
10002e1e:	4460      	add	r0, ip
10002e20:	9e07      	ldr	r6, [sp, #28]
10002e22:	0332      	lsls	r2, r6, #12
10002e24:	0b12      	lsrs	r2, r2, #12
10002e26:	001e      	movs	r6, r3
10002e28:	4bba      	ldr	r3, [pc, #744]	@ (10003114 <_etoa+0x394>)
10002e2a:	4313      	orrs	r3, r2
10002e2c:	001f      	movs	r7, r3
10002e2e:	f7ff f9a1 	bl	10002174 <__wrap___aeabi_i2d>
10002e32:	4ab9      	ldr	r2, [pc, #740]	@ (10003118 <_etoa+0x398>)
10002e34:	4bb9      	ldr	r3, [pc, #740]	@ (1000311c <_etoa+0x39c>)
10002e36:	f7ff f92e 	bl	10002096 <__wrap___aeabi_dmul>
10002e3a:	4ab9      	ldr	r2, [pc, #740]	@ (10003120 <_etoa+0x3a0>)
10002e3c:	4bb9      	ldr	r3, [pc, #740]	@ (10003124 <_etoa+0x3a4>)
10002e3e:	f7ff f903 	bl	10002048 <__wrap___aeabi_dadd>
10002e42:	9008      	str	r0, [sp, #32]
10002e44:	9109      	str	r1, [sp, #36]	@ 0x24
10002e46:	2200      	movs	r2, #0
10002e48:	4bb7      	ldr	r3, [pc, #732]	@ (10003128 <_etoa+0x3a8>)
10002e4a:	0030      	movs	r0, r6
10002e4c:	0039      	movs	r1, r7
10002e4e:	f7ff f8f2 	bl	10002036 <__wrap___aeabi_dsub>
10002e52:	4ab6      	ldr	r2, [pc, #728]	@ (1000312c <_etoa+0x3ac>)
10002e54:	4bb6      	ldr	r3, [pc, #728]	@ (10003130 <_etoa+0x3b0>)
10002e56:	f7ff f91e 	bl	10002096 <__wrap___aeabi_dmul>
10002e5a:	0002      	movs	r2, r0
10002e5c:	000b      	movs	r3, r1
10002e5e:	9808      	ldr	r0, [sp, #32]
10002e60:	9909      	ldr	r1, [sp, #36]	@ 0x24
10002e62:	f7ff f8f1 	bl	10002048 <__wrap___aeabi_dadd>
10002e66:	f7ff f99d 	bl	100021a4 <__wrap___aeabi_d2iz>
10002e6a:	4683      	mov	fp, r0
10002e6c:	f7ff f982 	bl	10002174 <__wrap___aeabi_i2d>
10002e70:	0006      	movs	r6, r0
10002e72:	000f      	movs	r7, r1
10002e74:	4aaf      	ldr	r2, [pc, #700]	@ (10003134 <_etoa+0x3b4>)
10002e76:	4bb0      	ldr	r3, [pc, #704]	@ (10003138 <_etoa+0x3b8>)
10002e78:	f7ff f90d 	bl	10002096 <__wrap___aeabi_dmul>
10002e7c:	2200      	movs	r2, #0
10002e7e:	4baf      	ldr	r3, [pc, #700]	@ (1000313c <_etoa+0x3bc>)
10002e80:	f7ff f8e2 	bl	10002048 <__wrap___aeabi_dadd>
10002e84:	f7ff f98e 	bl	100021a4 <__wrap___aeabi_d2iz>
10002e88:	9008      	str	r0, [sp, #32]
10002e8a:	4aad      	ldr	r2, [pc, #692]	@ (10003140 <_etoa+0x3c0>)
10002e8c:	4bad      	ldr	r3, [pc, #692]	@ (10003144 <_etoa+0x3c4>)
10002e8e:	0030      	movs	r0, r6
10002e90:	0039      	movs	r1, r7
10002e92:	f7ff f900 	bl	10002096 <__wrap___aeabi_dmul>
10002e96:	0006      	movs	r6, r0
10002e98:	000f      	movs	r7, r1
10002e9a:	9808      	ldr	r0, [sp, #32]
10002e9c:	f7ff f96a 	bl	10002174 <__wrap___aeabi_i2d>
10002ea0:	4aa9      	ldr	r2, [pc, #676]	@ (10003148 <_etoa+0x3c8>)
10002ea2:	4baa      	ldr	r3, [pc, #680]	@ (1000314c <_etoa+0x3cc>)
10002ea4:	f7ff f8f7 	bl	10002096 <__wrap___aeabi_dmul>
10002ea8:	0002      	movs	r2, r0
10002eaa:	000b      	movs	r3, r1
10002eac:	0030      	movs	r0, r6
10002eae:	0039      	movs	r1, r7
10002eb0:	f7ff f8c1 	bl	10002036 <__wrap___aeabi_dsub>
10002eb4:	0006      	movs	r6, r0
10002eb6:	000f      	movs	r7, r1
10002eb8:	0002      	movs	r2, r0
10002eba:	000b      	movs	r3, r1
10002ebc:	f7ff f8eb 	bl	10002096 <__wrap___aeabi_dmul>
10002ec0:	900a      	str	r0, [sp, #40]	@ 0x28
10002ec2:	910b      	str	r1, [sp, #44]	@ 0x2c
10002ec4:	9b08      	ldr	r3, [sp, #32]
10002ec6:	4aa2      	ldr	r2, [pc, #648]	@ (10003150 <_etoa+0x3d0>)
10002ec8:	4694      	mov	ip, r2
10002eca:	4463      	add	r3, ip
10002ecc:	2100      	movs	r1, #0
10002ece:	2200      	movs	r2, #0
10002ed0:	9108      	str	r1, [sp, #32]
10002ed2:	9209      	str	r2, [sp, #36]	@ 0x24
10002ed4:	051b      	lsls	r3, r3, #20
10002ed6:	9309      	str	r3, [sp, #36]	@ 0x24
10002ed8:	2300      	movs	r3, #0
10002eda:	9308      	str	r3, [sp, #32]
10002edc:	0032      	movs	r2, r6
10002ede:	003b      	movs	r3, r7
10002ee0:	0030      	movs	r0, r6
10002ee2:	0039      	movs	r1, r7
10002ee4:	f7ff f8b0 	bl	10002048 <__wrap___aeabi_dadd>
10002ee8:	900e      	str	r0, [sp, #56]	@ 0x38
10002eea:	910f      	str	r1, [sp, #60]	@ 0x3c
10002eec:	0032      	movs	r2, r6
10002eee:	003b      	movs	r3, r7
10002ef0:	2000      	movs	r0, #0
10002ef2:	2180      	movs	r1, #128	@ 0x80
10002ef4:	05c9      	lsls	r1, r1, #23
10002ef6:	f7ff f89e 	bl	10002036 <__wrap___aeabi_dsub>
10002efa:	0006      	movs	r6, r0
10002efc:	000f      	movs	r7, r1
10002efe:	2200      	movs	r2, #0
10002f00:	4b94      	ldr	r3, [pc, #592]	@ (10003154 <_etoa+0x3d4>)
10002f02:	980a      	ldr	r0, [sp, #40]	@ 0x28
10002f04:	990b      	ldr	r1, [sp, #44]	@ 0x2c
10002f06:	f7ff f8a8 	bl	1000205a <__wrap___aeabi_ddiv>
10002f0a:	2200      	movs	r2, #0
10002f0c:	4b92      	ldr	r3, [pc, #584]	@ (10003158 <_etoa+0x3d8>)
10002f0e:	f7ff f89b 	bl	10002048 <__wrap___aeabi_dadd>
10002f12:	0002      	movs	r2, r0
10002f14:	000b      	movs	r3, r1
10002f16:	980a      	ldr	r0, [sp, #40]	@ 0x28
10002f18:	990b      	ldr	r1, [sp, #44]	@ 0x2c
10002f1a:	f7ff f89e 	bl	1000205a <__wrap___aeabi_ddiv>
10002f1e:	2200      	movs	r2, #0
10002f20:	4b8e      	ldr	r3, [pc, #568]	@ (1000315c <_etoa+0x3dc>)
10002f22:	f7ff f891 	bl	10002048 <__wrap___aeabi_dadd>
10002f26:	0002      	movs	r2, r0
10002f28:	000b      	movs	r3, r1
10002f2a:	980a      	ldr	r0, [sp, #40]	@ 0x28
10002f2c:	990b      	ldr	r1, [sp, #44]	@ 0x2c
10002f2e:	f7ff f894 	bl	1000205a <__wrap___aeabi_ddiv>
10002f32:	0002      	movs	r2, r0
10002f34:	000b      	movs	r3, r1
10002f36:	0030      	movs	r0, r6
10002f38:	0039      	movs	r1, r7
10002f3a:	f7ff f885 	bl	10002048 <__wrap___aeabi_dadd>
10002f3e:	0002      	movs	r2, r0
10002f40:	000b      	movs	r3, r1
10002f42:	980e      	ldr	r0, [sp, #56]	@ 0x38
10002f44:	990f      	ldr	r1, [sp, #60]	@ 0x3c
10002f46:	f7ff f888 	bl	1000205a <__wrap___aeabi_ddiv>
10002f4a:	2200      	movs	r2, #0
10002f4c:	4b71      	ldr	r3, [pc, #452]	@ (10003114 <_etoa+0x394>)
10002f4e:	f7ff f87b 	bl	10002048 <__wrap___aeabi_dadd>
10002f52:	9a08      	ldr	r2, [sp, #32]
10002f54:	9b09      	ldr	r3, [sp, #36]	@ 0x24
10002f56:	f7ff f89e 	bl	10002096 <__wrap___aeabi_dmul>
10002f5a:	0006      	movs	r6, r0
10002f5c:	000f      	movs	r7, r1
10002f5e:	9608      	str	r6, [sp, #32]
10002f60:	9709      	str	r7, [sp, #36]	@ 0x24
10002f62:	9a06      	ldr	r2, [sp, #24]
10002f64:	9b07      	ldr	r3, [sp, #28]
10002f66:	f7ff f8ef 	bl	10002148 <__wrap___aeabi_dcmpgt>
10002f6a:	2800      	cmp	r0, #0
10002f6c:	d00b      	beq.n	10002f86 <_etoa+0x206>
10002f6e:	2301      	movs	r3, #1
10002f70:	425b      	negs	r3, r3
10002f72:	469c      	mov	ip, r3
10002f74:	44e3      	add	fp, ip
10002f76:	2200      	movs	r2, #0
10002f78:	4b77      	ldr	r3, [pc, #476]	@ (10003158 <_etoa+0x3d8>)
10002f7a:	0030      	movs	r0, r6
10002f7c:	0039      	movs	r1, r7
10002f7e:	f7ff f86c 	bl	1000205a <__wrap___aeabi_ddiv>
10002f82:	9008      	str	r0, [sp, #32]
10002f84:	9109      	str	r1, [sp, #36]	@ 0x24
10002f86:	465b      	mov	r3, fp
10002f88:	3363      	adds	r3, #99	@ 0x63
10002f8a:	2bc6      	cmp	r3, #198	@ 0xc6
10002f8c:	d845      	bhi.n	1000301a <_etoa+0x29a>
10002f8e:	2604      	movs	r6, #4
10002f90:	e023      	b.n	10002fda <_etoa+0x25a>
10002f92:	9b1e      	ldr	r3, [sp, #120]	@ 0x78
10002f94:	9304      	str	r3, [sp, #16]
10002f96:	9b1d      	ldr	r3, [sp, #116]	@ 0x74
10002f98:	9303      	str	r3, [sp, #12]
10002f9a:	9b1c      	ldr	r3, [sp, #112]	@ 0x70
10002f9c:	9302      	str	r3, [sp, #8]
10002f9e:	9400      	str	r4, [sp, #0]
10002fa0:	9501      	str	r5, [sp, #4]
10002fa2:	4653      	mov	r3, sl
10002fa4:	9a0c      	ldr	r2, [sp, #48]	@ 0x30
10002fa6:	4649      	mov	r1, r9
10002fa8:	4640      	mov	r0, r8
10002faa:	f000 f8fb 	bl	100031a4 <_ftoa>
10002fae:	b011      	add	sp, #68	@ 0x44
10002fb0:	bcf0      	pop	{r4, r5, r6, r7}
10002fb2:	46bb      	mov	fp, r7
10002fb4:	46b2      	mov	sl, r6
10002fb6:	46a9      	mov	r9, r5
10002fb8:	46a0      	mov	r8, r4
10002fba:	bdf0      	pop	{r4, r5, r6, r7, pc}
10002fbc:	2100      	movs	r1, #0
10002fbe:	2200      	movs	r2, #0
10002fc0:	9106      	str	r1, [sp, #24]
10002fc2:	9207      	str	r2, [sp, #28]
10002fc4:	9406      	str	r4, [sp, #24]
10002fc6:	2380      	movs	r3, #128	@ 0x80
10002fc8:	061b      	lsls	r3, r3, #24
10002fca:	469c      	mov	ip, r3
10002fcc:	44ac      	add	ip, r5
10002fce:	4663      	mov	r3, ip
10002fd0:	9307      	str	r3, [sp, #28]
10002fd2:	e70a      	b.n	10002dea <_etoa+0x6a>
10002fd4:	2300      	movs	r3, #0
10002fd6:	469b      	mov	fp, r3
10002fd8:	2604      	movs	r6, #4
10002fda:	9b1e      	ldr	r3, [sp, #120]	@ 0x78
10002fdc:	051b      	lsls	r3, r3, #20
10002fde:	d528      	bpl.n	10003032 <_etoa+0x2b2>
10002fe0:	9a08      	ldr	r2, [sp, #32]
10002fe2:	9b09      	ldr	r3, [sp, #36]	@ 0x24
10002fe4:	0019      	movs	r1, r3
10002fe6:	4311      	orrs	r1, r2
10002fe8:	d00f      	beq.n	1000300a <_etoa+0x28a>
10002fea:	4a5d      	ldr	r2, [pc, #372]	@ (10003160 <_etoa+0x3e0>)
10002fec:	4b5d      	ldr	r3, [pc, #372]	@ (10003164 <_etoa+0x3e4>)
10002fee:	9806      	ldr	r0, [sp, #24]
10002ff0:	9907      	ldr	r1, [sp, #28]
10002ff2:	f7ff f8a1 	bl	10002138 <__wrap___aeabi_dcmpge>
10002ff6:	2800      	cmp	r0, #0
10002ff8:	d07a      	beq.n	100030f0 <_etoa+0x370>
10002ffa:	2200      	movs	r2, #0
10002ffc:	4b5a      	ldr	r3, [pc, #360]	@ (10003168 <_etoa+0x3e8>)
10002ffe:	9806      	ldr	r0, [sp, #24]
10003000:	9907      	ldr	r1, [sp, #28]
10003002:	f7ff f88b 	bl	1000211c <__wrap___aeabi_dcmplt>
10003006:	2800      	cmp	r0, #0
10003008:	d072      	beq.n	100030f0 <_etoa+0x370>
1000300a:	9b1c      	ldr	r3, [sp, #112]	@ 0x70
1000300c:	455b      	cmp	r3, fp
1000300e:	dd06      	ble.n	1000301e <_etoa+0x29e>
10003010:	465a      	mov	r2, fp
10003012:	1a9b      	subs	r3, r3, r2
10003014:	3b01      	subs	r3, #1
10003016:	931c      	str	r3, [sp, #112]	@ 0x70
10003018:	e003      	b.n	10003022 <_etoa+0x2a2>
1000301a:	2605      	movs	r6, #5
1000301c:	e7dd      	b.n	10002fda <_etoa+0x25a>
1000301e:	2300      	movs	r3, #0
10003020:	931c      	str	r3, [sp, #112]	@ 0x70
10003022:	2380      	movs	r3, #128	@ 0x80
10003024:	00db      	lsls	r3, r3, #3
10003026:	9a1e      	ldr	r2, [sp, #120]	@ 0x78
10003028:	431a      	orrs	r2, r3
1000302a:	921e      	str	r2, [sp, #120]	@ 0x78
1000302c:	2600      	movs	r6, #0
1000302e:	2300      	movs	r3, #0
10003030:	469b      	mov	fp, r3
10003032:	9b1d      	ldr	r3, [sp, #116]	@ 0x74
10003034:	429e      	cmp	r6, r3
10003036:	d265      	bcs.n	10003104 <_etoa+0x384>
10003038:	1b9f      	subs	r7, r3, r6
1000303a:	2302      	movs	r3, #2
1000303c:	9a1e      	ldr	r2, [sp, #120]	@ 0x78
1000303e:	401a      	ands	r2, r3
10003040:	920a      	str	r2, [sp, #40]	@ 0x28
10003042:	9a1e      	ldr	r2, [sp, #120]	@ 0x78
10003044:	4213      	tst	r3, r2
10003046:	d002      	beq.n	1000304e <_etoa+0x2ce>
10003048:	2e00      	cmp	r6, #0
1000304a:	d000      	beq.n	1000304e <_etoa+0x2ce>
1000304c:	2700      	movs	r7, #0
1000304e:	465b      	mov	r3, fp
10003050:	2b00      	cmp	r3, #0
10003052:	d007      	beq.n	10003064 <_etoa+0x2e4>
10003054:	9a08      	ldr	r2, [sp, #32]
10003056:	9b09      	ldr	r3, [sp, #36]	@ 0x24
10003058:	9806      	ldr	r0, [sp, #24]
1000305a:	9907      	ldr	r1, [sp, #28]
1000305c:	f7fe fffd 	bl	1000205a <__wrap___aeabi_ddiv>
10003060:	9006      	str	r0, [sp, #24]
10003062:	9107      	str	r1, [sp, #28]
10003064:	2200      	movs	r2, #0
10003066:	2300      	movs	r3, #0
10003068:	0020      	movs	r0, r4
1000306a:	0029      	movs	r1, r5
1000306c:	f7ff f856 	bl	1000211c <__wrap___aeabi_dcmplt>
10003070:	2800      	cmp	r0, #0
10003072:	d000      	beq.n	10003076 <_etoa+0x2f6>
10003074:	e07c      	b.n	10003170 <_etoa+0x3f0>
10003076:	4b3d      	ldr	r3, [pc, #244]	@ (1000316c <_etoa+0x3ec>)
10003078:	9a1e      	ldr	r2, [sp, #120]	@ 0x78
1000307a:	4013      	ands	r3, r2
1000307c:	9304      	str	r3, [sp, #16]
1000307e:	9703      	str	r7, [sp, #12]
10003080:	9b1c      	ldr	r3, [sp, #112]	@ 0x70
10003082:	9302      	str	r3, [sp, #8]
10003084:	9b06      	ldr	r3, [sp, #24]
10003086:	9c07      	ldr	r4, [sp, #28]
10003088:	9300      	str	r3, [sp, #0]
1000308a:	9401      	str	r4, [sp, #4]
1000308c:	4653      	mov	r3, sl
1000308e:	9a0c      	ldr	r2, [sp, #48]	@ 0x30
10003090:	4649      	mov	r1, r9
10003092:	4640      	mov	r0, r8
10003094:	f000 f886 	bl	100031a4 <_ftoa>
10003098:	2e00      	cmp	r6, #0
1000309a:	d100      	bne.n	1000309e <_etoa+0x31e>
1000309c:	e787      	b.n	10002fae <_etoa+0x22e>
1000309e:	9b1e      	ldr	r3, [sp, #120]	@ 0x78
100030a0:	069b      	lsls	r3, r3, #26
100030a2:	d571      	bpl.n	10003188 <_etoa+0x408>
100030a4:	2545      	movs	r5, #69	@ 0x45
100030a6:	1c44      	adds	r4, r0, #1
100030a8:	4653      	mov	r3, sl
100030aa:	0002      	movs	r2, r0
100030ac:	4649      	mov	r1, r9
100030ae:	0028      	movs	r0, r5
100030b0:	47c0      	blx	r8
100030b2:	465a      	mov	r2, fp
100030b4:	17d3      	asrs	r3, r2, #31
100030b6:	18d2      	adds	r2, r2, r3
100030b8:	405a      	eors	r2, r3
100030ba:	2305      	movs	r3, #5
100030bc:	9305      	str	r3, [sp, #20]
100030be:	3e01      	subs	r6, #1
100030c0:	9604      	str	r6, [sp, #16]
100030c2:	2300      	movs	r3, #0
100030c4:	9303      	str	r3, [sp, #12]
100030c6:	330a      	adds	r3, #10
100030c8:	9302      	str	r3, [sp, #8]
100030ca:	465b      	mov	r3, fp
100030cc:	0fdb      	lsrs	r3, r3, #31
100030ce:	9301      	str	r3, [sp, #4]
100030d0:	9200      	str	r2, [sp, #0]
100030d2:	4653      	mov	r3, sl
100030d4:	0022      	movs	r2, r4
100030d6:	4649      	mov	r1, r9
100030d8:	4640      	mov	r0, r8
100030da:	f7ff fd6c 	bl	10002bb6 <_ntoa_long>
100030de:	9b0a      	ldr	r3, [sp, #40]	@ 0x28
100030e0:	2b00      	cmp	r3, #0
100030e2:	d100      	bne.n	100030e6 <_etoa+0x366>
100030e4:	e763      	b.n	10002fae <_etoa+0x22e>
100030e6:	0002      	movs	r2, r0
100030e8:	4647      	mov	r7, r8
100030ea:	9e0c      	ldr	r6, [sp, #48]	@ 0x30
100030ec:	9d1d      	ldr	r5, [sp, #116]	@ 0x74
100030ee:	e053      	b.n	10003198 <_etoa+0x418>
100030f0:	9b1c      	ldr	r3, [sp, #112]	@ 0x70
100030f2:	2b00      	cmp	r3, #0
100030f4:	d09d      	beq.n	10003032 <_etoa+0x2b2>
100030f6:	9b0d      	ldr	r3, [sp, #52]	@ 0x34
100030f8:	2b00      	cmp	r3, #0
100030fa:	d09a      	beq.n	10003032 <_etoa+0x2b2>
100030fc:	9b1c      	ldr	r3, [sp, #112]	@ 0x70
100030fe:	3b01      	subs	r3, #1
10003100:	931c      	str	r3, [sp, #112]	@ 0x70
10003102:	e796      	b.n	10003032 <_etoa+0x2b2>
10003104:	2700      	movs	r7, #0
10003106:	e798      	b.n	1000303a <_etoa+0x2ba>
10003108:	7fefffff 	.word	0x7fefffff
1000310c:	ffefffff 	.word	0xffefffff
10003110:	fffffc01 	.word	0xfffffc01
10003114:	3ff00000 	.word	0x3ff00000
10003118:	509f79fb 	.word	0x509f79fb
1000311c:	3fd34413 	.word	0x3fd34413
10003120:	8b60c8b3 	.word	0x8b60c8b3
10003124:	3fc68a28 	.word	0x3fc68a28
10003128:	3ff80000 	.word	0x3ff80000
1000312c:	636f4361 	.word	0x636f4361
10003130:	3fd287a7 	.word	0x3fd287a7
10003134:	0979a371 	.word	0x0979a371
10003138:	400a934f 	.word	0x400a934f
1000313c:	3fe00000 	.word	0x3fe00000
10003140:	bbb55516 	.word	0xbbb55516
10003144:	40026bb1 	.word	0x40026bb1
10003148:	fefa39ef 	.word	0xfefa39ef
1000314c:	3fe62e42 	.word	0x3fe62e42
10003150:	000003ff 	.word	0x000003ff
10003154:	402c0000 	.word	0x402c0000
10003158:	40240000 	.word	0x40240000
1000315c:	40180000 	.word	0x40180000
10003160:	eb1c432d 	.word	0xeb1c432d
10003164:	3f1a36e2 	.word	0x3f1a36e2
10003168:	412e8480 	.word	0x412e8480
1000316c:	fffff7ff 	.word	0xfffff7ff
10003170:	9c06      	ldr	r4, [sp, #24]
10003172:	9d07      	ldr	r5, [sp, #28]
10003174:	0022      	movs	r2, r4
10003176:	0029      	movs	r1, r5
10003178:	2080      	movs	r0, #128	@ 0x80
1000317a:	0600      	lsls	r0, r0, #24
1000317c:	4684      	mov	ip, r0
1000317e:	4461      	add	r1, ip
10003180:	000b      	movs	r3, r1
10003182:	9206      	str	r2, [sp, #24]
10003184:	9307      	str	r3, [sp, #28]
10003186:	e776      	b.n	10003076 <_etoa+0x2f6>
10003188:	2565      	movs	r5, #101	@ 0x65
1000318a:	e78c      	b.n	100030a6 <_etoa+0x326>
1000318c:	1c54      	adds	r4, r2, #1
1000318e:	4653      	mov	r3, sl
10003190:	4649      	mov	r1, r9
10003192:	2020      	movs	r0, #32
10003194:	47b8      	blx	r7
10003196:	0022      	movs	r2, r4
10003198:	1b93      	subs	r3, r2, r6
1000319a:	42ab      	cmp	r3, r5
1000319c:	d3f6      	bcc.n	1000318c <_etoa+0x40c>
1000319e:	0010      	movs	r0, r2
100031a0:	e705      	b.n	10002fae <_etoa+0x22e>
100031a2:	46c0      	nop			@ (mov r8, r8)

100031a4 <_ftoa>:
100031a4:	b5f0      	push	{r4, r5, r6, r7, lr}
100031a6:	46de      	mov	lr, fp
100031a8:	4657      	mov	r7, sl
100031aa:	464e      	mov	r6, r9
100031ac:	4645      	mov	r5, r8
100031ae:	b5e0      	push	{r5, r6, r7, lr}
100031b0:	b095      	sub	sp, #84	@ 0x54
100031b2:	9006      	str	r0, [sp, #24]
100031b4:	9107      	str	r1, [sp, #28]
100031b6:	4693      	mov	fp, r2
100031b8:	4699      	mov	r9, r3
100031ba:	9f20      	ldr	r7, [sp, #128]	@ 0x80
100031bc:	9a1e      	ldr	r2, [sp, #120]	@ 0x78
100031be:	9b1f      	ldr	r3, [sp, #124]	@ 0x7c
100031c0:	0010      	movs	r0, r2
100031c2:	0019      	movs	r1, r3
100031c4:	f7fe ffc5 	bl	10002152 <__wrap___aeabi_dcmpun>
100031c8:	2800      	cmp	r0, #0
100031ca:	d131      	bne.n	10003230 <_ftoa+0x8c>
100031cc:	2201      	movs	r2, #1
100031ce:	4252      	negs	r2, r2
100031d0:	4bbc      	ldr	r3, [pc, #752]	@ (100034c4 <_ftoa+0x320>)
100031d2:	981e      	ldr	r0, [sp, #120]	@ 0x78
100031d4:	991f      	ldr	r1, [sp, #124]	@ 0x7c
100031d6:	f7fe ffa1 	bl	1000211c <__wrap___aeabi_dcmplt>
100031da:	2800      	cmp	r0, #0
100031dc:	d137      	bne.n	1000324e <_ftoa+0xaa>
100031de:	2201      	movs	r2, #1
100031e0:	4252      	negs	r2, r2
100031e2:	4bb9      	ldr	r3, [pc, #740]	@ (100034c8 <_ftoa+0x324>)
100031e4:	981e      	ldr	r0, [sp, #120]	@ 0x78
100031e6:	991f      	ldr	r1, [sp, #124]	@ 0x7c
100031e8:	f7fe ffae 	bl	10002148 <__wrap___aeabi_dcmpgt>
100031ec:	2800      	cmp	r0, #0
100031ee:	d13d      	bne.n	1000326c <_ftoa+0xc8>
100031f0:	2200      	movs	r2, #0
100031f2:	4bb6      	ldr	r3, [pc, #728]	@ (100034cc <_ftoa+0x328>)
100031f4:	981e      	ldr	r0, [sp, #120]	@ 0x78
100031f6:	991f      	ldr	r1, [sp, #124]	@ 0x7c
100031f8:	f7fe ffa6 	bl	10002148 <__wrap___aeabi_dcmpgt>
100031fc:	2800      	cmp	r0, #0
100031fe:	d14a      	bne.n	10003296 <_ftoa+0xf2>
10003200:	2200      	movs	r2, #0
10003202:	4bb3      	ldr	r3, [pc, #716]	@ (100034d0 <_ftoa+0x32c>)
10003204:	981e      	ldr	r0, [sp, #120]	@ 0x78
10003206:	991f      	ldr	r1, [sp, #124]	@ 0x7c
10003208:	f7fe ff88 	bl	1000211c <__wrap___aeabi_dcmplt>
1000320c:	2800      	cmp	r0, #0
1000320e:	d142      	bne.n	10003296 <_ftoa+0xf2>
10003210:	2200      	movs	r2, #0
10003212:	2300      	movs	r3, #0
10003214:	981e      	ldr	r0, [sp, #120]	@ 0x78
10003216:	991f      	ldr	r1, [sp, #124]	@ 0x7c
10003218:	f7fe ff80 	bl	1000211c <__wrap___aeabi_dcmplt>
1000321c:	2800      	cmp	r0, #0
1000321e:	d14a      	bne.n	100032b6 <_ftoa+0x112>
10003220:	2300      	movs	r3, #0
10003222:	4698      	mov	r8, r3
10003224:	9b22      	ldr	r3, [sp, #136]	@ 0x88
10003226:	055b      	lsls	r3, r3, #21
10003228:	d400      	bmi.n	1000322c <_ftoa+0x88>
1000322a:	e0b0      	b.n	1000338e <_ftoa+0x1ea>
1000322c:	2400      	movs	r4, #0
1000322e:	e052      	b.n	100032d6 <_ftoa+0x132>
10003230:	9b22      	ldr	r3, [sp, #136]	@ 0x88
10003232:	9303      	str	r3, [sp, #12]
10003234:	9b21      	ldr	r3, [sp, #132]	@ 0x84
10003236:	9302      	str	r3, [sp, #8]
10003238:	2303      	movs	r3, #3
1000323a:	9301      	str	r3, [sp, #4]
1000323c:	4ba5      	ldr	r3, [pc, #660]	@ (100034d4 <_ftoa+0x330>)
1000323e:	9300      	str	r3, [sp, #0]
10003240:	464b      	mov	r3, r9
10003242:	465a      	mov	r2, fp
10003244:	9907      	ldr	r1, [sp, #28]
10003246:	9806      	ldr	r0, [sp, #24]
10003248:	f7ff fbd6 	bl	100029f8 <_out_rev>
1000324c:	e108      	b.n	10003460 <_ftoa+0x2bc>
1000324e:	9b22      	ldr	r3, [sp, #136]	@ 0x88
10003250:	9303      	str	r3, [sp, #12]
10003252:	9b21      	ldr	r3, [sp, #132]	@ 0x84
10003254:	9302      	str	r3, [sp, #8]
10003256:	2304      	movs	r3, #4
10003258:	9301      	str	r3, [sp, #4]
1000325a:	4b9f      	ldr	r3, [pc, #636]	@ (100034d8 <_ftoa+0x334>)
1000325c:	9300      	str	r3, [sp, #0]
1000325e:	464b      	mov	r3, r9
10003260:	465a      	mov	r2, fp
10003262:	9907      	ldr	r1, [sp, #28]
10003264:	9806      	ldr	r0, [sp, #24]
10003266:	f7ff fbc7 	bl	100029f8 <_out_rev>
1000326a:	e0f9      	b.n	10003460 <_ftoa+0x2bc>
1000326c:	9b22      	ldr	r3, [sp, #136]	@ 0x88
1000326e:	075b      	lsls	r3, r3, #29
10003270:	d50e      	bpl.n	10003290 <_ftoa+0xec>
10003272:	4b9a      	ldr	r3, [pc, #616]	@ (100034dc <_ftoa+0x338>)
10003274:	2204      	movs	r2, #4
10003276:	9922      	ldr	r1, [sp, #136]	@ 0x88
10003278:	9103      	str	r1, [sp, #12]
1000327a:	9921      	ldr	r1, [sp, #132]	@ 0x84
1000327c:	9102      	str	r1, [sp, #8]
1000327e:	9201      	str	r2, [sp, #4]
10003280:	9300      	str	r3, [sp, #0]
10003282:	464b      	mov	r3, r9
10003284:	465a      	mov	r2, fp
10003286:	9907      	ldr	r1, [sp, #28]
10003288:	9806      	ldr	r0, [sp, #24]
1000328a:	f7ff fbb5 	bl	100029f8 <_out_rev>
1000328e:	e0e7      	b.n	10003460 <_ftoa+0x2bc>
10003290:	4b93      	ldr	r3, [pc, #588]	@ (100034e0 <_ftoa+0x33c>)
10003292:	2203      	movs	r2, #3
10003294:	e7ef      	b.n	10003276 <_ftoa+0xd2>
10003296:	9b22      	ldr	r3, [sp, #136]	@ 0x88
10003298:	9304      	str	r3, [sp, #16]
1000329a:	9b21      	ldr	r3, [sp, #132]	@ 0x84
1000329c:	9303      	str	r3, [sp, #12]
1000329e:	9702      	str	r7, [sp, #8]
100032a0:	9b1e      	ldr	r3, [sp, #120]	@ 0x78
100032a2:	9c1f      	ldr	r4, [sp, #124]	@ 0x7c
100032a4:	9300      	str	r3, [sp, #0]
100032a6:	9401      	str	r4, [sp, #4]
100032a8:	464b      	mov	r3, r9
100032aa:	465a      	mov	r2, fp
100032ac:	9907      	ldr	r1, [sp, #28]
100032ae:	9806      	ldr	r0, [sp, #24]
100032b0:	f7ff fd66 	bl	10002d80 <_etoa>
100032b4:	e0d4      	b.n	10003460 <_ftoa+0x2bc>
100032b6:	9a1e      	ldr	r2, [sp, #120]	@ 0x78
100032b8:	9b1f      	ldr	r3, [sp, #124]	@ 0x7c
100032ba:	2000      	movs	r0, #0
100032bc:	2100      	movs	r1, #0
100032be:	f7fe feba 	bl	10002036 <__wrap___aeabi_dsub>
100032c2:	901e      	str	r0, [sp, #120]	@ 0x78
100032c4:	911f      	str	r1, [sp, #124]	@ 0x7c
100032c6:	2301      	movs	r3, #1
100032c8:	4698      	mov	r8, r3
100032ca:	e7ab      	b.n	10003224 <_ftoa+0x80>
100032cc:	ab0c      	add	r3, sp, #48	@ 0x30
100032ce:	2230      	movs	r2, #48	@ 0x30
100032d0:	551a      	strb	r2, [r3, r4]
100032d2:	3f01      	subs	r7, #1
100032d4:	3401      	adds	r4, #1
100032d6:	2c1f      	cmp	r4, #31
100032d8:	d801      	bhi.n	100032de <_ftoa+0x13a>
100032da:	2f09      	cmp	r7, #9
100032dc:	d8f6      	bhi.n	100032cc <_ftoa+0x128>
100032de:	981e      	ldr	r0, [sp, #120]	@ 0x78
100032e0:	991f      	ldr	r1, [sp, #124]	@ 0x7c
100032e2:	f7fe ff5f 	bl	100021a4 <__wrap___aeabi_d2iz>
100032e6:	0005      	movs	r5, r0
100032e8:	f7fe ff44 	bl	10002174 <__wrap___aeabi_i2d>
100032ec:	0002      	movs	r2, r0
100032ee:	000b      	movs	r3, r1
100032f0:	981e      	ldr	r0, [sp, #120]	@ 0x78
100032f2:	991f      	ldr	r1, [sp, #124]	@ 0x7c
100032f4:	f7fe fe9f 	bl	10002036 <__wrap___aeabi_dsub>
100032f8:	4b7a      	ldr	r3, [pc, #488]	@ (100034e4 <_ftoa+0x340>)
100032fa:	00fa      	lsls	r2, r7, #3
100032fc:	189b      	adds	r3, r3, r2
100032fe:	681a      	ldr	r2, [r3, #0]
10003300:	685b      	ldr	r3, [r3, #4]
10003302:	920a      	str	r2, [sp, #40]	@ 0x28
10003304:	930b      	str	r3, [sp, #44]	@ 0x2c
10003306:	f7fe fec6 	bl	10002096 <__wrap___aeabi_dmul>
1000330a:	9008      	str	r0, [sp, #32]
1000330c:	9109      	str	r1, [sp, #36]	@ 0x24
1000330e:	f7fe ff6d 	bl	100021ec <__wrap___aeabi_d2uiz>
10003312:	0006      	movs	r6, r0
10003314:	f7fe ff2a 	bl	1000216c <__wrap___aeabi_ui2d>
10003318:	0002      	movs	r2, r0
1000331a:	000b      	movs	r3, r1
1000331c:	9808      	ldr	r0, [sp, #32]
1000331e:	9909      	ldr	r1, [sp, #36]	@ 0x24
10003320:	f7fe fe89 	bl	10002036 <__wrap___aeabi_dsub>
10003324:	9008      	str	r0, [sp, #32]
10003326:	9109      	str	r1, [sp, #36]	@ 0x24
10003328:	2200      	movs	r2, #0
1000332a:	4b6f      	ldr	r3, [pc, #444]	@ (100034e8 <_ftoa+0x344>)
1000332c:	f7fe ff0c 	bl	10002148 <__wrap___aeabi_dcmpgt>
10003330:	2800      	cmp	r0, #0
10003332:	d02e      	beq.n	10003392 <_ftoa+0x1ee>
10003334:	3601      	adds	r6, #1
10003336:	0030      	movs	r0, r6
10003338:	f7fe ff18 	bl	1000216c <__wrap___aeabi_ui2d>
1000333c:	0002      	movs	r2, r0
1000333e:	000b      	movs	r3, r1
10003340:	980a      	ldr	r0, [sp, #40]	@ 0x28
10003342:	990b      	ldr	r1, [sp, #44]	@ 0x2c
10003344:	f7fe fef0 	bl	10002128 <__wrap___aeabi_dcmple>
10003348:	2800      	cmp	r0, #0
1000334a:	d001      	beq.n	10003350 <_ftoa+0x1ac>
1000334c:	3501      	adds	r5, #1
1000334e:	2600      	movs	r6, #0
10003350:	2f00      	cmp	r7, #0
10003352:	d12c      	bne.n	100033ae <_ftoa+0x20a>
10003354:	0028      	movs	r0, r5
10003356:	f7fe ff0d 	bl	10002174 <__wrap___aeabi_i2d>
1000335a:	0002      	movs	r2, r0
1000335c:	000b      	movs	r3, r1
1000335e:	981e      	ldr	r0, [sp, #120]	@ 0x78
10003360:	991f      	ldr	r1, [sp, #124]	@ 0x7c
10003362:	f7fe fe68 	bl	10002036 <__wrap___aeabi_dsub>
10003366:	0006      	movs	r6, r0
10003368:	000f      	movs	r7, r1
1000336a:	2200      	movs	r2, #0
1000336c:	4b5e      	ldr	r3, [pc, #376]	@ (100034e8 <_ftoa+0x344>)
1000336e:	f7fe fed5 	bl	1000211c <__wrap___aeabi_dcmplt>
10003372:	2800      	cmp	r0, #0
10003374:	d146      	bne.n	10003404 <_ftoa+0x260>
10003376:	2200      	movs	r2, #0
10003378:	4b5b      	ldr	r3, [pc, #364]	@ (100034e8 <_ftoa+0x344>)
1000337a:	0030      	movs	r0, r6
1000337c:	0039      	movs	r1, r7
1000337e:	f7fe fee3 	bl	10002148 <__wrap___aeabi_dcmpgt>
10003382:	2800      	cmp	r0, #0
10003384:	d13e      	bne.n	10003404 <_ftoa+0x260>
10003386:	07eb      	lsls	r3, r5, #31
10003388:	d53c      	bpl.n	10003404 <_ftoa+0x260>
1000338a:	3501      	adds	r5, #1
1000338c:	e03a      	b.n	10003404 <_ftoa+0x260>
1000338e:	2706      	movs	r7, #6
10003390:	e74c      	b.n	1000322c <_ftoa+0x88>
10003392:	2200      	movs	r2, #0
10003394:	4b54      	ldr	r3, [pc, #336]	@ (100034e8 <_ftoa+0x344>)
10003396:	9808      	ldr	r0, [sp, #32]
10003398:	9909      	ldr	r1, [sp, #36]	@ 0x24
1000339a:	f7fe febf 	bl	1000211c <__wrap___aeabi_dcmplt>
1000339e:	2800      	cmp	r0, #0
100033a0:	d1d6      	bne.n	10003350 <_ftoa+0x1ac>
100033a2:	2e00      	cmp	r6, #0
100033a4:	d001      	beq.n	100033aa <_ftoa+0x206>
100033a6:	07f3      	lsls	r3, r6, #31
100033a8:	d5d2      	bpl.n	10003350 <_ftoa+0x1ac>
100033aa:	3601      	adds	r6, #1
100033ac:	e7d0      	b.n	10003350 <_ftoa+0x1ac>
100033ae:	46aa      	mov	sl, r5
100033b0:	2c1f      	cmp	r4, #31
100033b2:	d811      	bhi.n	100033d8 <_ftoa+0x234>
100033b4:	3f01      	subs	r7, #1
100033b6:	210a      	movs	r1, #10
100033b8:	0030      	movs	r0, r6
100033ba:	f7fe fc01 	bl	10001bc0 <__wrap___aeabi_uidiv>
100033be:	1c65      	adds	r5, r4, #1
100033c0:	3130      	adds	r1, #48	@ 0x30
100033c2:	ab0c      	add	r3, sp, #48	@ 0x30
100033c4:	5519      	strb	r1, [r3, r4]
100033c6:	210a      	movs	r1, #10
100033c8:	0030      	movs	r0, r6
100033ca:	f7fe fbf9 	bl	10001bc0 <__wrap___aeabi_uidiv>
100033ce:	2e09      	cmp	r6, #9
100033d0:	d90e      	bls.n	100033f0 <_ftoa+0x24c>
100033d2:	0006      	movs	r6, r0
100033d4:	002c      	movs	r4, r5
100033d6:	e7eb      	b.n	100033b0 <_ftoa+0x20c>
100033d8:	4655      	mov	r5, sl
100033da:	2c1f      	cmp	r4, #31
100033dc:	d80c      	bhi.n	100033f8 <_ftoa+0x254>
100033de:	1e7b      	subs	r3, r7, #1
100033e0:	2f00      	cmp	r7, #0
100033e2:	d009      	beq.n	100033f8 <_ftoa+0x254>
100033e4:	aa0c      	add	r2, sp, #48	@ 0x30
100033e6:	2130      	movs	r1, #48	@ 0x30
100033e8:	5511      	strb	r1, [r2, r4]
100033ea:	001f      	movs	r7, r3
100033ec:	3401      	adds	r4, #1
100033ee:	e7f4      	b.n	100033da <_ftoa+0x236>
100033f0:	002b      	movs	r3, r5
100033f2:	4655      	mov	r5, sl
100033f4:	001c      	movs	r4, r3
100033f6:	e7f0      	b.n	100033da <_ftoa+0x236>
100033f8:	2c1f      	cmp	r4, #31
100033fa:	d803      	bhi.n	10003404 <_ftoa+0x260>
100033fc:	ab0c      	add	r3, sp, #48	@ 0x30
100033fe:	222e      	movs	r2, #46	@ 0x2e
10003400:	551a      	strb	r2, [r3, r4]
10003402:	3401      	adds	r4, #1
10003404:	2c1f      	cmp	r4, #31
10003406:	d810      	bhi.n	1000342a <_ftoa+0x286>
10003408:	210a      	movs	r1, #10
1000340a:	0028      	movs	r0, r5
1000340c:	f7fe fbb0 	bl	10001b70 <__wrap___aeabi_idiv>
10003410:	1c66      	adds	r6, r4, #1
10003412:	3130      	adds	r1, #48	@ 0x30
10003414:	ab0c      	add	r3, sp, #48	@ 0x30
10003416:	5519      	strb	r1, [r3, r4]
10003418:	210a      	movs	r1, #10
1000341a:	0028      	movs	r0, r5
1000341c:	f7fe fba8 	bl	10001b70 <__wrap___aeabi_idiv>
10003420:	1e05      	subs	r5, r0, #0
10003422:	d001      	beq.n	10003428 <_ftoa+0x284>
10003424:	0034      	movs	r4, r6
10003426:	e7ed      	b.n	10003404 <_ftoa+0x260>
10003428:	0034      	movs	r4, r6
1000342a:	2303      	movs	r3, #3
1000342c:	9a22      	ldr	r2, [sp, #136]	@ 0x88
1000342e:	4013      	ands	r3, r2
10003430:	2b01      	cmp	r3, #1
10003432:	d01c      	beq.n	1000346e <_ftoa+0x2ca>
10003434:	2c1f      	cmp	r4, #31
10003436:	d806      	bhi.n	10003446 <_ftoa+0x2a2>
10003438:	4643      	mov	r3, r8
1000343a:	2b00      	cmp	r3, #0
1000343c:	d032      	beq.n	100034a4 <_ftoa+0x300>
1000343e:	ab0c      	add	r3, sp, #48	@ 0x30
10003440:	222d      	movs	r2, #45	@ 0x2d
10003442:	551a      	strb	r2, [r3, r4]
10003444:	3401      	adds	r4, #1
10003446:	9b22      	ldr	r3, [sp, #136]	@ 0x88
10003448:	9303      	str	r3, [sp, #12]
1000344a:	9b21      	ldr	r3, [sp, #132]	@ 0x84
1000344c:	9302      	str	r3, [sp, #8]
1000344e:	9401      	str	r4, [sp, #4]
10003450:	ab0c      	add	r3, sp, #48	@ 0x30
10003452:	9300      	str	r3, [sp, #0]
10003454:	464b      	mov	r3, r9
10003456:	465a      	mov	r2, fp
10003458:	9907      	ldr	r1, [sp, #28]
1000345a:	9806      	ldr	r0, [sp, #24]
1000345c:	f7ff facc 	bl	100029f8 <_out_rev>
10003460:	b015      	add	sp, #84	@ 0x54
10003462:	bcf0      	pop	{r4, r5, r6, r7}
10003464:	46bb      	mov	fp, r7
10003466:	46b2      	mov	sl, r6
10003468:	46a9      	mov	r9, r5
1000346a:	46a0      	mov	r8, r4
1000346c:	bdf0      	pop	{r4, r5, r6, r7, pc}
1000346e:	9b21      	ldr	r3, [sp, #132]	@ 0x84
10003470:	2b00      	cmp	r3, #0
10003472:	d013      	beq.n	1000349c <_ftoa+0x2f8>
10003474:	4643      	mov	r3, r8
10003476:	2b00      	cmp	r3, #0
10003478:	d102      	bne.n	10003480 <_ftoa+0x2dc>
1000347a:	330c      	adds	r3, #12
1000347c:	4213      	tst	r3, r2
1000347e:	d00f      	beq.n	100034a0 <_ftoa+0x2fc>
10003480:	9b21      	ldr	r3, [sp, #132]	@ 0x84
10003482:	3b01      	subs	r3, #1
10003484:	9321      	str	r3, [sp, #132]	@ 0x84
10003486:	0019      	movs	r1, r3
10003488:	e003      	b.n	10003492 <_ftoa+0x2ee>
1000348a:	ab0c      	add	r3, sp, #48	@ 0x30
1000348c:	2230      	movs	r2, #48	@ 0x30
1000348e:	551a      	strb	r2, [r3, r4]
10003490:	3401      	adds	r4, #1
10003492:	428c      	cmp	r4, r1
10003494:	d2ce      	bcs.n	10003434 <_ftoa+0x290>
10003496:	2c1f      	cmp	r4, #31
10003498:	d9f7      	bls.n	1000348a <_ftoa+0x2e6>
1000349a:	e7cb      	b.n	10003434 <_ftoa+0x290>
1000349c:	9921      	ldr	r1, [sp, #132]	@ 0x84
1000349e:	e7f8      	b.n	10003492 <_ftoa+0x2ee>
100034a0:	9921      	ldr	r1, [sp, #132]	@ 0x84
100034a2:	e7f6      	b.n	10003492 <_ftoa+0x2ee>
100034a4:	9b22      	ldr	r3, [sp, #136]	@ 0x88
100034a6:	075b      	lsls	r3, r3, #29
100034a8:	d504      	bpl.n	100034b4 <_ftoa+0x310>
100034aa:	ab0c      	add	r3, sp, #48	@ 0x30
100034ac:	222b      	movs	r2, #43	@ 0x2b
100034ae:	551a      	strb	r2, [r3, r4]
100034b0:	3401      	adds	r4, #1
100034b2:	e7c8      	b.n	10003446 <_ftoa+0x2a2>
100034b4:	9b22      	ldr	r3, [sp, #136]	@ 0x88
100034b6:	071b      	lsls	r3, r3, #28
100034b8:	d5c5      	bpl.n	10003446 <_ftoa+0x2a2>
100034ba:	ab0c      	add	r3, sp, #48	@ 0x30
100034bc:	2220      	movs	r2, #32
100034be:	551a      	strb	r2, [r3, r4]
100034c0:	3401      	adds	r4, #1
100034c2:	e7c0      	b.n	10003446 <_ftoa+0x2a2>
100034c4:	ffefffff 	.word	0xffefffff
100034c8:	7fefffff 	.word	0x7fefffff
100034cc:	41cdcd65 	.word	0x41cdcd65
100034d0:	c1cdcd65 	.word	0xc1cdcd65
100034d4:	100076a0 	.word	0x100076a0
100034d8:	100076a4 	.word	0x100076a4
100034dc:	10007694 	.word	0x10007694
100034e0:	1000769c 	.word	0x1000769c
100034e4:	10007ef0 	.word	0x10007ef0
100034e8:	3fe00000 	.word	0x3fe00000

100034ec <_vsnprintf>:
100034ec:	b5f0      	push	{r4, r5, r6, r7, lr}
100034ee:	46de      	mov	lr, fp
100034f0:	4657      	mov	r7, sl
100034f2:	464e      	mov	r6, r9
100034f4:	4645      	mov	r5, r8
100034f6:	b5e0      	push	{r5, r6, r7, lr}
100034f8:	b093      	sub	sp, #76	@ 0x4c
100034fa:	0007      	movs	r7, r0
100034fc:	468a      	mov	sl, r1
100034fe:	4693      	mov	fp, r2
10003500:	9311      	str	r3, [sp, #68]	@ 0x44
10003502:	2900      	cmp	r1, #0
10003504:	d100      	bne.n	10003508 <_vsnprintf+0x1c>
10003506:	e32c      	b.n	10003b62 <_vsnprintf+0x676>
10003508:	2500      	movs	r5, #0
1000350a:	e008      	b.n	1000351e <_vsnprintf+0x32>
1000350c:	1c6c      	adds	r4, r5, #1
1000350e:	465b      	mov	r3, fp
10003510:	002a      	movs	r2, r5
10003512:	4651      	mov	r1, sl
10003514:	47b8      	blx	r7
10003516:	9b11      	ldr	r3, [sp, #68]	@ 0x44
10003518:	3301      	adds	r3, #1
1000351a:	9311      	str	r3, [sp, #68]	@ 0x44
1000351c:	0025      	movs	r5, r4
1000351e:	9b11      	ldr	r3, [sp, #68]	@ 0x44
10003520:	7818      	ldrb	r0, [r3, #0]
10003522:	2800      	cmp	r0, #0
10003524:	d100      	bne.n	10003528 <_vsnprintf+0x3c>
10003526:	e31e      	b.n	10003b66 <_vsnprintf+0x67a>
10003528:	2825      	cmp	r0, #37	@ 0x25
1000352a:	d1ef      	bne.n	1000350c <_vsnprintf+0x20>
1000352c:	3301      	adds	r3, #1
1000352e:	9311      	str	r3, [sp, #68]	@ 0x44
10003530:	2300      	movs	r3, #0
10003532:	0018      	movs	r0, r3
10003534:	e020      	b.n	10003578 <_vsnprintf+0x8c>
10003536:	2301      	movs	r3, #1
10003538:	4318      	orrs	r0, r3
1000353a:	3201      	adds	r2, #1
1000353c:	9211      	str	r2, [sp, #68]	@ 0x44
1000353e:	2401      	movs	r4, #1
10003540:	e018      	b.n	10003574 <_vsnprintf+0x88>
10003542:	2302      	movs	r3, #2
10003544:	4318      	orrs	r0, r3
10003546:	3201      	adds	r2, #1
10003548:	9211      	str	r2, [sp, #68]	@ 0x44
1000354a:	2401      	movs	r4, #1
1000354c:	e012      	b.n	10003574 <_vsnprintf+0x88>
1000354e:	2304      	movs	r3, #4
10003550:	4318      	orrs	r0, r3
10003552:	3201      	adds	r2, #1
10003554:	9211      	str	r2, [sp, #68]	@ 0x44
10003556:	2401      	movs	r4, #1
10003558:	e00c      	b.n	10003574 <_vsnprintf+0x88>
1000355a:	2308      	movs	r3, #8
1000355c:	4318      	orrs	r0, r3
1000355e:	3201      	adds	r2, #1
10003560:	9211      	str	r2, [sp, #68]	@ 0x44
10003562:	2401      	movs	r4, #1
10003564:	e006      	b.n	10003574 <_vsnprintf+0x88>
10003566:	2310      	movs	r3, #16
10003568:	4318      	orrs	r0, r3
1000356a:	3201      	adds	r2, #1
1000356c:	9211      	str	r2, [sp, #68]	@ 0x44
1000356e:	2401      	movs	r4, #1
10003570:	e000      	b.n	10003574 <_vsnprintf+0x88>
10003572:	2400      	movs	r4, #0
10003574:	2c00      	cmp	r4, #0
10003576:	d009      	beq.n	1000358c <_vsnprintf+0xa0>
10003578:	9a11      	ldr	r2, [sp, #68]	@ 0x44
1000357a:	7813      	ldrb	r3, [r2, #0]
1000357c:	3b20      	subs	r3, #32
1000357e:	b2d9      	uxtb	r1, r3
10003580:	2910      	cmp	r1, #16
10003582:	d8f6      	bhi.n	10003572 <_vsnprintf+0x86>
10003584:	008b      	lsls	r3, r1, #2
10003586:	49c4      	ldr	r1, [pc, #784]	@ (10003898 <_vsnprintf+0x3ac>)
10003588:	58cb      	ldr	r3, [r1, r3]
1000358a:	469f      	mov	pc, r3
1000358c:	4681      	mov	r9, r0
1000358e:	9b11      	ldr	r3, [sp, #68]	@ 0x44
10003590:	781a      	ldrb	r2, [r3, #0]
10003592:	0013      	movs	r3, r2
10003594:	3b30      	subs	r3, #48	@ 0x30
10003596:	b2db      	uxtb	r3, r3
10003598:	2b09      	cmp	r3, #9
1000359a:	d910      	bls.n	100035be <_vsnprintf+0xd2>
1000359c:	2a2a      	cmp	r2, #42	@ 0x2a
1000359e:	d013      	beq.n	100035c8 <_vsnprintf+0xdc>
100035a0:	940b      	str	r4, [sp, #44]	@ 0x2c
100035a2:	9b11      	ldr	r3, [sp, #68]	@ 0x44
100035a4:	781a      	ldrb	r2, [r3, #0]
100035a6:	2a2e      	cmp	r2, #46	@ 0x2e
100035a8:	d020      	beq.n	100035ec <_vsnprintf+0x100>
100035aa:	9a11      	ldr	r2, [sp, #68]	@ 0x44
100035ac:	7813      	ldrb	r3, [r2, #0]
100035ae:	3b68      	subs	r3, #104	@ 0x68
100035b0:	b2d9      	uxtb	r1, r3
100035b2:	2912      	cmp	r1, #18
100035b4:	d865      	bhi.n	10003682 <_vsnprintf+0x196>
100035b6:	008b      	lsls	r3, r1, #2
100035b8:	49b8      	ldr	r1, [pc, #736]	@ (1000389c <_vsnprintf+0x3b0>)
100035ba:	58cb      	ldr	r3, [r1, r3]
100035bc:	469f      	mov	pc, r3
100035be:	a811      	add	r0, sp, #68	@ 0x44
100035c0:	f7ff fa08 	bl	100029d4 <_atoi>
100035c4:	900b      	str	r0, [sp, #44]	@ 0x2c
100035c6:	e7ec      	b.n	100035a2 <_vsnprintf+0xb6>
100035c8:	9b1c      	ldr	r3, [sp, #112]	@ 0x70
100035ca:	1d1a      	adds	r2, r3, #4
100035cc:	921c      	str	r2, [sp, #112]	@ 0x70
100035ce:	681b      	ldr	r3, [r3, #0]
100035d0:	2b00      	cmp	r3, #0
100035d2:	db04      	blt.n	100035de <_vsnprintf+0xf2>
100035d4:	930b      	str	r3, [sp, #44]	@ 0x2c
100035d6:	9b11      	ldr	r3, [sp, #68]	@ 0x44
100035d8:	3301      	adds	r3, #1
100035da:	9311      	str	r3, [sp, #68]	@ 0x44
100035dc:	e7e1      	b.n	100035a2 <_vsnprintf+0xb6>
100035de:	2202      	movs	r2, #2
100035e0:	0001      	movs	r1, r0
100035e2:	4311      	orrs	r1, r2
100035e4:	4689      	mov	r9, r1
100035e6:	425b      	negs	r3, r3
100035e8:	930b      	str	r3, [sp, #44]	@ 0x2c
100035ea:	e7f4      	b.n	100035d6 <_vsnprintf+0xea>
100035ec:	2280      	movs	r2, #128	@ 0x80
100035ee:	00d2      	lsls	r2, r2, #3
100035f0:	4649      	mov	r1, r9
100035f2:	4311      	orrs	r1, r2
100035f4:	4689      	mov	r9, r1
100035f6:	1c5a      	adds	r2, r3, #1
100035f8:	9211      	str	r2, [sp, #68]	@ 0x44
100035fa:	785a      	ldrb	r2, [r3, #1]
100035fc:	0013      	movs	r3, r2
100035fe:	3b30      	subs	r3, #48	@ 0x30
10003600:	b2db      	uxtb	r3, r3
10003602:	2b09      	cmp	r3, #9
10003604:	d90b      	bls.n	1000361e <_vsnprintf+0x132>
10003606:	2a2a      	cmp	r2, #42	@ 0x2a
10003608:	d1cf      	bne.n	100035aa <_vsnprintf+0xbe>
1000360a:	9b1c      	ldr	r3, [sp, #112]	@ 0x70
1000360c:	1d1a      	adds	r2, r3, #4
1000360e:	921c      	str	r2, [sp, #112]	@ 0x70
10003610:	681c      	ldr	r4, [r3, #0]
10003612:	2c00      	cmp	r4, #0
10003614:	db08      	blt.n	10003628 <_vsnprintf+0x13c>
10003616:	9b11      	ldr	r3, [sp, #68]	@ 0x44
10003618:	3301      	adds	r3, #1
1000361a:	9311      	str	r3, [sp, #68]	@ 0x44
1000361c:	e7c5      	b.n	100035aa <_vsnprintf+0xbe>
1000361e:	a811      	add	r0, sp, #68	@ 0x44
10003620:	f7ff f9d8 	bl	100029d4 <_atoi>
10003624:	0004      	movs	r4, r0
10003626:	e7c0      	b.n	100035aa <_vsnprintf+0xbe>
10003628:	2400      	movs	r4, #0
1000362a:	e7f4      	b.n	10003616 <_vsnprintf+0x12a>
1000362c:	2380      	movs	r3, #128	@ 0x80
1000362e:	005b      	lsls	r3, r3, #1
10003630:	4649      	mov	r1, r9
10003632:	430b      	orrs	r3, r1
10003634:	1c51      	adds	r1, r2, #1
10003636:	9111      	str	r1, [sp, #68]	@ 0x44
10003638:	7851      	ldrb	r1, [r2, #1]
1000363a:	296c      	cmp	r1, #108	@ 0x6c
1000363c:	d001      	beq.n	10003642 <_vsnprintf+0x156>
1000363e:	4699      	mov	r9, r3
10003640:	e01f      	b.n	10003682 <_vsnprintf+0x196>
10003642:	23c0      	movs	r3, #192	@ 0xc0
10003644:	009b      	lsls	r3, r3, #2
10003646:	4649      	mov	r1, r9
10003648:	4319      	orrs	r1, r3
1000364a:	4689      	mov	r9, r1
1000364c:	3202      	adds	r2, #2
1000364e:	9211      	str	r2, [sp, #68]	@ 0x44
10003650:	e017      	b.n	10003682 <_vsnprintf+0x196>
10003652:	2380      	movs	r3, #128	@ 0x80
10003654:	4649      	mov	r1, r9
10003656:	430b      	orrs	r3, r1
10003658:	1c51      	adds	r1, r2, #1
1000365a:	9111      	str	r1, [sp, #68]	@ 0x44
1000365c:	7851      	ldrb	r1, [r2, #1]
1000365e:	2968      	cmp	r1, #104	@ 0x68
10003660:	d001      	beq.n	10003666 <_vsnprintf+0x17a>
10003662:	4699      	mov	r9, r3
10003664:	e00d      	b.n	10003682 <_vsnprintf+0x196>
10003666:	23c0      	movs	r3, #192	@ 0xc0
10003668:	4649      	mov	r1, r9
1000366a:	4319      	orrs	r1, r3
1000366c:	4689      	mov	r9, r1
1000366e:	3202      	adds	r2, #2
10003670:	9211      	str	r2, [sp, #68]	@ 0x44
10003672:	e006      	b.n	10003682 <_vsnprintf+0x196>
10003674:	2380      	movs	r3, #128	@ 0x80
10003676:	005b      	lsls	r3, r3, #1
10003678:	4649      	mov	r1, r9
1000367a:	4319      	orrs	r1, r3
1000367c:	4689      	mov	r9, r1
1000367e:	3201      	adds	r2, #1
10003680:	9211      	str	r2, [sp, #68]	@ 0x44
10003682:	9b11      	ldr	r3, [sp, #68]	@ 0x44
10003684:	7818      	ldrb	r0, [r3, #0]
10003686:	2867      	cmp	r0, #103	@ 0x67
10003688:	d81c      	bhi.n	100036c4 <_vsnprintf+0x1d8>
1000368a:	2825      	cmp	r0, #37	@ 0x25
1000368c:	d200      	bcs.n	10003690 <_vsnprintf+0x1a4>
1000368e:	e25e      	b.n	10003b4e <_vsnprintf+0x662>
10003690:	0003      	movs	r3, r0
10003692:	3b25      	subs	r3, #37	@ 0x25
10003694:	b2da      	uxtb	r2, r3
10003696:	2a42      	cmp	r2, #66	@ 0x42
10003698:	d900      	bls.n	1000369c <_vsnprintf+0x1b0>
1000369a:	e258      	b.n	10003b4e <_vsnprintf+0x662>
1000369c:	0093      	lsls	r3, r2, #2
1000369e:	4a80      	ldr	r2, [pc, #512]	@ (100038a0 <_vsnprintf+0x3b4>)
100036a0:	58d3      	ldr	r3, [r2, r3]
100036a2:	469f      	mov	pc, r3
100036a4:	2380      	movs	r3, #128	@ 0x80
100036a6:	009b      	lsls	r3, r3, #2
100036a8:	4649      	mov	r1, r9
100036aa:	4319      	orrs	r1, r3
100036ac:	4689      	mov	r9, r1
100036ae:	3201      	adds	r2, #1
100036b0:	9211      	str	r2, [sp, #68]	@ 0x44
100036b2:	e7e6      	b.n	10003682 <_vsnprintf+0x196>
100036b4:	2380      	movs	r3, #128	@ 0x80
100036b6:	005b      	lsls	r3, r3, #1
100036b8:	4649      	mov	r1, r9
100036ba:	4319      	orrs	r1, r3
100036bc:	4689      	mov	r9, r1
100036be:	3201      	adds	r2, #1
100036c0:	9211      	str	r2, [sp, #68]	@ 0x44
100036c2:	e7de      	b.n	10003682 <_vsnprintf+0x196>
100036c4:	2878      	cmp	r0, #120	@ 0x78
100036c6:	d900      	bls.n	100036ca <_vsnprintf+0x1de>
100036c8:	e241      	b.n	10003b4e <_vsnprintf+0x662>
100036ca:	2869      	cmp	r0, #105	@ 0x69
100036cc:	d200      	bcs.n	100036d0 <_vsnprintf+0x1e4>
100036ce:	e23e      	b.n	10003b4e <_vsnprintf+0x662>
100036d0:	0002      	movs	r2, r0
100036d2:	3a69      	subs	r2, #105	@ 0x69
100036d4:	b2d2      	uxtb	r2, r2
100036d6:	2301      	movs	r3, #1
100036d8:	4093      	lsls	r3, r2
100036da:	4a72      	ldr	r2, [pc, #456]	@ (100038a4 <_vsnprintf+0x3b8>)
100036dc:	4213      	tst	r3, r2
100036de:	d110      	bne.n	10003702 <_vsnprintf+0x216>
100036e0:	061a      	lsls	r2, r3, #24
100036e2:	d500      	bpl.n	100036e6 <_vsnprintf+0x1fa>
100036e4:	e20c      	b.n	10003b00 <_vsnprintf+0x614>
100036e6:	055b      	lsls	r3, r3, #21
100036e8:	d400      	bmi.n	100036ec <_vsnprintf+0x200>
100036ea:	e230      	b.n	10003b4e <_vsnprintf+0x662>
100036ec:	9b1c      	ldr	r3, [sp, #112]	@ 0x70
100036ee:	1d1a      	adds	r2, r3, #4
100036f0:	921c      	str	r2, [sp, #112]	@ 0x70
100036f2:	681e      	ldr	r6, [r3, #0]
100036f4:	2c00      	cmp	r4, #0
100036f6:	d000      	beq.n	100036fa <_vsnprintf+0x20e>
100036f8:	e1ba      	b.n	10003a70 <_vsnprintf+0x584>
100036fa:	2201      	movs	r2, #1
100036fc:	4252      	negs	r2, r2
100036fe:	0033      	movs	r3, r6
10003700:	e196      	b.n	10003a30 <_vsnprintf+0x544>
10003702:	286f      	cmp	r0, #111	@ 0x6f
10003704:	d042      	beq.n	1000378c <_vsnprintf+0x2a0>
10003706:	d805      	bhi.n	10003714 <_vsnprintf+0x228>
10003708:	2858      	cmp	r0, #88	@ 0x58
1000370a:	d041      	beq.n	10003790 <_vsnprintf+0x2a4>
1000370c:	2862      	cmp	r0, #98	@ 0x62
1000370e:	d103      	bne.n	10003718 <_vsnprintf+0x22c>
10003710:	2602      	movs	r6, #2
10003712:	e006      	b.n	10003722 <_vsnprintf+0x236>
10003714:	2878      	cmp	r0, #120	@ 0x78
10003716:	d03d      	beq.n	10003794 <_vsnprintf+0x2a8>
10003718:	2310      	movs	r3, #16
1000371a:	464a      	mov	r2, r9
1000371c:	439a      	bics	r2, r3
1000371e:	4691      	mov	r9, r2
10003720:	260a      	movs	r6, #10
10003722:	2858      	cmp	r0, #88	@ 0x58
10003724:	d038      	beq.n	10003798 <_vsnprintf+0x2ac>
10003726:	2869      	cmp	r0, #105	@ 0x69
10003728:	d005      	beq.n	10003736 <_vsnprintf+0x24a>
1000372a:	2864      	cmp	r0, #100	@ 0x64
1000372c:	d003      	beq.n	10003736 <_vsnprintf+0x24a>
1000372e:	220c      	movs	r2, #12
10003730:	464b      	mov	r3, r9
10003732:	4393      	bics	r3, r2
10003734:	4699      	mov	r9, r3
10003736:	464b      	mov	r3, r9
10003738:	055a      	lsls	r2, r3, #21
1000373a:	d502      	bpl.n	10003742 <_vsnprintf+0x256>
1000373c:	2201      	movs	r2, #1
1000373e:	4393      	bics	r3, r2
10003740:	4699      	mov	r9, r3
10003742:	2869      	cmp	r0, #105	@ 0x69
10003744:	d02d      	beq.n	100037a2 <_vsnprintf+0x2b6>
10003746:	2864      	cmp	r0, #100	@ 0x64
10003748:	d02b      	beq.n	100037a2 <_vsnprintf+0x2b6>
1000374a:	464b      	mov	r3, r9
1000374c:	059a      	lsls	r2, r3, #22
1000374e:	d500      	bpl.n	10003752 <_vsnprintf+0x266>
10003750:	e0aa      	b.n	100038a8 <_vsnprintf+0x3bc>
10003752:	05da      	lsls	r2, r3, #23
10003754:	d500      	bpl.n	10003758 <_vsnprintf+0x26c>
10003756:	e0c2      	b.n	100038de <_vsnprintf+0x3f2>
10003758:	065a      	lsls	r2, r3, #25
1000375a:	d400      	bmi.n	1000375e <_vsnprintf+0x272>
1000375c:	e0d3      	b.n	10003906 <_vsnprintf+0x41a>
1000375e:	9a1c      	ldr	r2, [sp, #112]	@ 0x70
10003760:	1d11      	adds	r1, r2, #4
10003762:	911c      	str	r1, [sp, #112]	@ 0x70
10003764:	6811      	ldr	r1, [r2, #0]
10003766:	22ff      	movs	r2, #255	@ 0xff
10003768:	400a      	ands	r2, r1
1000376a:	464b      	mov	r3, r9
1000376c:	9305      	str	r3, [sp, #20]
1000376e:	9b0b      	ldr	r3, [sp, #44]	@ 0x2c
10003770:	9304      	str	r3, [sp, #16]
10003772:	9403      	str	r4, [sp, #12]
10003774:	9602      	str	r6, [sp, #8]
10003776:	2300      	movs	r3, #0
10003778:	9301      	str	r3, [sp, #4]
1000377a:	9200      	str	r2, [sp, #0]
1000377c:	465b      	mov	r3, fp
1000377e:	002a      	movs	r2, r5
10003780:	4651      	mov	r1, sl
10003782:	0038      	movs	r0, r7
10003784:	f7ff fa17 	bl	10002bb6 <_ntoa_long>
10003788:	0005      	movs	r5, r0
1000378a:	e02a      	b.n	100037e2 <_vsnprintf+0x2f6>
1000378c:	2608      	movs	r6, #8
1000378e:	e7c8      	b.n	10003722 <_vsnprintf+0x236>
10003790:	2610      	movs	r6, #16
10003792:	e7c6      	b.n	10003722 <_vsnprintf+0x236>
10003794:	2610      	movs	r6, #16
10003796:	e7c4      	b.n	10003722 <_vsnprintf+0x236>
10003798:	2220      	movs	r2, #32
1000379a:	464b      	mov	r3, r9
1000379c:	4313      	orrs	r3, r2
1000379e:	4699      	mov	r9, r3
100037a0:	e7c1      	b.n	10003726 <_vsnprintf+0x23a>
100037a2:	464b      	mov	r3, r9
100037a4:	059a      	lsls	r2, r3, #22
100037a6:	d420      	bmi.n	100037ea <_vsnprintf+0x2fe>
100037a8:	05da      	lsls	r2, r3, #23
100037aa:	d451      	bmi.n	10003850 <_vsnprintf+0x364>
100037ac:	065a      	lsls	r2, r3, #25
100037ae:	d566      	bpl.n	1000387e <_vsnprintf+0x392>
100037b0:	9a1c      	ldr	r2, [sp, #112]	@ 0x70
100037b2:	1d11      	adds	r1, r2, #4
100037b4:	911c      	str	r1, [sp, #112]	@ 0x70
100037b6:	6811      	ldr	r1, [r2, #0]
100037b8:	22ff      	movs	r2, #255	@ 0xff
100037ba:	400a      	ands	r2, r1
100037bc:	17d0      	asrs	r0, r2, #31
100037be:	1811      	adds	r1, r2, r0
100037c0:	4041      	eors	r1, r0
100037c2:	464b      	mov	r3, r9
100037c4:	9305      	str	r3, [sp, #20]
100037c6:	9b0b      	ldr	r3, [sp, #44]	@ 0x2c
100037c8:	9304      	str	r3, [sp, #16]
100037ca:	9403      	str	r4, [sp, #12]
100037cc:	9602      	str	r6, [sp, #8]
100037ce:	0fd2      	lsrs	r2, r2, #31
100037d0:	9201      	str	r2, [sp, #4]
100037d2:	9100      	str	r1, [sp, #0]
100037d4:	465b      	mov	r3, fp
100037d6:	002a      	movs	r2, r5
100037d8:	4651      	mov	r1, sl
100037da:	0038      	movs	r0, r7
100037dc:	f7ff f9eb 	bl	10002bb6 <_ntoa_long>
100037e0:	0005      	movs	r5, r0
100037e2:	9b11      	ldr	r3, [sp, #68]	@ 0x44
100037e4:	3301      	adds	r3, #1
100037e6:	9311      	str	r3, [sp, #68]	@ 0x44
100037e8:	e699      	b.n	1000351e <_vsnprintf+0x32>
100037ea:	9a1c      	ldr	r2, [sp, #112]	@ 0x70
100037ec:	3207      	adds	r2, #7
100037ee:	2107      	movs	r1, #7
100037f0:	438a      	bics	r2, r1
100037f2:	0011      	movs	r1, r2
100037f4:	3108      	adds	r1, #8
100037f6:	911c      	str	r1, [sp, #112]	@ 0x70
100037f8:	6811      	ldr	r1, [r2, #0]
100037fa:	6853      	ldr	r3, [r2, #4]
100037fc:	469c      	mov	ip, r3
100037fe:	17db      	asrs	r3, r3, #31
10003800:	930c      	str	r3, [sp, #48]	@ 0x30
10003802:	930d      	str	r3, [sp, #52]	@ 0x34
10003804:	9a0c      	ldr	r2, [sp, #48]	@ 0x30
10003806:	9b0d      	ldr	r3, [sp, #52]	@ 0x34
10003808:	0010      	movs	r0, r2
1000380a:	4048      	eors	r0, r1
1000380c:	900e      	str	r0, [sp, #56]	@ 0x38
1000380e:	9b0d      	ldr	r3, [sp, #52]	@ 0x34
10003810:	4661      	mov	r1, ip
10003812:	404b      	eors	r3, r1
10003814:	930f      	str	r3, [sp, #60]	@ 0x3c
10003816:	980e      	ldr	r0, [sp, #56]	@ 0x38
10003818:	990f      	ldr	r1, [sp, #60]	@ 0x3c
1000381a:	9a0c      	ldr	r2, [sp, #48]	@ 0x30
1000381c:	9b0d      	ldr	r3, [sp, #52]	@ 0x34
1000381e:	1a80      	subs	r0, r0, r2
10003820:	4199      	sbcs	r1, r3
10003822:	900e      	str	r0, [sp, #56]	@ 0x38
10003824:	910f      	str	r1, [sp, #60]	@ 0x3c
10003826:	464b      	mov	r3, r9
10003828:	9308      	str	r3, [sp, #32]
1000382a:	9b0b      	ldr	r3, [sp, #44]	@ 0x2c
1000382c:	9307      	str	r3, [sp, #28]
1000382e:	9406      	str	r4, [sp, #24]
10003830:	9604      	str	r6, [sp, #16]
10003832:	2300      	movs	r3, #0
10003834:	9305      	str	r3, [sp, #20]
10003836:	4663      	mov	r3, ip
10003838:	0fda      	lsrs	r2, r3, #31
1000383a:	9202      	str	r2, [sp, #8]
1000383c:	9000      	str	r0, [sp, #0]
1000383e:	9101      	str	r1, [sp, #4]
10003840:	465b      	mov	r3, fp
10003842:	002a      	movs	r2, r5
10003844:	4651      	mov	r1, sl
10003846:	0038      	movs	r0, r7
10003848:	f7ff fa13 	bl	10002c72 <_ntoa_long_long>
1000384c:	0005      	movs	r5, r0
1000384e:	e7c8      	b.n	100037e2 <_vsnprintf+0x2f6>
10003850:	9a1c      	ldr	r2, [sp, #112]	@ 0x70
10003852:	1d11      	adds	r1, r2, #4
10003854:	911c      	str	r1, [sp, #112]	@ 0x70
10003856:	6812      	ldr	r2, [r2, #0]
10003858:	17d0      	asrs	r0, r2, #31
1000385a:	1811      	adds	r1, r2, r0
1000385c:	4041      	eors	r1, r0
1000385e:	9305      	str	r3, [sp, #20]
10003860:	9b0b      	ldr	r3, [sp, #44]	@ 0x2c
10003862:	9304      	str	r3, [sp, #16]
10003864:	9403      	str	r4, [sp, #12]
10003866:	9602      	str	r6, [sp, #8]
10003868:	0fd2      	lsrs	r2, r2, #31
1000386a:	9201      	str	r2, [sp, #4]
1000386c:	9100      	str	r1, [sp, #0]
1000386e:	465b      	mov	r3, fp
10003870:	002a      	movs	r2, r5
10003872:	4651      	mov	r1, sl
10003874:	0038      	movs	r0, r7
10003876:	f7ff f99e 	bl	10002bb6 <_ntoa_long>
1000387a:	0005      	movs	r5, r0
1000387c:	e7b1      	b.n	100037e2 <_vsnprintf+0x2f6>
1000387e:	061a      	lsls	r2, r3, #24
10003880:	d505      	bpl.n	1000388e <_vsnprintf+0x3a2>
10003882:	9a1c      	ldr	r2, [sp, #112]	@ 0x70
10003884:	1d11      	adds	r1, r2, #4
10003886:	911c      	str	r1, [sp, #112]	@ 0x70
10003888:	2300      	movs	r3, #0
1000388a:	5ed2      	ldrsh	r2, [r2, r3]
1000388c:	e796      	b.n	100037bc <_vsnprintf+0x2d0>
1000388e:	9a1c      	ldr	r2, [sp, #112]	@ 0x70
10003890:	1d11      	adds	r1, r2, #4
10003892:	911c      	str	r1, [sp, #112]	@ 0x70
10003894:	6812      	ldr	r2, [r2, #0]
10003896:	e791      	b.n	100037bc <_vsnprintf+0x2d0>
10003898:	10007d54 	.word	0x10007d54
1000389c:	10007d98 	.word	0x10007d98
100038a0:	10007de4 	.word	0x10007de4
100038a4:	00009041 	.word	0x00009041
100038a8:	9a1c      	ldr	r2, [sp, #112]	@ 0x70
100038aa:	3207      	adds	r2, #7
100038ac:	2107      	movs	r1, #7
100038ae:	438a      	bics	r2, r1
100038b0:	0011      	movs	r1, r2
100038b2:	3108      	adds	r1, #8
100038b4:	911c      	str	r1, [sp, #112]	@ 0x70
100038b6:	9308      	str	r3, [sp, #32]
100038b8:	9b0b      	ldr	r3, [sp, #44]	@ 0x2c
100038ba:	9307      	str	r3, [sp, #28]
100038bc:	9406      	str	r4, [sp, #24]
100038be:	9604      	str	r6, [sp, #16]
100038c0:	2300      	movs	r3, #0
100038c2:	9305      	str	r3, [sp, #20]
100038c4:	9302      	str	r3, [sp, #8]
100038c6:	6853      	ldr	r3, [r2, #4]
100038c8:	6812      	ldr	r2, [r2, #0]
100038ca:	9200      	str	r2, [sp, #0]
100038cc:	9301      	str	r3, [sp, #4]
100038ce:	465b      	mov	r3, fp
100038d0:	002a      	movs	r2, r5
100038d2:	4651      	mov	r1, sl
100038d4:	0038      	movs	r0, r7
100038d6:	f7ff f9cc 	bl	10002c72 <_ntoa_long_long>
100038da:	0005      	movs	r5, r0
100038dc:	e781      	b.n	100037e2 <_vsnprintf+0x2f6>
100038de:	9a1c      	ldr	r2, [sp, #112]	@ 0x70
100038e0:	1d11      	adds	r1, r2, #4
100038e2:	911c      	str	r1, [sp, #112]	@ 0x70
100038e4:	9305      	str	r3, [sp, #20]
100038e6:	9b0b      	ldr	r3, [sp, #44]	@ 0x2c
100038e8:	9304      	str	r3, [sp, #16]
100038ea:	9403      	str	r4, [sp, #12]
100038ec:	9602      	str	r6, [sp, #8]
100038ee:	2300      	movs	r3, #0
100038f0:	9301      	str	r3, [sp, #4]
100038f2:	6813      	ldr	r3, [r2, #0]
100038f4:	9300      	str	r3, [sp, #0]
100038f6:	465b      	mov	r3, fp
100038f8:	002a      	movs	r2, r5
100038fa:	4651      	mov	r1, sl
100038fc:	0038      	movs	r0, r7
100038fe:	f7ff f95a 	bl	10002bb6 <_ntoa_long>
10003902:	0005      	movs	r5, r0
10003904:	e76d      	b.n	100037e2 <_vsnprintf+0x2f6>
10003906:	061a      	lsls	r2, r3, #24
10003908:	d506      	bpl.n	10003918 <_vsnprintf+0x42c>
1000390a:	9a1c      	ldr	r2, [sp, #112]	@ 0x70
1000390c:	1d11      	adds	r1, r2, #4
1000390e:	911c      	str	r1, [sp, #112]	@ 0x70
10003910:	6812      	ldr	r2, [r2, #0]
10003912:	0412      	lsls	r2, r2, #16
10003914:	0c12      	lsrs	r2, r2, #16
10003916:	e728      	b.n	1000376a <_vsnprintf+0x27e>
10003918:	9a1c      	ldr	r2, [sp, #112]	@ 0x70
1000391a:	1d11      	adds	r1, r2, #4
1000391c:	911c      	str	r1, [sp, #112]	@ 0x70
1000391e:	6812      	ldr	r2, [r2, #0]
10003920:	e723      	b.n	1000376a <_vsnprintf+0x27e>
10003922:	2846      	cmp	r0, #70	@ 0x46
10003924:	d01a      	beq.n	1000395c <_vsnprintf+0x470>
10003926:	9b1c      	ldr	r3, [sp, #112]	@ 0x70
10003928:	3307      	adds	r3, #7
1000392a:	2207      	movs	r2, #7
1000392c:	4393      	bics	r3, r2
1000392e:	001a      	movs	r2, r3
10003930:	3208      	adds	r2, #8
10003932:	921c      	str	r2, [sp, #112]	@ 0x70
10003934:	464a      	mov	r2, r9
10003936:	9204      	str	r2, [sp, #16]
10003938:	9a0b      	ldr	r2, [sp, #44]	@ 0x2c
1000393a:	9203      	str	r2, [sp, #12]
1000393c:	9402      	str	r4, [sp, #8]
1000393e:	681a      	ldr	r2, [r3, #0]
10003940:	685b      	ldr	r3, [r3, #4]
10003942:	9200      	str	r2, [sp, #0]
10003944:	9301      	str	r3, [sp, #4]
10003946:	465b      	mov	r3, fp
10003948:	002a      	movs	r2, r5
1000394a:	4651      	mov	r1, sl
1000394c:	0038      	movs	r0, r7
1000394e:	f7ff fc29 	bl	100031a4 <_ftoa>
10003952:	0005      	movs	r5, r0
10003954:	9b11      	ldr	r3, [sp, #68]	@ 0x44
10003956:	3301      	adds	r3, #1
10003958:	9311      	str	r3, [sp, #68]	@ 0x44
1000395a:	e5e0      	b.n	1000351e <_vsnprintf+0x32>
1000395c:	2320      	movs	r3, #32
1000395e:	464a      	mov	r2, r9
10003960:	431a      	orrs	r2, r3
10003962:	4691      	mov	r9, r2
10003964:	e7df      	b.n	10003926 <_vsnprintf+0x43a>
10003966:	2867      	cmp	r0, #103	@ 0x67
10003968:	d001      	beq.n	1000396e <_vsnprintf+0x482>
1000396a:	2847      	cmp	r0, #71	@ 0x47
1000396c:	d104      	bne.n	10003978 <_vsnprintf+0x48c>
1000396e:	2380      	movs	r3, #128	@ 0x80
10003970:	011b      	lsls	r3, r3, #4
10003972:	464a      	mov	r2, r9
10003974:	431a      	orrs	r2, r3
10003976:	4691      	mov	r9, r2
10003978:	2845      	cmp	r0, #69	@ 0x45
1000397a:	d001      	beq.n	10003980 <_vsnprintf+0x494>
1000397c:	2847      	cmp	r0, #71	@ 0x47
1000397e:	d103      	bne.n	10003988 <_vsnprintf+0x49c>
10003980:	2320      	movs	r3, #32
10003982:	464a      	mov	r2, r9
10003984:	431a      	orrs	r2, r3
10003986:	4691      	mov	r9, r2
10003988:	9b1c      	ldr	r3, [sp, #112]	@ 0x70
1000398a:	3307      	adds	r3, #7
1000398c:	2207      	movs	r2, #7
1000398e:	4393      	bics	r3, r2
10003990:	001a      	movs	r2, r3
10003992:	3208      	adds	r2, #8
10003994:	921c      	str	r2, [sp, #112]	@ 0x70
10003996:	464a      	mov	r2, r9
10003998:	9204      	str	r2, [sp, #16]
1000399a:	9a0b      	ldr	r2, [sp, #44]	@ 0x2c
1000399c:	9203      	str	r2, [sp, #12]
1000399e:	9402      	str	r4, [sp, #8]
100039a0:	681a      	ldr	r2, [r3, #0]
100039a2:	685b      	ldr	r3, [r3, #4]
100039a4:	9200      	str	r2, [sp, #0]
100039a6:	9301      	str	r3, [sp, #4]
100039a8:	465b      	mov	r3, fp
100039aa:	002a      	movs	r2, r5
100039ac:	4651      	mov	r1, sl
100039ae:	0038      	movs	r0, r7
100039b0:	f7ff f9e6 	bl	10002d80 <_etoa>
100039b4:	0005      	movs	r5, r0
100039b6:	9b11      	ldr	r3, [sp, #68]	@ 0x44
100039b8:	3301      	adds	r3, #1
100039ba:	9311      	str	r3, [sp, #68]	@ 0x44
100039bc:	e5af      	b.n	1000351e <_vsnprintf+0x32>
100039be:	2302      	movs	r3, #2
100039c0:	464e      	mov	r6, r9
100039c2:	401e      	ands	r6, r3
100039c4:	464a      	mov	r2, r9
100039c6:	4213      	tst	r3, r2
100039c8:	d01e      	beq.n	10003a08 <_vsnprintf+0x51c>
100039ca:	2401      	movs	r4, #1
100039cc:	9b1c      	ldr	r3, [sp, #112]	@ 0x70
100039ce:	1d1a      	adds	r2, r3, #4
100039d0:	921c      	str	r2, [sp, #112]	@ 0x70
100039d2:	1c6a      	adds	r2, r5, #1
100039d4:	4690      	mov	r8, r2
100039d6:	7818      	ldrb	r0, [r3, #0]
100039d8:	465b      	mov	r3, fp
100039da:	002a      	movs	r2, r5
100039dc:	4651      	mov	r1, sl
100039de:	47b8      	blx	r7
100039e0:	2e00      	cmp	r6, #0
100039e2:	d114      	bne.n	10003a0e <_vsnprintf+0x522>
100039e4:	9b11      	ldr	r3, [sp, #68]	@ 0x44
100039e6:	3301      	adds	r3, #1
100039e8:	9311      	str	r3, [sp, #68]	@ 0x44
100039ea:	4645      	mov	r5, r8
100039ec:	e597      	b.n	1000351e <_vsnprintf+0x32>
100039ee:	1c55      	adds	r5, r2, #1
100039f0:	465b      	mov	r3, fp
100039f2:	4651      	mov	r1, sl
100039f4:	2020      	movs	r0, #32
100039f6:	47b8      	blx	r7
100039f8:	0023      	movs	r3, r4
100039fa:	002a      	movs	r2, r5
100039fc:	1c5c      	adds	r4, r3, #1
100039fe:	990b      	ldr	r1, [sp, #44]	@ 0x2c
10003a00:	4299      	cmp	r1, r3
10003a02:	d8f4      	bhi.n	100039ee <_vsnprintf+0x502>
10003a04:	0015      	movs	r5, r2
10003a06:	e7e1      	b.n	100039cc <_vsnprintf+0x4e0>
10003a08:	2301      	movs	r3, #1
10003a0a:	002a      	movs	r2, r5
10003a0c:	e7f6      	b.n	100039fc <_vsnprintf+0x510>
10003a0e:	4642      	mov	r2, r8
10003a10:	e006      	b.n	10003a20 <_vsnprintf+0x534>
10003a12:	1c56      	adds	r6, r2, #1
10003a14:	465b      	mov	r3, fp
10003a16:	4651      	mov	r1, sl
10003a18:	2020      	movs	r0, #32
10003a1a:	47b8      	blx	r7
10003a1c:	002c      	movs	r4, r5
10003a1e:	0032      	movs	r2, r6
10003a20:	1c65      	adds	r5, r4, #1
10003a22:	9b0b      	ldr	r3, [sp, #44]	@ 0x2c
10003a24:	42a3      	cmp	r3, r4
10003a26:	d8f4      	bhi.n	10003a12 <_vsnprintf+0x526>
10003a28:	4690      	mov	r8, r2
10003a2a:	e7db      	b.n	100039e4 <_vsnprintf+0x4f8>
10003a2c:	3301      	adds	r3, #1
10003a2e:	000a      	movs	r2, r1
10003a30:	7819      	ldrb	r1, [r3, #0]
10003a32:	2900      	cmp	r1, #0
10003a34:	d002      	beq.n	10003a3c <_vsnprintf+0x550>
10003a36:	1e51      	subs	r1, r2, #1
10003a38:	2a00      	cmp	r2, #0
10003a3a:	d1f7      	bne.n	10003a2c <_vsnprintf+0x540>
10003a3c:	1b9b      	subs	r3, r3, r6
10003a3e:	2280      	movs	r2, #128	@ 0x80
10003a40:	00d2      	lsls	r2, r2, #3
10003a42:	4649      	mov	r1, r9
10003a44:	4011      	ands	r1, r2
10003a46:	4688      	mov	r8, r1
10003a48:	4649      	mov	r1, r9
10003a4a:	4211      	tst	r1, r2
10003a4c:	d002      	beq.n	10003a54 <_vsnprintf+0x568>
10003a4e:	42a3      	cmp	r3, r4
10003a50:	d900      	bls.n	10003a54 <_vsnprintf+0x568>
10003a52:	0023      	movs	r3, r4
10003a54:	2202      	movs	r2, #2
10003a56:	4649      	mov	r1, r9
10003a58:	4011      	ands	r1, r2
10003a5a:	9110      	str	r1, [sp, #64]	@ 0x40
10003a5c:	4649      	mov	r1, r9
10003a5e:	420a      	tst	r2, r1
10003a60:	d008      	beq.n	10003a74 <_vsnprintf+0x588>
10003a62:	002a      	movs	r2, r5
10003a64:	0025      	movs	r5, r4
10003a66:	4699      	mov	r9, r3
10003a68:	003b      	movs	r3, r7
10003a6a:	4647      	mov	r7, r8
10003a6c:	4698      	mov	r8, r3
10003a6e:	e026      	b.n	10003abe <_vsnprintf+0x5d2>
10003a70:	0022      	movs	r2, r4
10003a72:	e644      	b.n	100036fe <_vsnprintf+0x212>
10003a74:	46a1      	mov	r9, r4
10003a76:	002a      	movs	r2, r5
10003a78:	4651      	mov	r1, sl
10003a7a:	46b2      	mov	sl, r6
10003a7c:	000e      	movs	r6, r1
10003a7e:	e006      	b.n	10003a8e <_vsnprintf+0x5a2>
10003a80:	1c55      	adds	r5, r2, #1
10003a82:	465b      	mov	r3, fp
10003a84:	0031      	movs	r1, r6
10003a86:	2020      	movs	r0, #32
10003a88:	47b8      	blx	r7
10003a8a:	0023      	movs	r3, r4
10003a8c:	002a      	movs	r2, r5
10003a8e:	1c5c      	adds	r4, r3, #1
10003a90:	990b      	ldr	r1, [sp, #44]	@ 0x2c
10003a92:	4299      	cmp	r1, r3
10003a94:	d8f4      	bhi.n	10003a80 <_vsnprintf+0x594>
10003a96:	0015      	movs	r5, r2
10003a98:	0022      	movs	r2, r4
10003a9a:	464c      	mov	r4, r9
10003a9c:	0033      	movs	r3, r6
10003a9e:	4656      	mov	r6, sl
10003aa0:	469a      	mov	sl, r3
10003aa2:	4691      	mov	r9, r2
10003aa4:	002a      	movs	r2, r5
10003aa6:	0025      	movs	r5, r4
10003aa8:	003b      	movs	r3, r7
10003aaa:	4647      	mov	r7, r8
10003aac:	4698      	mov	r8, r3
10003aae:	e006      	b.n	10003abe <_vsnprintf+0x5d2>
10003ab0:	001d      	movs	r5, r3
10003ab2:	3601      	adds	r6, #1
10003ab4:	1c54      	adds	r4, r2, #1
10003ab6:	465b      	mov	r3, fp
10003ab8:	4651      	mov	r1, sl
10003aba:	47c0      	blx	r8
10003abc:	0022      	movs	r2, r4
10003abe:	7830      	ldrb	r0, [r6, #0]
10003ac0:	2800      	cmp	r0, #0
10003ac2:	d004      	beq.n	10003ace <_vsnprintf+0x5e2>
10003ac4:	2f00      	cmp	r7, #0
10003ac6:	d0f4      	beq.n	10003ab2 <_vsnprintf+0x5c6>
10003ac8:	1e6b      	subs	r3, r5, #1
10003aca:	2d00      	cmp	r5, #0
10003acc:	d1f0      	bne.n	10003ab0 <_vsnprintf+0x5c4>
10003ace:	0015      	movs	r5, r2
10003ad0:	464b      	mov	r3, r9
10003ad2:	4647      	mov	r7, r8
10003ad4:	9a10      	ldr	r2, [sp, #64]	@ 0x40
10003ad6:	2a00      	cmp	r2, #0
10003ad8:	d103      	bne.n	10003ae2 <_vsnprintf+0x5f6>
10003ada:	9b11      	ldr	r3, [sp, #68]	@ 0x44
10003adc:	3301      	adds	r3, #1
10003ade:	9311      	str	r3, [sp, #68]	@ 0x44
10003ae0:	e51d      	b.n	1000351e <_vsnprintf+0x32>
10003ae2:	9e0b      	ldr	r6, [sp, #44]	@ 0x2c
10003ae4:	002a      	movs	r2, r5
10003ae6:	e006      	b.n	10003af6 <_vsnprintf+0x60a>
10003ae8:	1c55      	adds	r5, r2, #1
10003aea:	465b      	mov	r3, fp
10003aec:	4651      	mov	r1, sl
10003aee:	2020      	movs	r0, #32
10003af0:	47b8      	blx	r7
10003af2:	0023      	movs	r3, r4
10003af4:	002a      	movs	r2, r5
10003af6:	1c5c      	adds	r4, r3, #1
10003af8:	429e      	cmp	r6, r3
10003afa:	d8f5      	bhi.n	10003ae8 <_vsnprintf+0x5fc>
10003afc:	0015      	movs	r5, r2
10003afe:	e7ec      	b.n	10003ada <_vsnprintf+0x5ee>
10003b00:	2321      	movs	r3, #33	@ 0x21
10003b02:	464a      	mov	r2, r9
10003b04:	431a      	orrs	r2, r3
10003b06:	0013      	movs	r3, r2
10003b08:	9a1c      	ldr	r2, [sp, #112]	@ 0x70
10003b0a:	1d11      	adds	r1, r2, #4
10003b0c:	911c      	str	r1, [sp, #112]	@ 0x70
10003b0e:	6812      	ldr	r2, [r2, #0]
10003b10:	9305      	str	r3, [sp, #20]
10003b12:	2308      	movs	r3, #8
10003b14:	9304      	str	r3, [sp, #16]
10003b16:	9403      	str	r4, [sp, #12]
10003b18:	3308      	adds	r3, #8
10003b1a:	9302      	str	r3, [sp, #8]
10003b1c:	2300      	movs	r3, #0
10003b1e:	9301      	str	r3, [sp, #4]
10003b20:	9200      	str	r2, [sp, #0]
10003b22:	465b      	mov	r3, fp
10003b24:	002a      	movs	r2, r5
10003b26:	4651      	mov	r1, sl
10003b28:	0038      	movs	r0, r7
10003b2a:	f7ff f844 	bl	10002bb6 <_ntoa_long>
10003b2e:	0005      	movs	r5, r0
10003b30:	9b11      	ldr	r3, [sp, #68]	@ 0x44
10003b32:	3301      	adds	r3, #1
10003b34:	9311      	str	r3, [sp, #68]	@ 0x44
10003b36:	e4f2      	b.n	1000351e <_vsnprintf+0x32>
10003b38:	1c6c      	adds	r4, r5, #1
10003b3a:	465b      	mov	r3, fp
10003b3c:	002a      	movs	r2, r5
10003b3e:	4651      	mov	r1, sl
10003b40:	2025      	movs	r0, #37	@ 0x25
10003b42:	47b8      	blx	r7
10003b44:	9b11      	ldr	r3, [sp, #68]	@ 0x44
10003b46:	3301      	adds	r3, #1
10003b48:	9311      	str	r3, [sp, #68]	@ 0x44
10003b4a:	0025      	movs	r5, r4
10003b4c:	e4e7      	b.n	1000351e <_vsnprintf+0x32>
10003b4e:	1c6c      	adds	r4, r5, #1
10003b50:	465b      	mov	r3, fp
10003b52:	002a      	movs	r2, r5
10003b54:	4651      	mov	r1, sl
10003b56:	47b8      	blx	r7
10003b58:	9b11      	ldr	r3, [sp, #68]	@ 0x44
10003b5a:	3301      	adds	r3, #1
10003b5c:	9311      	str	r3, [sp, #68]	@ 0x44
10003b5e:	0025      	movs	r5, r4
10003b60:	e4dd      	b.n	1000351e <_vsnprintf+0x32>
10003b62:	4f0a      	ldr	r7, [pc, #40]	@ (10003b8c <_vsnprintf+0x6a0>)
10003b64:	e4d0      	b.n	10003508 <_vsnprintf+0x1c>
10003b66:	455d      	cmp	r5, fp
10003b68:	d30d      	bcc.n	10003b86 <_vsnprintf+0x69a>
10003b6a:	465b      	mov	r3, fp
10003b6c:	1e5a      	subs	r2, r3, #1
10003b6e:	465b      	mov	r3, fp
10003b70:	4651      	mov	r1, sl
10003b72:	2000      	movs	r0, #0
10003b74:	47b8      	blx	r7
10003b76:	0028      	movs	r0, r5
10003b78:	b013      	add	sp, #76	@ 0x4c
10003b7a:	bcf0      	pop	{r4, r5, r6, r7}
10003b7c:	46bb      	mov	fp, r7
10003b7e:	46b2      	mov	sl, r6
10003b80:	46a9      	mov	r9, r5
10003b82:	46a0      	mov	r8, r4
10003b84:	bdf0      	pop	{r4, r5, r6, r7, pc}
10003b86:	002a      	movs	r2, r5
10003b88:	e7f1      	b.n	10003b6e <_vsnprintf+0x682>
10003b8a:	46c0      	nop			@ (mov r8, r8)
10003b8c:	100029c5 	.word	0x100029c5

10003b90 <vfctprintf>:
10003b90:	b510      	push	{r4, lr}
10003b92:	b084      	sub	sp, #16
10003b94:	000c      	movs	r4, r1
10003b96:	a902      	add	r1, sp, #8
10003b98:	9002      	str	r0, [sp, #8]
10003b9a:	604c      	str	r4, [r1, #4]
10003b9c:	2401      	movs	r4, #1
10003b9e:	4804      	ldr	r0, [pc, #16]	@ (10003bb0 <vfctprintf+0x20>)
10003ba0:	9300      	str	r3, [sp, #0]
10003ba2:	0013      	movs	r3, r2
10003ba4:	4262      	negs	r2, r4
10003ba6:	f7ff fca1 	bl	100034ec <_vsnprintf>
10003baa:	b004      	add	sp, #16
10003bac:	bd10      	pop	{r4, pc}
10003bae:	46c0      	nop			@ (mov r8, r8)
10003bb0:	100029c7 	.word	0x100029c7

10003bb4 <_exit>:
10003bb4:	be00      	bkpt	0x0000
10003bb6:	e7fd      	b.n	10003bb4 <_exit>

10003bb8 <exit>:
10003bb8:	b510      	push	{r4, lr}
10003bba:	f7ff fffb 	bl	10003bb4 <_exit>
	...

10003bc0 <__assert_func>:
10003bc0:	b530      	push	{r4, r5, lr}
10003bc2:	b083      	sub	sp, #12
10003bc4:	000d      	movs	r5, r1
10003bc6:	0019      	movs	r1, r3
10003bc8:	2a00      	cmp	r2, #0
10003bca:	d00b      	beq.n	10003be4 <__assert_func+0x24>
10003bcc:	4b07      	ldr	r3, [pc, #28]	@ (10003bec <__assert_func+0x2c>)
10003bce:	4c08      	ldr	r4, [pc, #32]	@ (10003bf0 <__assert_func+0x30>)
10003bd0:	9201      	str	r2, [sp, #4]
10003bd2:	9300      	str	r3, [sp, #0]
10003bd4:	002b      	movs	r3, r5
10003bd6:	0002      	movs	r2, r0
10003bd8:	0020      	movs	r0, r4
10003bda:	f000 f961 	bl	10003ea0 <__wrap_printf>
10003bde:	2001      	movs	r0, #1
10003be0:	f7ff ffe8 	bl	10003bb4 <_exit>
10003be4:	4b03      	ldr	r3, [pc, #12]	@ (10003bf4 <__assert_func+0x34>)
10003be6:	001a      	movs	r2, r3
10003be8:	e7f1      	b.n	10003bce <__assert_func+0xe>
10003bea:	46c0      	nop			@ (mov r8, r8)
10003bec:	100076ac 	.word	0x100076ac
10003bf0:	100076bc 	.word	0x100076bc
10003bf4:	100076b8 	.word	0x100076b8

10003bf8 <runtime_init>:
10003bf8:	b510      	push	{r4, lr}
10003bfa:	f3ef 8305 	mrs	r3, IPSR
10003bfe:	2b00      	cmp	r3, #0
10003c00:	d000      	beq.n	10003c04 <runtime_init+0xc>
10003c02:	be00      	bkpt	0x0000
10003c04:	f7fd fec4 	bl	10001990 <runtime_run_initializers>
10003c08:	4c03      	ldr	r4, [pc, #12]	@ (10003c18 <runtime_init+0x20>)
10003c0a:	e001      	b.n	10003c10 <runtime_init+0x18>
10003c0c:	cc08      	ldmia	r4!, {r3}
10003c0e:	4798      	blx	r3
10003c10:	4b02      	ldr	r3, [pc, #8]	@ (10003c1c <runtime_init+0x24>)
10003c12:	429c      	cmp	r4, r3
10003c14:	d3fa      	bcc.n	10003c0c <runtime_init+0x14>
10003c16:	bd10      	pop	{r4, pc}
10003c18:	10006f84 	.word	0x10006f84
10003c1c:	10006f90 	.word	0x10006f90

10003c20 <stdio_out_chars_no_crlf>:
10003c20:	b510      	push	{r4, lr}
10003c22:	0003      	movs	r3, r0
10003c24:	0008      	movs	r0, r1
10003c26:	0011      	movs	r1, r2
10003c28:	681b      	ldr	r3, [r3, #0]
10003c2a:	4798      	blx	r3
10003c2c:	bd10      	pop	{r4, pc}
	...

10003c30 <stdio_out_chars_crlf>:
10003c30:	b5f8      	push	{r3, r4, r5, r6, r7, lr}
10003c32:	0007      	movs	r7, r0
10003c34:	000d      	movs	r5, r1
10003c36:	0016      	movs	r6, r2
10003c38:	7d43      	ldrb	r3, [r0, #21]
10003c3a:	2b00      	cmp	r3, #0
10003c3c:	d002      	beq.n	10003c44 <stdio_out_chars_crlf+0x14>
10003c3e:	2400      	movs	r4, #0
10003c40:	2000      	movs	r0, #0
10003c42:	e00c      	b.n	10003c5e <stdio_out_chars_crlf+0x2e>
10003c44:	6803      	ldr	r3, [r0, #0]
10003c46:	0011      	movs	r1, r2
10003c48:	0028      	movs	r0, r5
10003c4a:	4798      	blx	r3
10003c4c:	e02d      	b.n	10003caa <stdio_out_chars_crlf+0x7a>
10003c4e:	7d3b      	ldrb	r3, [r7, #20]
10003c50:	e010      	b.n	10003c74 <stdio_out_chars_crlf+0x44>
10003c52:	683b      	ldr	r3, [r7, #0]
10003c54:	4815      	ldr	r0, [pc, #84]	@ (10003cac <stdio_out_chars_crlf+0x7c>)
10003c56:	2102      	movs	r1, #2
10003c58:	4798      	blx	r3
10003c5a:	1c60      	adds	r0, r4, #1
10003c5c:	3401      	adds	r4, #1
10003c5e:	42b4      	cmp	r4, r6
10003c60:	da14      	bge.n	10003c8c <stdio_out_chars_crlf+0x5c>
10003c62:	2c00      	cmp	r4, #0
10003c64:	ddf3      	ble.n	10003c4e <stdio_out_chars_crlf+0x1e>
10003c66:	192b      	adds	r3, r5, r4
10003c68:	3b01      	subs	r3, #1
10003c6a:	781b      	ldrb	r3, [r3, #0]
10003c6c:	3b0d      	subs	r3, #13
10003c6e:	425a      	negs	r2, r3
10003c70:	4153      	adcs	r3, r2
10003c72:	b2db      	uxtb	r3, r3
10003c74:	5d2a      	ldrb	r2, [r5, r4]
10003c76:	2a0a      	cmp	r2, #10
10003c78:	d1f0      	bne.n	10003c5c <stdio_out_chars_crlf+0x2c>
10003c7a:	2b00      	cmp	r3, #0
10003c7c:	d1ee      	bne.n	10003c5c <stdio_out_chars_crlf+0x2c>
10003c7e:	42a0      	cmp	r0, r4
10003c80:	dae7      	bge.n	10003c52 <stdio_out_chars_crlf+0x22>
10003c82:	683b      	ldr	r3, [r7, #0]
10003c84:	1a21      	subs	r1, r4, r0
10003c86:	1828      	adds	r0, r5, r0
10003c88:	4798      	blx	r3
10003c8a:	e7e2      	b.n	10003c52 <stdio_out_chars_crlf+0x22>
10003c8c:	42b0      	cmp	r0, r6
10003c8e:	da03      	bge.n	10003c98 <stdio_out_chars_crlf+0x68>
10003c90:	683b      	ldr	r3, [r7, #0]
10003c92:	1a31      	subs	r1, r6, r0
10003c94:	1828      	adds	r0, r5, r0
10003c96:	4798      	blx	r3
10003c98:	2e00      	cmp	r6, #0
10003c9a:	dd06      	ble.n	10003caa <stdio_out_chars_crlf+0x7a>
10003c9c:	19ad      	adds	r5, r5, r6
10003c9e:	3d01      	subs	r5, #1
10003ca0:	782b      	ldrb	r3, [r5, #0]
10003ca2:	3b0d      	subs	r3, #13
10003ca4:	425a      	negs	r2, r3
10003ca6:	4153      	adcs	r3, r2
10003ca8:	753b      	strb	r3, [r7, #20]
10003caa:	bdf8      	pop	{r3, r4, r5, r6, r7, pc}
10003cac:	10007f40 	.word	0x10007f40

10003cb0 <stdio_stack_buffer_flush>:
10003cb0:	b570      	push	{r4, r5, r6, lr}
10003cb2:	0005      	movs	r5, r0
10003cb4:	6803      	ldr	r3, [r0, #0]
10003cb6:	2b00      	cmp	r3, #0
10003cb8:	d016      	beq.n	10003ce8 <stdio_stack_buffer_flush+0x38>
10003cba:	4b0c      	ldr	r3, [pc, #48]	@ (10003cec <stdio_stack_buffer_flush+0x3c>)
10003cbc:	681c      	ldr	r4, [r3, #0]
10003cbe:	e005      	b.n	10003ccc <stdio_stack_buffer_flush+0x1c>
10003cc0:	0029      	movs	r1, r5
10003cc2:	c904      	ldmia	r1!, {r2}
10003cc4:	0020      	movs	r0, r4
10003cc6:	f7ff ffb3 	bl	10003c30 <stdio_out_chars_crlf>
10003cca:	6924      	ldr	r4, [r4, #16]
10003ccc:	2c00      	cmp	r4, #0
10003cce:	d009      	beq.n	10003ce4 <stdio_stack_buffer_flush+0x34>
10003cd0:	6823      	ldr	r3, [r4, #0]
10003cd2:	2b00      	cmp	r3, #0
10003cd4:	d0f9      	beq.n	10003cca <stdio_stack_buffer_flush+0x1a>
10003cd6:	4b06      	ldr	r3, [pc, #24]	@ (10003cf0 <stdio_stack_buffer_flush+0x40>)
10003cd8:	681b      	ldr	r3, [r3, #0]
10003cda:	2b00      	cmp	r3, #0
10003cdc:	d0f0      	beq.n	10003cc0 <stdio_stack_buffer_flush+0x10>
10003cde:	42a3      	cmp	r3, r4
10003ce0:	d1f3      	bne.n	10003cca <stdio_stack_buffer_flush+0x1a>
10003ce2:	e7ed      	b.n	10003cc0 <stdio_stack_buffer_flush+0x10>
10003ce4:	2300      	movs	r3, #0
10003ce6:	602b      	str	r3, [r5, #0]
10003ce8:	bd70      	pop	{r4, r5, r6, pc}
10003cea:	46c0      	nop			@ (mov r8, r8)
10003cec:	20001730 	.word	0x20001730
10003cf0:	20001738 	.word	0x20001738

10003cf4 <stdio_buffered_printer>:
10003cf4:	b570      	push	{r4, r5, r6, lr}
10003cf6:	0005      	movs	r5, r0
10003cf8:	000c      	movs	r4, r1
10003cfa:	680b      	ldr	r3, [r1, #0]
10003cfc:	2b80      	cmp	r3, #128	@ 0x80
10003cfe:	d005      	beq.n	10003d0c <stdio_buffered_printer+0x18>
10003d00:	6823      	ldr	r3, [r4, #0]
10003d02:	1c5a      	adds	r2, r3, #1
10003d04:	6022      	str	r2, [r4, #0]
10003d06:	18e4      	adds	r4, r4, r3
10003d08:	7125      	strb	r5, [r4, #4]
10003d0a:	bd70      	pop	{r4, r5, r6, pc}
10003d0c:	0008      	movs	r0, r1
10003d0e:	f7ff ffcf 	bl	10003cb0 <stdio_stack_buffer_flush>
10003d12:	e7f5      	b.n	10003d00 <stdio_buffered_printer+0xc>

10003d14 <stdout_serialize_begin>:
10003d14:	b510      	push	{r4, lr}
10003d16:	f7fd fc3d 	bl	10001594 <time_us_64>
10003d1a:	4a07      	ldr	r2, [pc, #28]	@ (10003d38 <stdout_serialize_begin+0x24>)
10003d1c:	2300      	movs	r3, #0
10003d1e:	1812      	adds	r2, r2, r0
10003d20:	414b      	adcs	r3, r1
10003d22:	2b00      	cmp	r3, #0
10003d24:	db03      	blt.n	10003d2e <stdout_serialize_begin+0x1a>
10003d26:	4805      	ldr	r0, [pc, #20]	@ (10003d3c <stdout_serialize_begin+0x28>)
10003d28:	f003 f8d6 	bl	10006ed8 <__mutex_try_enter_block_until_veneer>
10003d2c:	bd10      	pop	{r4, pc}
10003d2e:	2201      	movs	r2, #1
10003d30:	4252      	negs	r2, r2
10003d32:	4b03      	ldr	r3, [pc, #12]	@ (10003d40 <stdout_serialize_begin+0x2c>)
10003d34:	e7f7      	b.n	10003d26 <stdout_serialize_begin+0x12>
10003d36:	46c0      	nop			@ (mov r8, r8)
10003d38:	000f4240 	.word	0x000f4240
10003d3c:	20000cf8 	.word	0x20000cf8
10003d40:	7fffffff 	.word	0x7fffffff

10003d44 <stdout_serialize_end>:
10003d44:	b510      	push	{r4, lr}
10003d46:	4802      	ldr	r0, [pc, #8]	@ (10003d50 <stdout_serialize_end+0xc>)
10003d48:	f003 f896 	bl	10006e78 <__mutex_exit_veneer>
10003d4c:	bd10      	pop	{r4, pc}
10003d4e:	46c0      	nop			@ (mov r8, r8)
10003d50:	20000cf8 	.word	0x20000cf8

10003d54 <stdio_put_string>:
10003d54:	b5f0      	push	{r4, r5, r6, r7, lr}
10003d56:	46ce      	mov	lr, r9
10003d58:	4647      	mov	r7, r8
10003d5a:	b580      	push	{r7, lr}
10003d5c:	b083      	sub	sp, #12
10003d5e:	0006      	movs	r6, r0
10003d60:	000d      	movs	r5, r1
10003d62:	4690      	mov	r8, r2
10003d64:	001c      	movs	r4, r3
10003d66:	f7ff ffd5 	bl	10003d14 <stdout_serialize_begin>
10003d6a:	4681      	mov	r9, r0
10003d6c:	1c6b      	adds	r3, r5, #1
10003d6e:	d005      	beq.n	10003d7c <stdio_put_string+0x28>
10003d70:	2c00      	cmp	r4, #0
10003d72:	d008      	beq.n	10003d86 <stdio_put_string+0x32>
10003d74:	4f18      	ldr	r7, [pc, #96]	@ (10003dd8 <stdio_put_string+0x84>)
10003d76:	4b19      	ldr	r3, [pc, #100]	@ (10003ddc <stdio_put_string+0x88>)
10003d78:	681c      	ldr	r4, [r3, #0]
10003d7a:	e007      	b.n	10003d8c <stdio_put_string+0x38>
10003d7c:	0030      	movs	r0, r6
10003d7e:	f002 ffdf 	bl	10006d40 <strlen>
10003d82:	0005      	movs	r5, r0
10003d84:	e7f4      	b.n	10003d70 <stdio_put_string+0x1c>
10003d86:	4f16      	ldr	r7, [pc, #88]	@ (10003de0 <stdio_put_string+0x8c>)
10003d88:	e7f5      	b.n	10003d76 <stdio_put_string+0x22>
10003d8a:	6924      	ldr	r4, [r4, #16]
10003d8c:	2c00      	cmp	r4, #0
10003d8e:	d017      	beq.n	10003dc0 <stdio_put_string+0x6c>
10003d90:	6823      	ldr	r3, [r4, #0]
10003d92:	2b00      	cmp	r3, #0
10003d94:	d0f9      	beq.n	10003d8a <stdio_put_string+0x36>
10003d96:	4b13      	ldr	r3, [pc, #76]	@ (10003de4 <stdio_put_string+0x90>)
10003d98:	681b      	ldr	r3, [r3, #0]
10003d9a:	2b00      	cmp	r3, #0
10003d9c:	d001      	beq.n	10003da2 <stdio_put_string+0x4e>
10003d9e:	42a3      	cmp	r3, r4
10003da0:	d1f3      	bne.n	10003d8a <stdio_put_string+0x36>
10003da2:	002a      	movs	r2, r5
10003da4:	0031      	movs	r1, r6
10003da6:	0020      	movs	r0, r4
10003da8:	47b8      	blx	r7
10003daa:	4643      	mov	r3, r8
10003dac:	2b00      	cmp	r3, #0
10003dae:	d0ec      	beq.n	10003d8a <stdio_put_string+0x36>
10003db0:	466b      	mov	r3, sp
10003db2:	1dd9      	adds	r1, r3, #7
10003db4:	230a      	movs	r3, #10
10003db6:	700b      	strb	r3, [r1, #0]
10003db8:	2201      	movs	r2, #1
10003dba:	0020      	movs	r0, r4
10003dbc:	47b8      	blx	r7
10003dbe:	e7e4      	b.n	10003d8a <stdio_put_string+0x36>
10003dc0:	464b      	mov	r3, r9
10003dc2:	2b00      	cmp	r3, #0
10003dc4:	d105      	bne.n	10003dd2 <stdio_put_string+0x7e>
10003dc6:	0028      	movs	r0, r5
10003dc8:	b003      	add	sp, #12
10003dca:	bcc0      	pop	{r6, r7}
10003dcc:	46b9      	mov	r9, r7
10003dce:	46b0      	mov	r8, r6
10003dd0:	bdf0      	pop	{r4, r5, r6, r7, pc}
10003dd2:	f7ff ffb7 	bl	10003d44 <stdout_serialize_end>
10003dd6:	e7f6      	b.n	10003dc6 <stdio_put_string+0x72>
10003dd8:	10003c31 	.word	0x10003c31
10003ddc:	20001730 	.word	0x20001730
10003de0:	10003c21 	.word	0x10003c21
10003de4:	20001738 	.word	0x20001738

10003de8 <stdio_set_driver_enabled>:
10003de8:	4a0a      	ldr	r2, [pc, #40]	@ (10003e14 <stdio_set_driver_enabled+0x2c>)
10003dea:	6813      	ldr	r3, [r2, #0]
10003dec:	e002      	b.n	10003df4 <stdio_set_driver_enabled+0xc>
10003dee:	001a      	movs	r2, r3
10003df0:	3210      	adds	r2, #16
10003df2:	691b      	ldr	r3, [r3, #16]
10003df4:	2b00      	cmp	r3, #0
10003df6:	d009      	beq.n	10003e0c <stdio_set_driver_enabled+0x24>
10003df8:	6813      	ldr	r3, [r2, #0]
10003dfa:	4283      	cmp	r3, r0
10003dfc:	d1f7      	bne.n	10003dee <stdio_set_driver_enabled+0x6>
10003dfe:	2900      	cmp	r1, #0
10003e00:	d107      	bne.n	10003e12 <stdio_set_driver_enabled+0x2a>
10003e02:	6903      	ldr	r3, [r0, #16]
10003e04:	6013      	str	r3, [r2, #0]
10003e06:	2300      	movs	r3, #0
10003e08:	6103      	str	r3, [r0, #16]
10003e0a:	e002      	b.n	10003e12 <stdio_set_driver_enabled+0x2a>
10003e0c:	2900      	cmp	r1, #0
10003e0e:	d000      	beq.n	10003e12 <stdio_set_driver_enabled+0x2a>
10003e10:	6010      	str	r0, [r2, #0]
10003e12:	4770      	bx	lr
10003e14:	20001730 	.word	0x20001730

10003e18 <stdio_flush>:
10003e18:	b510      	push	{r4, lr}
10003e1a:	4b06      	ldr	r3, [pc, #24]	@ (10003e34 <stdio_flush+0x1c>)
10003e1c:	681c      	ldr	r4, [r3, #0]
10003e1e:	e000      	b.n	10003e22 <stdio_flush+0xa>
10003e20:	6924      	ldr	r4, [r4, #16]
10003e22:	2c00      	cmp	r4, #0
10003e24:	d004      	beq.n	10003e30 <stdio_flush+0x18>
10003e26:	6863      	ldr	r3, [r4, #4]
10003e28:	2b00      	cmp	r3, #0
10003e2a:	d0f9      	beq.n	10003e20 <stdio_flush+0x8>
10003e2c:	4798      	blx	r3
10003e2e:	e7f7      	b.n	10003e20 <stdio_flush+0x8>
10003e30:	bd10      	pop	{r4, pc}
10003e32:	46c0      	nop			@ (mov r8, r8)
10003e34:	20001730 	.word	0x20001730

10003e38 <stdio_init_all>:
10003e38:	b510      	push	{r4, lr}
10003e3a:	f000 f9c7 	bl	100041cc <stdio_usb_init>
10003e3e:	bd10      	pop	{r4, pc}

10003e40 <__wrap_puts>:
10003e40:	b570      	push	{r4, r5, r6, lr}
10003e42:	0005      	movs	r5, r0
10003e44:	f002 ff7c 	bl	10006d40 <strlen>
10003e48:	0004      	movs	r4, r0
10003e4a:	2301      	movs	r3, #1
10003e4c:	2201      	movs	r2, #1
10003e4e:	0001      	movs	r1, r0
10003e50:	0028      	movs	r0, r5
10003e52:	f7ff ff7f 	bl	10003d54 <stdio_put_string>
10003e56:	f7ff ffdf 	bl	10003e18 <stdio_flush>
10003e5a:	0020      	movs	r0, r4
10003e5c:	bd70      	pop	{r4, r5, r6, pc}
	...

10003e60 <__wrap_vprintf>:
10003e60:	b5f0      	push	{r4, r5, r6, r7, lr}
10003e62:	b0a3      	sub	sp, #140	@ 0x8c
10003e64:	0004      	movs	r4, r0
10003e66:	000e      	movs	r6, r1
10003e68:	f7ff ff54 	bl	10003d14 <stdout_serialize_begin>
10003e6c:	0005      	movs	r5, r0
10003e6e:	af01      	add	r7, sp, #4
10003e70:	2300      	movs	r3, #0
10003e72:	9301      	str	r3, [sp, #4]
10003e74:	4809      	ldr	r0, [pc, #36]	@ (10003e9c <__wrap_vprintf+0x3c>)
10003e76:	0033      	movs	r3, r6
10003e78:	0022      	movs	r2, r4
10003e7a:	0039      	movs	r1, r7
10003e7c:	f7ff fe88 	bl	10003b90 <vfctprintf>
10003e80:	0004      	movs	r4, r0
10003e82:	0038      	movs	r0, r7
10003e84:	f7ff ff14 	bl	10003cb0 <stdio_stack_buffer_flush>
10003e88:	f7ff ffc6 	bl	10003e18 <stdio_flush>
10003e8c:	2d00      	cmp	r5, #0
10003e8e:	d102      	bne.n	10003e96 <__wrap_vprintf+0x36>
10003e90:	0020      	movs	r0, r4
10003e92:	b023      	add	sp, #140	@ 0x8c
10003e94:	bdf0      	pop	{r4, r5, r6, r7, pc}
10003e96:	f7ff ff55 	bl	10003d44 <stdout_serialize_end>
10003e9a:	e7f9      	b.n	10003e90 <__wrap_vprintf+0x30>
10003e9c:	10003cf5 	.word	0x10003cf5

10003ea0 <__wrap_printf>:
10003ea0:	b40f      	push	{r0, r1, r2, r3}
10003ea2:	b500      	push	{lr}
10003ea4:	b083      	sub	sp, #12
10003ea6:	a904      	add	r1, sp, #16
10003ea8:	c901      	ldmia	r1!, {r0}
10003eaa:	9101      	str	r1, [sp, #4]
10003eac:	f7ff ffd8 	bl	10003e60 <__wrap_vprintf>
10003eb0:	b003      	add	sp, #12
10003eb2:	bc08      	pop	{r3}
10003eb4:	b004      	add	sp, #16
10003eb6:	4718      	bx	r3

10003eb8 <resetd_init>:
10003eb8:	4770      	bx	lr
	...

10003ebc <resetd_reset>:
10003ebc:	4b01      	ldr	r3, [pc, #4]	@ (10003ec4 <resetd_reset+0x8>)
10003ebe:	2200      	movs	r2, #0
10003ec0:	701a      	strb	r2, [r3, #0]
10003ec2:	4770      	bx	lr
10003ec4:	20001e06 	.word	0x20001e06

10003ec8 <resetd_open>:
10003ec8:	794b      	ldrb	r3, [r1, #5]
10003eca:	2bff      	cmp	r3, #255	@ 0xff
10003ecc:	d10c      	bne.n	10003ee8 <resetd_open+0x20>
10003ece:	798b      	ldrb	r3, [r1, #6]
10003ed0:	2b00      	cmp	r3, #0
10003ed2:	d10b      	bne.n	10003eec <resetd_open+0x24>
10003ed4:	79cb      	ldrb	r3, [r1, #7]
10003ed6:	2b01      	cmp	r3, #1
10003ed8:	d10a      	bne.n	10003ef0 <resetd_open+0x28>
10003eda:	2a08      	cmp	r2, #8
10003edc:	d90a      	bls.n	10003ef4 <resetd_open+0x2c>
10003ede:	788a      	ldrb	r2, [r1, #2]
10003ee0:	4b05      	ldr	r3, [pc, #20]	@ (10003ef8 <resetd_open+0x30>)
10003ee2:	701a      	strb	r2, [r3, #0]
10003ee4:	2009      	movs	r0, #9
10003ee6:	e000      	b.n	10003eea <resetd_open+0x22>
10003ee8:	2000      	movs	r0, #0
10003eea:	4770      	bx	lr
10003eec:	2000      	movs	r0, #0
10003eee:	e7fc      	b.n	10003eea <resetd_open+0x22>
10003ef0:	2000      	movs	r0, #0
10003ef2:	e7fa      	b.n	10003eea <resetd_open+0x22>
10003ef4:	2000      	movs	r0, #0
10003ef6:	e7f8      	b.n	10003eea <resetd_open+0x22>
10003ef8:	20001e06 	.word	0x20001e06

10003efc <resetd_xfer_cb>:
10003efc:	2001      	movs	r0, #1
10003efe:	4770      	bx	lr

10003f00 <resetd_control_xfer_cb>:
10003f00:	b510      	push	{r4, lr}
10003f02:	2901      	cmp	r1, #1
10003f04:	d127      	bne.n	10003f56 <resetd_control_xfer_cb+0x56>
10003f06:	7911      	ldrb	r1, [r2, #4]
10003f08:	7953      	ldrb	r3, [r2, #5]
10003f0a:	021b      	lsls	r3, r3, #8
10003f0c:	430b      	orrs	r3, r1
10003f0e:	4913      	ldr	r1, [pc, #76]	@ (10003f5c <resetd_control_xfer_cb+0x5c>)
10003f10:	7809      	ldrb	r1, [r1, #0]
10003f12:	428b      	cmp	r3, r1
10003f14:	d001      	beq.n	10003f1a <resetd_control_xfer_cb+0x1a>
10003f16:	2000      	movs	r0, #0
10003f18:	e01e      	b.n	10003f58 <resetd_control_xfer_cb+0x58>
10003f1a:	7853      	ldrb	r3, [r2, #1]
10003f1c:	2b01      	cmp	r3, #1
10003f1e:	d003      	beq.n	10003f28 <resetd_control_xfer_cb+0x28>
10003f20:	2b02      	cmp	r3, #2
10003f22:	d011      	beq.n	10003f48 <resetd_control_xfer_cb+0x48>
10003f24:	2000      	movs	r0, #0
10003f26:	e017      	b.n	10003f58 <resetd_control_xfer_cb+0x58>
10003f28:	7891      	ldrb	r1, [r2, #2]
10003f2a:	78d3      	ldrb	r3, [r2, #3]
10003f2c:	021b      	lsls	r3, r3, #8
10003f2e:	4319      	orrs	r1, r3
10003f30:	05db      	lsls	r3, r3, #23
10003f32:	d506      	bpl.n	10003f42 <resetd_control_xfer_cb+0x42>
10003f34:	0a48      	lsrs	r0, r1, #9
10003f36:	058a      	lsls	r2, r1, #22
10003f38:	0fd2      	lsrs	r2, r2, #31
10003f3a:	237f      	movs	r3, #127	@ 0x7f
10003f3c:	4019      	ands	r1, r3
10003f3e:	f7fd fcf1 	bl	10001924 <rom_reset_usb_boot_extra>
10003f42:	2001      	movs	r0, #1
10003f44:	4240      	negs	r0, r0
10003f46:	e7f6      	b.n	10003f36 <resetd_control_xfer_cb+0x36>
10003f48:	2264      	movs	r2, #100	@ 0x64
10003f4a:	2100      	movs	r1, #0
10003f4c:	2000      	movs	r0, #0
10003f4e:	f7fd fc91 	bl	10001874 <watchdog_reboot>
10003f52:	2001      	movs	r0, #1
10003f54:	e000      	b.n	10003f58 <resetd_control_xfer_cb+0x58>
10003f56:	2001      	movs	r0, #1
10003f58:	bd10      	pop	{r4, pc}
10003f5a:	46c0      	nop			@ (mov r8, r8)
10003f5c:	20001e06 	.word	0x20001e06

10003f60 <tud_descriptor_bos_cb>:
10003f60:	4800      	ldr	r0, [pc, #0]	@ (10003f64 <tud_descriptor_bos_cb+0x4>)
10003f62:	4770      	bx	lr
10003f64:	1000800c 	.word	0x1000800c

10003f68 <tud_vendor_control_xfer_cb>:
10003f68:	b510      	push	{r4, lr}
10003f6a:	0014      	movs	r4, r2
10003f6c:	2901      	cmp	r1, #1
10003f6e:	d110      	bne.n	10003f92 <tud_vendor_control_xfer_cb+0x2a>
10003f70:	7853      	ldrb	r3, [r2, #1]
10003f72:	2b01      	cmp	r3, #1
10003f74:	d10f      	bne.n	10003f96 <tud_vendor_control_xfer_cb+0x2e>
10003f76:	7912      	ldrb	r2, [r2, #4]
10003f78:	7963      	ldrb	r3, [r4, #5]
10003f7a:	021b      	lsls	r3, r3, #8
10003f7c:	4313      	orrs	r3, r2
10003f7e:	2b07      	cmp	r3, #7
10003f80:	d001      	beq.n	10003f86 <tud_vendor_control_xfer_cb+0x1e>
10003f82:	2000      	movs	r0, #0
10003f84:	e006      	b.n	10003f94 <tud_vendor_control_xfer_cb+0x2c>
10003f86:	4a05      	ldr	r2, [pc, #20]	@ (10003f9c <tud_vendor_control_xfer_cb+0x34>)
10003f88:	339f      	adds	r3, #159	@ 0x9f
10003f8a:	0021      	movs	r1, r4
10003f8c:	f001 fb54 	bl	10005638 <tud_control_xfer>
10003f90:	e000      	b.n	10003f94 <tud_vendor_control_xfer_cb+0x2c>
10003f92:	2001      	movs	r0, #1
10003f94:	bd10      	pop	{r4, pc}
10003f96:	2000      	movs	r0, #0
10003f98:	e7fc      	b.n	10003f94 <tud_vendor_control_xfer_cb+0x2c>
10003f9a:	46c0      	nop			@ (mov r8, r8)
10003f9c:	10007f64 	.word	0x10007f64

10003fa0 <usbd_app_driver_get_cb>:
10003fa0:	2301      	movs	r3, #1
10003fa2:	7003      	strb	r3, [r0, #0]
10003fa4:	4800      	ldr	r0, [pc, #0]	@ (10003fa8 <usbd_app_driver_get_cb+0x8>)
10003fa6:	4770      	bx	lr
10003fa8:	10007f44 	.word	0x10007f44

10003fac <tud_cdc_line_coding_cb>:
10003fac:	b510      	push	{r4, lr}
10003fae:	780a      	ldrb	r2, [r1, #0]
10003fb0:	784b      	ldrb	r3, [r1, #1]
10003fb2:	021b      	lsls	r3, r3, #8
10003fb4:	4313      	orrs	r3, r2
10003fb6:	788a      	ldrb	r2, [r1, #2]
10003fb8:	0412      	lsls	r2, r2, #16
10003fba:	431a      	orrs	r2, r3
10003fbc:	78cb      	ldrb	r3, [r1, #3]
10003fbe:	061b      	lsls	r3, r3, #24
10003fc0:	4313      	orrs	r3, r2
10003fc2:	2296      	movs	r2, #150	@ 0x96
10003fc4:	00d2      	lsls	r2, r2, #3
10003fc6:	4293      	cmp	r3, r2
10003fc8:	d000      	beq.n	10003fcc <tud_cdc_line_coding_cb+0x20>
10003fca:	bd10      	pop	{r4, pc}
10003fcc:	2001      	movs	r0, #1
10003fce:	2200      	movs	r2, #0
10003fd0:	0011      	movs	r1, r2
10003fd2:	4240      	negs	r0, r0
10003fd4:	f7fd fca6 	bl	10001924 <rom_reset_usb_boot_extra>

10003fd8 <stdio_usb_set_chars_available_callback>:
10003fd8:	4b02      	ldr	r3, [pc, #8]	@ (10003fe4 <stdio_usb_set_chars_available_callback+0xc>)
10003fda:	6018      	str	r0, [r3, #0]
10003fdc:	4b02      	ldr	r3, [pc, #8]	@ (10003fe8 <stdio_usb_set_chars_available_callback+0x10>)
10003fde:	6019      	str	r1, [r3, #0]
10003fe0:	4770      	bx	lr
10003fe2:	46c0      	nop			@ (mov r8, r8)
10003fe4:	200016d0 	.word	0x200016d0
10003fe8:	200016d4 	.word	0x200016d4

10003fec <stdio_usb_out_flush>:
10003fec:	b510      	push	{r4, lr}
10003fee:	f7fd fad1 	bl	10001594 <time_us_64>
10003ff2:	4a0e      	ldr	r2, [pc, #56]	@ (1000402c <stdio_usb_out_flush+0x40>)
10003ff4:	2300      	movs	r3, #0
10003ff6:	1812      	adds	r2, r2, r0
10003ff8:	414b      	adcs	r3, r1
10003ffa:	2b00      	cmp	r3, #0
10003ffc:	db12      	blt.n	10004024 <stdio_usb_out_flush+0x38>
10003ffe:	480c      	ldr	r0, [pc, #48]	@ (10004030 <stdio_usb_out_flush+0x44>)
10004000:	f002 ff6a 	bl	10006ed8 <__mutex_try_enter_block_until_veneer>
10004004:	2800      	cmp	r0, #0
10004006:	d00c      	beq.n	10004022 <stdio_usb_out_flush+0x36>
10004008:	2001      	movs	r0, #1
1000400a:	2100      	movs	r1, #0
1000400c:	4240      	negs	r0, r0
1000400e:	f001 f9d9 	bl	100053c4 <tud_task_ext>
10004012:	2000      	movs	r0, #0
10004014:	f001 fc78 	bl	10005908 <tud_cdc_n_write_flush>
10004018:	2800      	cmp	r0, #0
1000401a:	d1f5      	bne.n	10004008 <stdio_usb_out_flush+0x1c>
1000401c:	4804      	ldr	r0, [pc, #16]	@ (10004030 <stdio_usb_out_flush+0x44>)
1000401e:	f002 ff2b 	bl	10006e78 <__mutex_exit_veneer>
10004022:	bd10      	pop	{r4, pc}
10004024:	2201      	movs	r2, #1
10004026:	4252      	negs	r2, r2
10004028:	4b02      	ldr	r3, [pc, #8]	@ (10004034 <stdio_usb_out_flush+0x48>)
1000402a:	e7e8      	b.n	10003ffe <stdio_usb_out_flush+0x12>
1000402c:	000f4240 	.word	0x000f4240
10004030:	20001de8 	.word	0x20001de8
10004034:	7fffffff 	.word	0x7fffffff

10004038 <usb_irq>:
10004038:	b510      	push	{r4, lr}
1000403a:	4b02      	ldr	r3, [pc, #8]	@ (10004044 <usb_irq+0xc>)
1000403c:	7818      	ldrb	r0, [r3, #0]
1000403e:	f7fc fc49 	bl	100008d4 <irq_set_pending>
10004042:	bd10      	pop	{r4, pc}
10004044:	20001e07 	.word	0x20001e07

10004048 <timer_task>:
10004048:	b570      	push	{r4, r5, r6, lr}
1000404a:	4b17      	ldr	r3, [pc, #92]	@ (100040a8 <timer_task+0x60>)
1000404c:	681b      	ldr	r3, [r3, #0]
1000404e:	2b00      	cmp	r3, #0
10004050:	d020      	beq.n	10004094 <timer_task+0x4c>
10004052:	f3ef 8210 	mrs	r2, PRIMASK
10004056:	b672      	cpsid	i
10004058:	0010      	movs	r0, r2
1000405a:	6819      	ldr	r1, [r3, #0]
1000405c:	2900      	cmp	r1, #0
1000405e:	d0fc      	beq.n	1000405a <timer_task+0x12>
10004060:	f3bf 8f5f 	dmb	sy
10004064:	4910      	ldr	r1, [pc, #64]	@ (100040a8 <timer_task+0x60>)
10004066:	604a      	str	r2, [r1, #4]
10004068:	4b10      	ldr	r3, [pc, #64]	@ (100040ac <timer_task+0x64>)
1000406a:	2200      	movs	r2, #0
1000406c:	701a      	strb	r2, [r3, #0]
1000406e:	680b      	ldr	r3, [r1, #0]
10004070:	f3bf 8f5f 	dmb	sy
10004074:	601a      	str	r2, [r3, #0]
10004076:	f380 8810 	msr	PRIMASK, r0
1000407a:	2400      	movs	r4, #0
1000407c:	2500      	movs	r5, #0
1000407e:	4b0c      	ldr	r3, [pc, #48]	@ (100040b0 <timer_task+0x68>)
10004080:	7818      	ldrb	r0, [r3, #0]
10004082:	f7fc fc03 	bl	1000088c <irq_is_enabled>
10004086:	2800      	cmp	r0, #0
10004088:	d108      	bne.n	1000409c <timer_task+0x54>
1000408a:	2400      	movs	r4, #0
1000408c:	2500      	movs	r5, #0
1000408e:	0020      	movs	r0, r4
10004090:	0029      	movs	r1, r5
10004092:	bd70      	pop	{r4, r5, r6, pc}
10004094:	24fa      	movs	r4, #250	@ 0xfa
10004096:	00a4      	lsls	r4, r4, #2
10004098:	2500      	movs	r5, #0
1000409a:	e7f0      	b.n	1000407e <timer_task+0x36>
1000409c:	4b04      	ldr	r3, [pc, #16]	@ (100040b0 <timer_task+0x68>)
1000409e:	7818      	ldrb	r0, [r3, #0]
100040a0:	f7fc fc18 	bl	100008d4 <irq_set_pending>
100040a4:	e7f3      	b.n	1000408e <timer_task+0x46>
100040a6:	46c0      	nop			@ (mov r8, r8)
100040a8:	20001bbc 	.word	0x20001bbc
100040ac:	20001e08 	.word	0x20001e08
100040b0:	20001e07 	.word	0x20001e07

100040b4 <alarm_pool_add_alarm_in_us>:
100040b4:	b5f0      	push	{r4, r5, r6, r7, lr}
100040b6:	b085      	sub	sp, #20
100040b8:	0006      	movs	r6, r0
100040ba:	0014      	movs	r4, r2
100040bc:	001d      	movs	r5, r3
100040be:	ab0c      	add	r3, sp, #48	@ 0x30
100040c0:	781f      	ldrb	r7, [r3, #0]
100040c2:	f7fd fa67 	bl	10001594 <time_us_64>
100040c6:	0022      	movs	r2, r4
100040c8:	002b      	movs	r3, r5
100040ca:	1812      	adds	r2, r2, r0
100040cc:	414b      	adcs	r3, r1
100040ce:	2b00      	cmp	r3, #0
100040d0:	db09      	blt.n	100040e6 <alarm_pool_add_alarm_in_us+0x32>
100040d2:	9702      	str	r7, [sp, #8]
100040d4:	990b      	ldr	r1, [sp, #44]	@ 0x2c
100040d6:	9101      	str	r1, [sp, #4]
100040d8:	990a      	ldr	r1, [sp, #40]	@ 0x28
100040da:	9100      	str	r1, [sp, #0]
100040dc:	0030      	movs	r0, r6
100040de:	f7fd f89b 	bl	10001218 <alarm_pool_add_alarm_at>
100040e2:	b005      	add	sp, #20
100040e4:	bdf0      	pop	{r4, r5, r6, r7, pc}
100040e6:	2201      	movs	r2, #1
100040e8:	4252      	negs	r2, r2
100040ea:	4b01      	ldr	r3, [pc, #4]	@ (100040f0 <alarm_pool_add_alarm_in_us+0x3c>)
100040ec:	e7f1      	b.n	100040d2 <alarm_pool_add_alarm_in_us+0x1e>
100040ee:	46c0      	nop			@ (mov r8, r8)
100040f0:	7fffffff 	.word	0x7fffffff

100040f4 <add_alarm_in_us>:
100040f4:	b5f0      	push	{r4, r5, r6, r7, lr}
100040f6:	46c6      	mov	lr, r8
100040f8:	b500      	push	{lr}
100040fa:	b084      	sub	sp, #16
100040fc:	0005      	movs	r5, r0
100040fe:	4688      	mov	r8, r1
10004100:	0016      	movs	r6, r2
10004102:	001f      	movs	r7, r3
10004104:	ab0a      	add	r3, sp, #40	@ 0x28
10004106:	781c      	ldrb	r4, [r3, #0]
10004108:	f7fd f81e 	bl	10001148 <alarm_pool_get_default>
1000410c:	9402      	str	r4, [sp, #8]
1000410e:	9701      	str	r7, [sp, #4]
10004110:	9600      	str	r6, [sp, #0]
10004112:	002a      	movs	r2, r5
10004114:	4643      	mov	r3, r8
10004116:	f7ff ffcd 	bl	100040b4 <alarm_pool_add_alarm_in_us>
1000411a:	b004      	add	sp, #16
1000411c:	bc80      	pop	{r7}
1000411e:	46b8      	mov	r8, r7
10004120:	bdf0      	pop	{r4, r5, r6, r7, pc}
	...

10004124 <low_priority_worker_irq>:
10004124:	b510      	push	{r4, lr}
10004126:	b082      	sub	sp, #8
10004128:	4822      	ldr	r0, [pc, #136]	@ (100041b4 <low_priority_worker_irq+0x90>)
1000412a:	2100      	movs	r1, #0
1000412c:	f002 febc 	bl	10006ea8 <__mutex_try_enter_veneer>
10004130:	2800      	cmp	r0, #0
10004132:	d11e      	bne.n	10004172 <low_priority_worker_irq+0x4e>
10004134:	4b20      	ldr	r3, [pc, #128]	@ (100041b8 <low_priority_worker_irq+0x94>)
10004136:	681b      	ldr	r3, [r3, #0]
10004138:	2b00      	cmp	r3, #0
1000413a:	d018      	beq.n	1000416e <low_priority_worker_irq+0x4a>
1000413c:	f3ef 8110 	mrs	r1, PRIMASK
10004140:	b672      	cpsid	i
10004142:	0008      	movs	r0, r1
10004144:	681a      	ldr	r2, [r3, #0]
10004146:	2a00      	cmp	r2, #0
10004148:	d0fc      	beq.n	10004144 <low_priority_worker_irq+0x20>
1000414a:	f3bf 8f5f 	dmb	sy
1000414e:	4a1a      	ldr	r2, [pc, #104]	@ (100041b8 <low_priority_worker_irq+0x94>)
10004150:	6051      	str	r1, [r2, #4]
10004152:	491a      	ldr	r1, [pc, #104]	@ (100041bc <low_priority_worker_irq+0x98>)
10004154:	780b      	ldrb	r3, [r1, #0]
10004156:	b2db      	uxtb	r3, r3
10004158:	2401      	movs	r4, #1
1000415a:	700c      	strb	r4, [r1, #0]
1000415c:	6812      	ldr	r2, [r2, #0]
1000415e:	f3bf 8f5f 	dmb	sy
10004162:	2100      	movs	r1, #0
10004164:	6011      	str	r1, [r2, #0]
10004166:	f380 8810 	msr	PRIMASK, r0
1000416a:	2b00      	cmp	r3, #0
1000416c:	d017      	beq.n	1000419e <low_priority_worker_irq+0x7a>
1000416e:	b002      	add	sp, #8
10004170:	bd10      	pop	{r4, pc}
10004172:	2001      	movs	r0, #1
10004174:	2100      	movs	r1, #0
10004176:	4240      	negs	r0, r0
10004178:	f001 f924 	bl	100053c4 <tud_task_ext>
1000417c:	2000      	movs	r0, #0
1000417e:	f001 fb9b 	bl	100058b8 <tud_cdc_n_available>
10004182:	0004      	movs	r4, r0
10004184:	480b      	ldr	r0, [pc, #44]	@ (100041b4 <low_priority_worker_irq+0x90>)
10004186:	f002 fe77 	bl	10006e78 <__mutex_exit_veneer>
1000418a:	2c00      	cmp	r4, #0
1000418c:	d0ef      	beq.n	1000416e <low_priority_worker_irq+0x4a>
1000418e:	4b0c      	ldr	r3, [pc, #48]	@ (100041c0 <low_priority_worker_irq+0x9c>)
10004190:	681b      	ldr	r3, [r3, #0]
10004192:	2b00      	cmp	r3, #0
10004194:	d0eb      	beq.n	1000416e <low_priority_worker_irq+0x4a>
10004196:	4a0b      	ldr	r2, [pc, #44]	@ (100041c4 <low_priority_worker_irq+0xa0>)
10004198:	6810      	ldr	r0, [r2, #0]
1000419a:	4798      	blx	r3
1000419c:	e7e7      	b.n	1000416e <low_priority_worker_irq+0x4a>
1000419e:	4a0a      	ldr	r2, [pc, #40]	@ (100041c8 <low_priority_worker_irq+0xa4>)
100041a0:	3301      	adds	r3, #1
100041a2:	9300      	str	r3, [sp, #0]
100041a4:	2300      	movs	r3, #0
100041a6:	20fa      	movs	r0, #250	@ 0xfa
100041a8:	0080      	lsls	r0, r0, #2
100041aa:	2100      	movs	r1, #0
100041ac:	f7ff ffa2 	bl	100040f4 <add_alarm_in_us>
100041b0:	e7dd      	b.n	1000416e <low_priority_worker_irq+0x4a>
100041b2:	46c0      	nop			@ (mov r8, r8)
100041b4:	20001de8 	.word	0x20001de8
100041b8:	20001bbc 	.word	0x20001bbc
100041bc:	20001e08 	.word	0x20001e08
100041c0:	200016d0 	.word	0x200016d0
100041c4:	200016d4 	.word	0x200016d4
100041c8:	10004049 	.word	0x10004049

100041cc <stdio_usb_init>:
100041cc:	b510      	push	{r4, lr}
100041ce:	b082      	sub	sp, #8
100041d0:	23d0      	movs	r3, #208	@ 0xd0
100041d2:	061b      	lsls	r3, r3, #24
100041d4:	681c      	ldr	r4, [r3, #0]
100041d6:	f7fc ffb7 	bl	10001148 <alarm_pool_get_default>
100041da:	f7fd f897 	bl	1000130c <alarm_pool_core_num>
100041de:	42a0      	cmp	r0, r4
100041e0:	d130      	bne.n	10004244 <stdio_usb_init+0x78>
100041e2:	4b27      	ldr	r3, [pc, #156]	@ (10004280 <stdio_usb_init+0xb4>)
100041e4:	781b      	ldrb	r3, [r3, #0]
100041e6:	2100      	movs	r1, #0
100041e8:	2000      	movs	r0, #0
100041ea:	f002 f84f 	bl	1000628c <tusb_rhport_init>
100041ee:	4b25      	ldr	r3, [pc, #148]	@ (10004284 <stdio_usb_init+0xb8>)
100041f0:	681b      	ldr	r3, [r3, #0]
100041f2:	2b00      	cmp	r3, #0
100041f4:	d02c      	beq.n	10004250 <stdio_usb_init+0x84>
100041f6:	2001      	movs	r0, #1
100041f8:	f7fc fd3a 	bl	10000c70 <user_irq_claim_unused>
100041fc:	4c22      	ldr	r4, [pc, #136]	@ (10004288 <stdio_usb_init+0xbc>)
100041fe:	7020      	strb	r0, [r4, #0]
10004200:	4922      	ldr	r1, [pc, #136]	@ (1000428c <stdio_usb_init+0xc0>)
10004202:	23ff      	movs	r3, #255	@ 0xff
10004204:	4018      	ands	r0, r3
10004206:	f7fc fb83 	bl	10000910 <irq_set_exclusive_handler>
1000420a:	7820      	ldrb	r0, [r4, #0]
1000420c:	2101      	movs	r1, #1
1000420e:	f7fc fb57 	bl	100008c0 <irq_set_enabled>
10004212:	2005      	movs	r0, #5
10004214:	f7fc fb6e 	bl	100008f4 <irq_has_shared_handler>
10004218:	1e04      	subs	r4, r0, #0
1000421a:	d01d      	beq.n	10004258 <stdio_usb_init+0x8c>
1000421c:	2001      	movs	r0, #1
1000421e:	f7fc fab1 	bl	10000784 <spin_lock_claim_unused>
10004222:	0001      	movs	r1, r0
10004224:	4b1a      	ldr	r3, [pc, #104]	@ (10004290 <stdio_usb_init+0xc4>)
10004226:	0018      	movs	r0, r3
10004228:	f7fc fd82 	bl	10000d30 <critical_section_init_with_lock_num>
1000422c:	4919      	ldr	r1, [pc, #100]	@ (10004294 <stdio_usb_init+0xc8>)
1000422e:	2200      	movs	r2, #0
10004230:	2005      	movs	r0, #5
10004232:	f7fc fb97 	bl	10000964 <irq_add_shared_handler>
10004236:	4818      	ldr	r0, [pc, #96]	@ (10004298 <stdio_usb_init+0xcc>)
10004238:	2101      	movs	r1, #1
1000423a:	f7ff fdd5 	bl	10003de8 <stdio_set_driver_enabled>
1000423e:	0020      	movs	r0, r4
10004240:	b002      	add	sp, #8
10004242:	bd10      	pop	{r4, pc}
10004244:	4b15      	ldr	r3, [pc, #84]	@ (1000429c <stdio_usb_init+0xd0>)
10004246:	4a16      	ldr	r2, [pc, #88]	@ (100042a0 <stdio_usb_init+0xd4>)
10004248:	4816      	ldr	r0, [pc, #88]	@ (100042a4 <stdio_usb_init+0xd8>)
1000424a:	21c6      	movs	r1, #198	@ 0xc6
1000424c:	f7ff fcb8 	bl	10003bc0 <__assert_func>
10004250:	480c      	ldr	r0, [pc, #48]	@ (10004284 <stdio_usb_init+0xb8>)
10004252:	f7fc fd2b 	bl	10000cac <mutex_init>
10004256:	e7ce      	b.n	100041f6 <stdio_usb_init+0x2a>
10004258:	480d      	ldr	r0, [pc, #52]	@ (10004290 <stdio_usb_init+0xc4>)
1000425a:	2208      	movs	r2, #8
1000425c:	2100      	movs	r1, #0
1000425e:	f7fe fba5 	bl	100029ac <__wrap_memset>
10004262:	4a11      	ldr	r2, [pc, #68]	@ (100042a8 <stdio_usb_init+0xdc>)
10004264:	2301      	movs	r3, #1
10004266:	9300      	str	r3, [sp, #0]
10004268:	2300      	movs	r3, #0
1000426a:	20fa      	movs	r0, #250	@ 0xfa
1000426c:	0080      	lsls	r0, r0, #2
1000426e:	2100      	movs	r1, #0
10004270:	f7ff ff40 	bl	100040f4 <add_alarm_in_us>
10004274:	43c0      	mvns	r0, r0
10004276:	0fc4      	lsrs	r4, r0, #31
10004278:	2800      	cmp	r0, #0
1000427a:	dae0      	bge.n	1000423e <stdio_usb_init+0x72>
1000427c:	e7db      	b.n	10004236 <stdio_usb_init+0x6a>
1000427e:	46c0      	nop			@ (mov r8, r8)
10004280:	10008410 	.word	0x10008410
10004284:	20001de8 	.word	0x20001de8
10004288:	20001e07 	.word	0x20001e07
1000428c:	10004125 	.word	0x10004125
10004290:	20001bbc 	.word	0x20001bbc
10004294:	10004039 	.word	0x10004039
10004298:	20000cc0 	.word	0x20000cc0
1000429c:	100076ec 	.word	0x100076ec
100042a0:	1000803c 	.word	0x1000803c
100042a4:	100076f4 	.word	0x100076f4
100042a8:	10004049 	.word	0x10004049

100042ac <stdio_usb_connected>:
100042ac:	b510      	push	{r4, lr}
100042ae:	2000      	movs	r0, #0
100042b0:	f001 fae6 	bl	10005880 <tud_cdc_n_connected>
100042b4:	bd10      	pop	{r4, pc}
	...

100042b8 <stdio_usb_in_chars>:
100042b8:	b570      	push	{r4, r5, r6, lr}
100042ba:	0005      	movs	r5, r0
100042bc:	000c      	movs	r4, r1
100042be:	f7ff fff5 	bl	100042ac <stdio_usb_connected>
100042c2:	2800      	cmp	r0, #0
100042c4:	d034      	beq.n	10004330 <stdio_usb_in_chars+0x78>
100042c6:	2000      	movs	r0, #0
100042c8:	f001 faf6 	bl	100058b8 <tud_cdc_n_available>
100042cc:	2800      	cmp	r0, #0
100042ce:	d032      	beq.n	10004336 <stdio_usb_in_chars+0x7e>
100042d0:	f7fd f960 	bl	10001594 <time_us_64>
100042d4:	4a1b      	ldr	r2, [pc, #108]	@ (10004344 <stdio_usb_in_chars+0x8c>)
100042d6:	2300      	movs	r3, #0
100042d8:	1812      	adds	r2, r2, r0
100042da:	414b      	adcs	r3, r1
100042dc:	2b00      	cmp	r3, #0
100042de:	db19      	blt.n	10004314 <stdio_usb_in_chars+0x5c>
100042e0:	4819      	ldr	r0, [pc, #100]	@ (10004348 <stdio_usb_in_chars+0x90>)
100042e2:	f002 fdf9 	bl	10006ed8 <__mutex_try_enter_block_until_veneer>
100042e6:	2800      	cmp	r0, #0
100042e8:	d028      	beq.n	1000433c <stdio_usb_in_chars+0x84>
100042ea:	f7ff ffdf 	bl	100042ac <stdio_usb_connected>
100042ee:	2800      	cmp	r0, #0
100042f0:	d004      	beq.n	100042fc <stdio_usb_in_chars+0x44>
100042f2:	2000      	movs	r0, #0
100042f4:	f001 fae0 	bl	100058b8 <tud_cdc_n_available>
100042f8:	2800      	cmp	r0, #0
100042fa:	d10f      	bne.n	1000431c <stdio_usb_in_chars+0x64>
100042fc:	2001      	movs	r0, #1
100042fe:	2100      	movs	r1, #0
10004300:	4240      	negs	r0, r0
10004302:	f001 f85f 	bl	100053c4 <tud_task_ext>
10004306:	2403      	movs	r4, #3
10004308:	4264      	negs	r4, r4
1000430a:	480f      	ldr	r0, [pc, #60]	@ (10004348 <stdio_usb_in_chars+0x90>)
1000430c:	f002 fdb4 	bl	10006e78 <__mutex_exit_veneer>
10004310:	0020      	movs	r0, r4
10004312:	bd70      	pop	{r4, r5, r6, pc}
10004314:	2201      	movs	r2, #1
10004316:	4252      	negs	r2, r2
10004318:	4b0c      	ldr	r3, [pc, #48]	@ (1000434c <stdio_usb_in_chars+0x94>)
1000431a:	e7e1      	b.n	100042e0 <stdio_usb_in_chars+0x28>
1000431c:	0022      	movs	r2, r4
1000431e:	0029      	movs	r1, r5
10004320:	2000      	movs	r0, #0
10004322:	f001 fad5 	bl	100058d0 <tud_cdc_n_read>
10004326:	1e04      	subs	r4, r0, #0
10004328:	d1ef      	bne.n	1000430a <stdio_usb_in_chars+0x52>
1000432a:	2403      	movs	r4, #3
1000432c:	4264      	negs	r4, r4
1000432e:	e7ec      	b.n	1000430a <stdio_usb_in_chars+0x52>
10004330:	2403      	movs	r4, #3
10004332:	4264      	negs	r4, r4
10004334:	e7ec      	b.n	10004310 <stdio_usb_in_chars+0x58>
10004336:	2403      	movs	r4, #3
10004338:	4264      	negs	r4, r4
1000433a:	e7e9      	b.n	10004310 <stdio_usb_in_chars+0x58>
1000433c:	2403      	movs	r4, #3
1000433e:	4264      	negs	r4, r4
10004340:	e7e6      	b.n	10004310 <stdio_usb_in_chars+0x58>
10004342:	46c0      	nop			@ (mov r8, r8)
10004344:	000f4240 	.word	0x000f4240
10004348:	20001de8 	.word	0x20001de8
1000434c:	7fffffff 	.word	0x7fffffff

10004350 <stdio_usb_out_chars>:
10004350:	b5f0      	push	{r4, r5, r6, r7, lr}
10004352:	46c6      	mov	lr, r8
10004354:	b500      	push	{lr}
10004356:	4680      	mov	r8, r0
10004358:	000c      	movs	r4, r1
1000435a:	f7fd f91b 	bl	10001594 <time_us_64>
1000435e:	4a31      	ldr	r2, [pc, #196]	@ (10004424 <stdio_usb_out_chars+0xd4>)
10004360:	2300      	movs	r3, #0
10004362:	1812      	adds	r2, r2, r0
10004364:	414b      	adcs	r3, r1
10004366:	2b00      	cmp	r3, #0
10004368:	db07      	blt.n	1000437a <stdio_usb_out_chars+0x2a>
1000436a:	482f      	ldr	r0, [pc, #188]	@ (10004428 <stdio_usb_out_chars+0xd8>)
1000436c:	f002 fdb4 	bl	10006ed8 <__mutex_try_enter_block_until_veneer>
10004370:	2800      	cmp	r0, #0
10004372:	d106      	bne.n	10004382 <stdio_usb_out_chars+0x32>
10004374:	bc80      	pop	{r7}
10004376:	46b8      	mov	r8, r7
10004378:	bdf0      	pop	{r4, r5, r6, r7, pc}
1000437a:	2201      	movs	r2, #1
1000437c:	4252      	negs	r2, r2
1000437e:	4b2b      	ldr	r3, [pc, #172]	@ (1000442c <stdio_usb_out_chars+0xdc>)
10004380:	e7f3      	b.n	1000436a <stdio_usb_out_chars+0x1a>
10004382:	f7ff ff93 	bl	100042ac <stdio_usb_connected>
10004386:	2800      	cmp	r0, #0
10004388:	d149      	bne.n	1000441e <stdio_usb_out_chars+0xce>
1000438a:	4b29      	ldr	r3, [pc, #164]	@ (10004430 <stdio_usb_out_chars+0xe0>)
1000438c:	2000      	movs	r0, #0
1000438e:	2100      	movs	r1, #0
10004390:	6018      	str	r0, [r3, #0]
10004392:	6059      	str	r1, [r3, #4]
10004394:	4824      	ldr	r0, [pc, #144]	@ (10004428 <stdio_usb_out_chars+0xd8>)
10004396:	f002 fd6f 	bl	10006e78 <__mutex_exit_veneer>
1000439a:	e7eb      	b.n	10004374 <stdio_usb_out_chars+0x24>
1000439c:	2001      	movs	r0, #1
1000439e:	2100      	movs	r1, #0
100043a0:	4240      	negs	r0, r0
100043a2:	f001 f80f 	bl	100053c4 <tud_task_ext>
100043a6:	2000      	movs	r0, #0
100043a8:	f001 faae 	bl	10005908 <tud_cdc_n_write_flush>
100043ac:	f7ff ff7e 	bl	100042ac <stdio_usb_connected>
100043b0:	2800      	cmp	r0, #0
100043b2:	d0ef      	beq.n	10004394 <stdio_usb_out_chars+0x44>
100043b4:	2000      	movs	r0, #0
100043b6:	f001 fb23 	bl	10005a00 <tud_cdc_n_write_available>
100043ba:	2800      	cmp	r0, #0
100043bc:	d020      	beq.n	10004400 <stdio_usb_out_chars+0xb0>
100043be:	42a5      	cmp	r5, r4
100043c0:	dae8      	bge.n	10004394 <stdio_usb_out_chars+0x44>
100043c2:	1b66      	subs	r6, r4, r5
100043c4:	2000      	movs	r0, #0
100043c6:	f001 fb1b 	bl	10005a00 <tud_cdc_n_write_available>
100043ca:	0002      	movs	r2, r0
100043cc:	4286      	cmp	r6, r0
100043ce:	dc00      	bgt.n	100043d2 <stdio_usb_out_chars+0x82>
100043d0:	0032      	movs	r2, r6
100043d2:	2a00      	cmp	r2, #0
100043d4:	d0e2      	beq.n	1000439c <stdio_usb_out_chars+0x4c>
100043d6:	4643      	mov	r3, r8
100043d8:	1959      	adds	r1, r3, r5
100043da:	2000      	movs	r0, #0
100043dc:	f001 faec 	bl	100059b8 <tud_cdc_n_write>
100043e0:	0006      	movs	r6, r0
100043e2:	2001      	movs	r0, #1
100043e4:	2100      	movs	r1, #0
100043e6:	4240      	negs	r0, r0
100043e8:	f000 ffec 	bl	100053c4 <tud_task_ext>
100043ec:	2000      	movs	r0, #0
100043ee:	f001 fa8b 	bl	10005908 <tud_cdc_n_write_flush>
100043f2:	19ad      	adds	r5, r5, r6
100043f4:	f7fd f8ce 	bl	10001594 <time_us_64>
100043f8:	4b0d      	ldr	r3, [pc, #52]	@ (10004430 <stdio_usb_out_chars+0xe0>)
100043fa:	6018      	str	r0, [r3, #0]
100043fc:	6059      	str	r1, [r3, #4]
100043fe:	e7de      	b.n	100043be <stdio_usb_out_chars+0x6e>
10004400:	f7fd f8c8 	bl	10001594 <time_us_64>
10004404:	4b0a      	ldr	r3, [pc, #40]	@ (10004430 <stdio_usb_out_chars+0xe0>)
10004406:	681e      	ldr	r6, [r3, #0]
10004408:	685f      	ldr	r7, [r3, #4]
1000440a:	4a0a      	ldr	r2, [pc, #40]	@ (10004434 <stdio_usb_out_chars+0xe4>)
1000440c:	2300      	movs	r3, #0
1000440e:	1992      	adds	r2, r2, r6
10004410:	417b      	adcs	r3, r7
10004412:	4299      	cmp	r1, r3
10004414:	d8be      	bhi.n	10004394 <stdio_usb_out_chars+0x44>
10004416:	d1d2      	bne.n	100043be <stdio_usb_out_chars+0x6e>
10004418:	4290      	cmp	r0, r2
1000441a:	d9d0      	bls.n	100043be <stdio_usb_out_chars+0x6e>
1000441c:	e7ba      	b.n	10004394 <stdio_usb_out_chars+0x44>
1000441e:	2500      	movs	r5, #0
10004420:	e7cd      	b.n	100043be <stdio_usb_out_chars+0x6e>
10004422:	46c0      	nop			@ (mov r8, r8)
10004424:	000f4240 	.word	0x000f4240
10004428:	20001de8 	.word	0x20001de8
1000442c:	7fffffff 	.word	0x7fffffff
10004430:	20000e80 	.word	0x20000e80
10004434:	0007a120 	.word	0x0007a120

10004438 <tud_descriptor_device_cb>:
10004438:	4800      	ldr	r0, [pc, #0]	@ (1000443c <tud_descriptor_device_cb+0x4>)
1000443a:	4770      	bx	lr
1000443c:	100080b8 	.word	0x100080b8

10004440 <tud_descriptor_configuration_cb>:
10004440:	4800      	ldr	r0, [pc, #0]	@ (10004444 <tud_descriptor_configuration_cb+0x4>)
10004442:	4770      	bx	lr
10004444:	10008064 	.word	0x10008064

10004448 <tud_descriptor_string_cb>:
10004448:	b510      	push	{r4, lr}
1000444a:	0004      	movs	r4, r0
1000444c:	4b15      	ldr	r3, [pc, #84]	@ (100044a4 <tud_descriptor_string_cb+0x5c>)
1000444e:	781b      	ldrb	r3, [r3, #0]
10004450:	2b00      	cmp	r3, #0
10004452:	d00e      	beq.n	10004472 <tud_descriptor_string_cb+0x2a>
10004454:	2c00      	cmp	r4, #0
10004456:	d111      	bne.n	1000447c <tud_descriptor_string_cb+0x34>
10004458:	4b13      	ldr	r3, [pc, #76]	@ (100044a8 <tud_descriptor_string_cb+0x60>)
1000445a:	4a14      	ldr	r2, [pc, #80]	@ (100044ac <tud_descriptor_string_cb+0x64>)
1000445c:	805a      	strh	r2, [r3, #2]
1000445e:	2301      	movs	r3, #1
10004460:	3301      	adds	r3, #1
10004462:	005b      	lsls	r3, r3, #1
10004464:	b29b      	uxth	r3, r3
10004466:	4810      	ldr	r0, [pc, #64]	@ (100044a8 <tud_descriptor_string_cb+0x60>)
10004468:	22c0      	movs	r2, #192	@ 0xc0
1000446a:	0092      	lsls	r2, r2, #2
1000446c:	4313      	orrs	r3, r2
1000446e:	8003      	strh	r3, [r0, #0]
10004470:	bd10      	pop	{r4, pc}
10004472:	480c      	ldr	r0, [pc, #48]	@ (100044a4 <tud_descriptor_string_cb+0x5c>)
10004474:	2111      	movs	r1, #17
10004476:	f000 f825 	bl	100044c4 <pico_get_unique_board_id_string>
1000447a:	e7eb      	b.n	10004454 <tud_descriptor_string_cb+0xc>
1000447c:	2c05      	cmp	r4, #5
1000447e:	d80e      	bhi.n	1000449e <tud_descriptor_string_cb+0x56>
10004480:	4b0b      	ldr	r3, [pc, #44]	@ (100044b0 <tud_descriptor_string_cb+0x68>)
10004482:	00a4      	lsls	r4, r4, #2
10004484:	58e4      	ldr	r4, [r4, r3]
10004486:	2300      	movs	r3, #0
10004488:	2b12      	cmp	r3, #18
1000448a:	d8e9      	bhi.n	10004460 <tud_descriptor_string_cb+0x18>
1000448c:	5ce1      	ldrb	r1, [r4, r3]
1000448e:	2900      	cmp	r1, #0
10004490:	d0e6      	beq.n	10004460 <tud_descriptor_string_cb+0x18>
10004492:	3301      	adds	r3, #1
10004494:	4a04      	ldr	r2, [pc, #16]	@ (100044a8 <tud_descriptor_string_cb+0x60>)
10004496:	0058      	lsls	r0, r3, #1
10004498:	5281      	strh	r1, [r0, r2]
1000449a:	b2db      	uxtb	r3, r3
1000449c:	e7f4      	b.n	10004488 <tud_descriptor_string_cb+0x40>
1000449e:	2000      	movs	r0, #0
100044a0:	e7e6      	b.n	10004470 <tud_descriptor_string_cb+0x28>
100044a2:	46c0      	nop			@ (mov r8, r8)
100044a4:	20001df0 	.word	0x20001df0
100044a8:	20001708 	.word	0x20001708
100044ac:	00000409 	.word	0x00000409
100044b0:	1000804c 	.word	0x1000804c

100044b4 <_retrieve_unique_id_on_boot>:
100044b4:	b510      	push	{r4, lr}
100044b6:	4802      	ldr	r0, [pc, #8]	@ (100044c0 <_retrieve_unique_id_on_boot+0xc>)
100044b8:	f000 f830 	bl	1000451c <flash_get_unique_id>
100044bc:	bd10      	pop	{r4, pc}
100044be:	46c0      	nop			@ (mov r8, r8)
100044c0:	20001bd4 	.word	0x20001bd4

100044c4 <pico_get_unique_board_id_string>:
100044c4:	b510      	push	{r4, lr}
100044c6:	2900      	cmp	r1, #0
100044c8:	d001      	beq.n	100044ce <pico_get_unique_board_id_string+0xa>
100044ca:	2300      	movs	r3, #0
100044cc:	e008      	b.n	100044e0 <pico_get_unique_board_id_string+0x1c>
100044ce:	4b0f      	ldr	r3, [pc, #60]	@ (1000450c <pico_get_unique_board_id_string+0x48>)
100044d0:	4a0f      	ldr	r2, [pc, #60]	@ (10004510 <pico_get_unique_board_id_string+0x4c>)
100044d2:	4810      	ldr	r0, [pc, #64]	@ (10004514 <pico_get_unique_board_id_string+0x50>)
100044d4:	313b      	adds	r1, #59	@ 0x3b
100044d6:	f7ff fb73 	bl	10003bc0 <__assert_func>
100044da:	3237      	adds	r2, #55	@ 0x37
100044dc:	54c2      	strb	r2, [r0, r3]
100044de:	3301      	adds	r3, #1
100044e0:	1e4a      	subs	r2, r1, #1
100044e2:	429a      	cmp	r2, r3
100044e4:	d90e      	bls.n	10004504 <pico_get_unique_board_id_string+0x40>
100044e6:	2b0f      	cmp	r3, #15
100044e8:	d80c      	bhi.n	10004504 <pico_get_unique_board_id_string+0x40>
100044ea:	085a      	lsrs	r2, r3, #1
100044ec:	4c0a      	ldr	r4, [pc, #40]	@ (10004518 <pico_get_unique_board_id_string+0x54>)
100044ee:	5ca4      	ldrb	r4, [r4, r2]
100044f0:	2201      	movs	r2, #1
100044f2:	439a      	bics	r2, r3
100044f4:	0092      	lsls	r2, r2, #2
100044f6:	4114      	asrs	r4, r2
100044f8:	220f      	movs	r2, #15
100044fa:	4022      	ands	r2, r4
100044fc:	2a09      	cmp	r2, #9
100044fe:	dcec      	bgt.n	100044da <pico_get_unique_board_id_string+0x16>
10004500:	3230      	adds	r2, #48	@ 0x30
10004502:	e7eb      	b.n	100044dc <pico_get_unique_board_id_string+0x18>
10004504:	18c0      	adds	r0, r0, r3
10004506:	2300      	movs	r3, #0
10004508:	7003      	strb	r3, [r0, #0]
1000450a:	bd10      	pop	{r4, pc}
1000450c:	10007784 	.word	0x10007784
10004510:	100080cc 	.word	0x100080cc
10004514:	1000778c 	.word	0x1000778c
10004518:	20001bd4 	.word	0x20001bd4

1000451c <flash_get_unique_id>:
1000451c:	b570      	push	{r4, r5, r6, lr}
1000451e:	b088      	sub	sp, #32
10004520:	0004      	movs	r4, r0
10004522:	ad04      	add	r5, sp, #16
10004524:	220d      	movs	r2, #13
10004526:	2100      	movs	r1, #0
10004528:	0028      	movs	r0, r5
1000452a:	f7fe fa3f 	bl	100029ac <__wrap_memset>
1000452e:	220d      	movs	r2, #13
10004530:	2100      	movs	r1, #0
10004532:	4668      	mov	r0, sp
10004534:	f7fe fa3a 	bl	100029ac <__wrap_memset>
10004538:	234b      	movs	r3, #75	@ 0x4b
1000453a:	702b      	strb	r3, [r5, #0]
1000453c:	220d      	movs	r2, #13
1000453e:	4669      	mov	r1, sp
10004540:	0028      	movs	r0, r5
10004542:	f002 fc91 	bl	10006e68 <__flash_do_cmd_veneer>
10004546:	2300      	movs	r3, #0
10004548:	e004      	b.n	10004554 <flash_get_unique_id+0x38>
1000454a:	1d5a      	adds	r2, r3, #5
1000454c:	4669      	mov	r1, sp
1000454e:	5c8a      	ldrb	r2, [r1, r2]
10004550:	54e2      	strb	r2, [r4, r3]
10004552:	3301      	adds	r3, #1
10004554:	2b07      	cmp	r3, #7
10004556:	ddf8      	ble.n	1000454a <flash_get_unique_id+0x2e>
10004558:	b008      	add	sp, #32
1000455a:	bd70      	pop	{r4, r5, r6, pc}

1000455c <hw_endpoint_init>:
1000455c:	b570      	push	{r4, r5, r6, lr}
1000455e:	b082      	sub	sp, #8
10004560:	237f      	movs	r3, #127	@ 0x7f
10004562:	4003      	ands	r3, r0
10004564:	09c5      	lsrs	r5, r0, #7
10004566:	4c27      	ldr	r4, [pc, #156]	@ (10004604 <hw_endpoint_init+0xa8>)
10004568:	005e      	lsls	r6, r3, #1
1000456a:	1976      	adds	r6, r6, r5
1000456c:	0176      	lsls	r6, r6, #5
1000456e:	19a4      	adds	r4, r4, r6
10004570:	70a0      	strb	r0, [r4, #2]
10004572:	4268      	negs	r0, r5
10004574:	4168      	adcs	r0, r5
10004576:	7060      	strb	r0, [r4, #1]
10004578:	2000      	movs	r0, #0
1000457a:	70e0      	strb	r0, [r4, #3]
1000457c:	8321      	strh	r1, [r4, #24]
1000457e:	76e2      	strb	r2, [r4, #27]
10004580:	2d01      	cmp	r5, #1
10004582:	d01e      	beq.n	100045c2 <hw_endpoint_init+0x66>
10004584:	00d8      	lsls	r0, r3, #3
10004586:	4a20      	ldr	r2, [pc, #128]	@ (10004608 <hw_endpoint_init+0xac>)
10004588:	4694      	mov	ip, r2
1000458a:	4460      	add	r0, ip
1000458c:	4a1d      	ldr	r2, [pc, #116]	@ (10004604 <hw_endpoint_init+0xa8>)
1000458e:	0059      	lsls	r1, r3, #1
10004590:	1949      	adds	r1, r1, r5
10004592:	0149      	lsls	r1, r1, #5
10004594:	1852      	adds	r2, r2, r1
10004596:	6090      	str	r0, [r2, #8]
10004598:	4a1a      	ldr	r2, [pc, #104]	@ (10004604 <hw_endpoint_init+0xa8>)
1000459a:	0059      	lsls	r1, r3, #1
1000459c:	1949      	adds	r1, r1, r5
1000459e:	0149      	lsls	r1, r1, #5
100045a0:	1852      	adds	r2, r2, r1
100045a2:	6892      	ldr	r2, [r2, #8]
100045a4:	2100      	movs	r1, #0
100045a6:	6011      	str	r1, [r2, #0]
100045a8:	2b00      	cmp	r3, #0
100045aa:	d110      	bne.n	100045ce <hw_endpoint_init+0x72>
100045ac:	4a15      	ldr	r2, [pc, #84]	@ (10004604 <hw_endpoint_init+0xa8>)
100045ae:	005b      	lsls	r3, r3, #1
100045b0:	195b      	adds	r3, r3, r5
100045b2:	015b      	lsls	r3, r3, #5
100045b4:	18d3      	adds	r3, r2, r3
100045b6:	2200      	movs	r2, #0
100045b8:	605a      	str	r2, [r3, #4]
100045ba:	4a14      	ldr	r2, [pc, #80]	@ (1000460c <hw_endpoint_init+0xb0>)
100045bc:	60da      	str	r2, [r3, #12]
100045be:	b002      	add	sp, #8
100045c0:	bd70      	pop	{r4, r5, r6, pc}
100045c2:	00d8      	lsls	r0, r3, #3
100045c4:	4a12      	ldr	r2, [pc, #72]	@ (10004610 <hw_endpoint_init+0xb4>)
100045c6:	4694      	mov	ip, r2
100045c8:	4460      	add	r0, ip
100045ca:	60a0      	str	r0, [r4, #8]
100045cc:	e7e4      	b.n	10004598 <hw_endpoint_init+0x3c>
100045ce:	2d01      	cmp	r5, #1
100045d0:	d00b      	beq.n	100045ea <hw_endpoint_init+0x8e>
100045d2:	1e59      	subs	r1, r3, #1
100045d4:	00c9      	lsls	r1, r1, #3
100045d6:	4a0f      	ldr	r2, [pc, #60]	@ (10004614 <hw_endpoint_init+0xb8>)
100045d8:	4694      	mov	ip, r2
100045da:	4461      	add	r1, ip
100045dc:	4a09      	ldr	r2, [pc, #36]	@ (10004604 <hw_endpoint_init+0xa8>)
100045de:	005b      	lsls	r3, r3, #1
100045e0:	195b      	adds	r3, r3, r5
100045e2:	015b      	lsls	r3, r3, #5
100045e4:	18d2      	adds	r2, r2, r3
100045e6:	6051      	str	r1, [r2, #4]
100045e8:	e7e9      	b.n	100045be <hw_endpoint_init+0x62>
100045ea:	1e59      	subs	r1, r3, #1
100045ec:	00c9      	lsls	r1, r1, #3
100045ee:	4a0a      	ldr	r2, [pc, #40]	@ (10004618 <hw_endpoint_init+0xbc>)
100045f0:	4694      	mov	ip, r2
100045f2:	4461      	add	r1, ip
100045f4:	4a03      	ldr	r2, [pc, #12]	@ (10004604 <hw_endpoint_init+0xa8>)
100045f6:	005b      	lsls	r3, r3, #1
100045f8:	195b      	adds	r3, r3, r5
100045fa:	015b      	lsls	r3, r3, #5
100045fc:	18d2      	adds	r2, r2, r3
100045fe:	6051      	str	r1, [r2, #4]
10004600:	e7dd      	b.n	100045be <hw_endpoint_init+0x62>
10004602:	46c0      	nop			@ (mov r8, r8)
10004604:	2000173c 	.word	0x2000173c
10004608:	50100084 	.word	0x50100084
1000460c:	50100100 	.word	0x50100100
10004610:	50100080 	.word	0x50100080
10004614:	5010000c 	.word	0x5010000c
10004618:	50100008 	.word	0x50100008

1000461c <hw_endpoint_alloc>:
1000461c:	b510      	push	{r4, lr}
1000461e:	8b03      	ldrh	r3, [r0, #24]
10004620:	333f      	adds	r3, #63	@ 0x3f
10004622:	223f      	movs	r2, #63	@ 0x3f
10004624:	4393      	bics	r3, r2
10004626:	7ec2      	ldrb	r2, [r0, #27]
10004628:	2a02      	cmp	r2, #2
1000462a:	d008      	beq.n	1000463e <hw_endpoint_alloc+0x22>
1000462c:	4908      	ldr	r1, [pc, #32]	@ (10004650 <hw_endpoint_alloc+0x34>)
1000462e:	680a      	ldr	r2, [r1, #0]
10004630:	60c2      	str	r2, [r0, #12]
10004632:	18d3      	adds	r3, r2, r3
10004634:	600b      	str	r3, [r1, #0]
10004636:	4a07      	ldr	r2, [pc, #28]	@ (10004654 <hw_endpoint_alloc+0x38>)
10004638:	4293      	cmp	r3, r2
1000463a:	d802      	bhi.n	10004642 <hw_endpoint_alloc+0x26>
1000463c:	bd10      	pop	{r4, pc}
1000463e:	005b      	lsls	r3, r3, #1
10004640:	e7f4      	b.n	1000462c <hw_endpoint_alloc+0x10>
10004642:	4b05      	ldr	r3, [pc, #20]	@ (10004658 <hw_endpoint_alloc+0x3c>)
10004644:	4a05      	ldr	r2, [pc, #20]	@ (1000465c <hw_endpoint_alloc+0x40>)
10004646:	4806      	ldr	r0, [pc, #24]	@ (10004660 <hw_endpoint_alloc+0x44>)
10004648:	2152      	movs	r1, #82	@ 0x52
1000464a:	f7ff fab9 	bl	10003bc0 <__assert_func>
1000464e:	46c0      	nop			@ (mov r8, r8)
10004650:	20001bb8 	.word	0x20001bb8
10004654:	50100fff 	.word	0x50100fff
10004658:	100079e4 	.word	0x100079e4
1000465c:	1000812c 	.word	0x1000812c
10004660:	10007a28 	.word	0x10007a28

10004664 <hw_endpoint_open>:
10004664:	b5f8      	push	{r3, r4, r5, r6, r7, lr}
10004666:	257f      	movs	r5, #127	@ 0x7f
10004668:	4005      	ands	r5, r0
1000466a:	09c6      	lsrs	r6, r0, #7
1000466c:	006b      	lsls	r3, r5, #1
1000466e:	199b      	adds	r3, r3, r6
10004670:	015b      	lsls	r3, r3, #5
10004672:	4c0e      	ldr	r4, [pc, #56]	@ (100046ac <hw_endpoint_open+0x48>)
10004674:	191c      	adds	r4, r3, r4
10004676:	f7ff ff71 	bl	1000455c <hw_endpoint_init>
1000467a:	2d00      	cmp	r5, #0
1000467c:	d100      	bne.n	10004680 <hw_endpoint_open+0x1c>
1000467e:	bdf8      	pop	{r3, r4, r5, r6, r7, pc}
10004680:	4b0a      	ldr	r3, [pc, #40]	@ (100046ac <hw_endpoint_open+0x48>)
10004682:	006d      	lsls	r5, r5, #1
10004684:	19ad      	adds	r5, r5, r6
10004686:	016d      	lsls	r5, r5, #5
10004688:	195d      	adds	r5, r3, r5
1000468a:	8b29      	ldrh	r1, [r5, #24]
1000468c:	0020      	movs	r0, r4
1000468e:	f7ff ffc5 	bl	1000461c <hw_endpoint_alloc>
10004692:	7eeb      	ldrb	r3, [r5, #27]
10004694:	069b      	lsls	r3, r3, #26
10004696:	68e9      	ldr	r1, [r5, #12]
10004698:	4a05      	ldr	r2, [pc, #20]	@ (100046b0 <hw_endpoint_open+0x4c>)
1000469a:	404a      	eors	r2, r1
1000469c:	4313      	orrs	r3, r2
1000469e:	2280      	movs	r2, #128	@ 0x80
100046a0:	0612      	lsls	r2, r2, #24
100046a2:	4313      	orrs	r3, r2
100046a4:	686a      	ldr	r2, [r5, #4]
100046a6:	6013      	str	r3, [r2, #0]
100046a8:	e7e9      	b.n	1000467e <hw_endpoint_open+0x1a>
100046aa:	46c0      	nop			@ (mov r8, r8)
100046ac:	2000173c 	.word	0x2000173c
100046b0:	50100000 	.word	0x50100000

100046b4 <hw_endpoint_xfer>:
100046b4:	b510      	push	{r4, lr}
100046b6:	0004      	movs	r4, r0
100046b8:	207f      	movs	r0, #127	@ 0x7f
100046ba:	4020      	ands	r0, r4
100046bc:	09e4      	lsrs	r4, r4, #7
100046be:	0040      	lsls	r0, r0, #1
100046c0:	1900      	adds	r0, r0, r4
100046c2:	0140      	lsls	r0, r0, #5
100046c4:	4b02      	ldr	r3, [pc, #8]	@ (100046d0 <hw_endpoint_xfer+0x1c>)
100046c6:	18c0      	adds	r0, r0, r3
100046c8:	f000 f926 	bl	10004918 <hw_endpoint_xfer_start>
100046cc:	bd10      	pop	{r4, pc}
100046ce:	46c0      	nop			@ (mov r8, r8)
100046d0:	2000173c 	.word	0x2000173c

100046d4 <dcd_int_enable>:
100046d4:	b510      	push	{r4, lr}
100046d6:	2800      	cmp	r0, #0
100046d8:	d104      	bne.n	100046e4 <dcd_int_enable+0x10>
100046da:	2101      	movs	r1, #1
100046dc:	2005      	movs	r0, #5
100046de:	f7fc f8ef 	bl	100008c0 <irq_set_enabled>
100046e2:	bd10      	pop	{r4, pc}
100046e4:	4b03      	ldr	r3, [pc, #12]	@ (100046f4 <dcd_int_enable+0x20>)
100046e6:	4a04      	ldr	r2, [pc, #16]	@ (100046f8 <dcd_int_enable+0x24>)
100046e8:	2198      	movs	r1, #152	@ 0x98
100046ea:	4804      	ldr	r0, [pc, #16]	@ (100046fc <dcd_int_enable+0x28>)
100046ec:	31ff      	adds	r1, #255	@ 0xff
100046ee:	f7ff fa67 	bl	10003bc0 <__assert_func>
100046f2:	46c0      	nop			@ (mov r8, r8)
100046f4:	10007a98 	.word	0x10007a98
100046f8:	1000811c 	.word	0x1000811c
100046fc:	10007a28 	.word	0x10007a28

10004700 <dcd_set_address>:
10004700:	b510      	push	{r4, lr}
10004702:	2800      	cmp	r0, #0
10004704:	d105      	bne.n	10004712 <dcd_set_address+0x12>
10004706:	2200      	movs	r2, #0
10004708:	2100      	movs	r1, #0
1000470a:	2080      	movs	r0, #128	@ 0x80
1000470c:	f7ff ffd2 	bl	100046b4 <hw_endpoint_xfer>
10004710:	bd10      	pop	{r4, pc}
10004712:	4b03      	ldr	r3, [pc, #12]	@ (10004720 <dcd_set_address+0x20>)
10004714:	4a03      	ldr	r2, [pc, #12]	@ (10004724 <dcd_set_address+0x24>)
10004716:	21a2      	movs	r1, #162	@ 0xa2
10004718:	4803      	ldr	r0, [pc, #12]	@ (10004728 <dcd_set_address+0x28>)
1000471a:	31ff      	adds	r1, #255	@ 0xff
1000471c:	f7ff fa50 	bl	10003bc0 <__assert_func>
10004720:	10007a98 	.word	0x10007a98
10004724:	1000810c 	.word	0x1000810c
10004728:	10007a28 	.word	0x10007a28

1000472c <dcd_connect>:
1000472c:	4b02      	ldr	r3, [pc, #8]	@ (10004738 <dcd_connect+0xc>)
1000472e:	2280      	movs	r2, #128	@ 0x80
10004730:	0252      	lsls	r2, r2, #9
10004732:	64da      	str	r2, [r3, #76]	@ 0x4c
10004734:	4770      	bx	lr
10004736:	46c0      	nop			@ (mov r8, r8)
10004738:	50112000 	.word	0x50112000

1000473c <dcd_init>:
1000473c:	b570      	push	{r4, r5, r6, lr}
1000473e:	1e04      	subs	r4, r0, #0
10004740:	d127      	bne.n	10004792 <dcd_init+0x56>
10004742:	f000 f8c7 	bl	100048d4 <rp2040_usb_init>
10004746:	4d16      	ldr	r5, [pc, #88]	@ (100047a0 <dcd_init+0x64>)
10004748:	230c      	movs	r3, #12
1000474a:	67ab      	str	r3, [r5, #120]	@ 0x78
1000474c:	4915      	ldr	r1, [pc, #84]	@ (100047a4 <dcd_init+0x68>)
1000474e:	22ff      	movs	r2, #255	@ 0xff
10004750:	2005      	movs	r0, #5
10004752:	f7fc f907 	bl	10000964 <irq_add_shared_handler>
10004756:	4814      	ldr	r0, [pc, #80]	@ (100047a8 <dcd_init+0x6c>)
10004758:	2240      	movs	r2, #64	@ 0x40
1000475a:	2100      	movs	r1, #0
1000475c:	f7fe f926 	bl	100029ac <__wrap_memset>
10004760:	2200      	movs	r2, #0
10004762:	2140      	movs	r1, #64	@ 0x40
10004764:	2000      	movs	r0, #0
10004766:	f7ff ff7d 	bl	10004664 <hw_endpoint_open>
1000476a:	2200      	movs	r2, #0
1000476c:	2140      	movs	r1, #64	@ 0x40
1000476e:	2080      	movs	r0, #128	@ 0x80
10004770:	f7ff ff78 	bl	10004664 <hw_endpoint_open>
10004774:	f002 fbe0 	bl	10006f38 <__reset_non_control_endpoints_veneer>
10004778:	2301      	movs	r3, #1
1000477a:	642b      	str	r3, [r5, #64]	@ 0x40
1000477c:	2380      	movs	r3, #128	@ 0x80
1000477e:	059b      	lsls	r3, r3, #22
10004780:	64eb      	str	r3, [r5, #76]	@ 0x4c
10004782:	2390      	movs	r3, #144	@ 0x90
10004784:	4a09      	ldr	r2, [pc, #36]	@ (100047ac <dcd_init+0x70>)
10004786:	50ea      	str	r2, [r5, r3]
10004788:	0020      	movs	r0, r4
1000478a:	f7ff ffcf 	bl	1000472c <dcd_connect>
1000478e:	2001      	movs	r0, #1
10004790:	bd70      	pop	{r4, r5, r6, pc}
10004792:	4b07      	ldr	r3, [pc, #28]	@ (100047b0 <dcd_init+0x74>)
10004794:	4a07      	ldr	r2, [pc, #28]	@ (100047b4 <dcd_init+0x78>)
10004796:	2164      	movs	r1, #100	@ 0x64
10004798:	4807      	ldr	r0, [pc, #28]	@ (100047b8 <dcd_init+0x7c>)
1000479a:	31ff      	adds	r1, #255	@ 0xff
1000479c:	f7ff fa10 	bl	10003bc0 <__assert_func>
100047a0:	50110000 	.word	0x50110000
100047a4:	200004bd 	.word	0x200004bd
100047a8:	2000173c 	.word	0x2000173c
100047ac:	0001d010 	.word	0x0001d010
100047b0:	10007a98 	.word	0x10007a98
100047b4:	10008140 	.word	0x10008140
100047b8:	10007a28 	.word	0x10007a28

100047bc <dcd_sof_enable>:
100047bc:	4b04      	ldr	r3, [pc, #16]	@ (100047d0 <dcd_sof_enable+0x14>)
100047be:	7019      	strb	r1, [r3, #0]
100047c0:	2900      	cmp	r1, #0
100047c2:	d004      	beq.n	100047ce <dcd_sof_enable+0x12>
100047c4:	4a03      	ldr	r2, [pc, #12]	@ (100047d4 <dcd_sof_enable+0x18>)
100047c6:	2390      	movs	r3, #144	@ 0x90
100047c8:	2180      	movs	r1, #128	@ 0x80
100047ca:	0289      	lsls	r1, r1, #10
100047cc:	50d1      	str	r1, [r2, r3]
100047ce:	4770      	bx	lr
100047d0:	20001e02 	.word	0x20001e02
100047d4:	50112000 	.word	0x50112000

100047d8 <dcd_edpt0_status_complete>:
100047d8:	780b      	ldrb	r3, [r1, #0]
100047da:	065b      	lsls	r3, r3, #25
100047dc:	d102      	bne.n	100047e4 <dcd_edpt0_status_complete+0xc>
100047de:	784b      	ldrb	r3, [r1, #1]
100047e0:	2b05      	cmp	r3, #5
100047e2:	d000      	beq.n	100047e6 <dcd_edpt0_status_complete+0xe>
100047e4:	4770      	bx	lr
100047e6:	788a      	ldrb	r2, [r1, #2]
100047e8:	4b01      	ldr	r3, [pc, #4]	@ (100047f0 <dcd_edpt0_status_complete+0x18>)
100047ea:	601a      	str	r2, [r3, #0]
100047ec:	e7fa      	b.n	100047e4 <dcd_edpt0_status_complete+0xc>
100047ee:	46c0      	nop			@ (mov r8, r8)
100047f0:	50110000 	.word	0x50110000

100047f4 <dcd_edpt_open>:
100047f4:	b510      	push	{r4, lr}
100047f6:	78ca      	ldrb	r2, [r1, #3]
100047f8:	0792      	lsls	r2, r2, #30
100047fa:	0f92      	lsrs	r2, r2, #30
100047fc:	2a01      	cmp	r2, #1
100047fe:	d00a      	beq.n	10004816 <dcd_edpt_open+0x22>
10004800:	7888      	ldrb	r0, [r1, #2]
10004802:	790b      	ldrb	r3, [r1, #4]
10004804:	7949      	ldrb	r1, [r1, #5]
10004806:	0209      	lsls	r1, r1, #8
10004808:	4319      	orrs	r1, r3
1000480a:	0549      	lsls	r1, r1, #21
1000480c:	0d49      	lsrs	r1, r1, #21
1000480e:	f7ff ff29 	bl	10004664 <hw_endpoint_open>
10004812:	2001      	movs	r0, #1
10004814:	bd10      	pop	{r4, pc}
10004816:	2000      	movs	r0, #0
10004818:	e7fc      	b.n	10004814 <dcd_edpt_open+0x20>

1000481a <dcd_edpt_close_all>:
1000481a:	b510      	push	{r4, lr}
1000481c:	f002 fb8c 	bl	10006f38 <__reset_non_control_endpoints_veneer>
10004820:	bd10      	pop	{r4, pc}
	...

10004824 <dcd_edpt_xfer>:
10004824:	b510      	push	{r4, lr}
10004826:	0004      	movs	r4, r0
10004828:	0008      	movs	r0, r1
1000482a:	0011      	movs	r1, r2
1000482c:	001a      	movs	r2, r3
1000482e:	2c00      	cmp	r4, #0
10004830:	d103      	bne.n	1000483a <dcd_edpt_xfer+0x16>
10004832:	f7ff ff3f 	bl	100046b4 <hw_endpoint_xfer>
10004836:	2001      	movs	r0, #1
10004838:	bd10      	pop	{r4, pc}
1000483a:	4b03      	ldr	r3, [pc, #12]	@ (10004848 <dcd_edpt_xfer+0x24>)
1000483c:	4a03      	ldr	r2, [pc, #12]	@ (1000484c <dcd_edpt_xfer+0x28>)
1000483e:	2181      	movs	r1, #129	@ 0x81
10004840:	4803      	ldr	r0, [pc, #12]	@ (10004850 <dcd_edpt_xfer+0x2c>)
10004842:	0089      	lsls	r1, r1, #2
10004844:	f7ff f9bc 	bl	10003bc0 <__assert_func>
10004848:	10007a98 	.word	0x10007a98
1000484c:	100080fc 	.word	0x100080fc
10004850:	10007a28 	.word	0x10007a28

10004854 <dcd_edpt_stall>:
10004854:	b510      	push	{r4, lr}
10004856:	237f      	movs	r3, #127	@ 0x7f
10004858:	0018      	movs	r0, r3
1000485a:	4008      	ands	r0, r1
1000485c:	420b      	tst	r3, r1
1000485e:	d105      	bne.n	1000486c <dcd_edpt_stall+0x18>
10004860:	09cb      	lsrs	r3, r1, #7
10004862:	2b01      	cmp	r3, #1
10004864:	d00e      	beq.n	10004884 <dcd_edpt_stall+0x30>
10004866:	2202      	movs	r2, #2
10004868:	4b07      	ldr	r3, [pc, #28]	@ (10004888 <dcd_edpt_stall+0x34>)
1000486a:	669a      	str	r2, [r3, #104]	@ 0x68
1000486c:	09c9      	lsrs	r1, r1, #7
1000486e:	0040      	lsls	r0, r0, #1
10004870:	1840      	adds	r0, r0, r1
10004872:	0140      	lsls	r0, r0, #5
10004874:	4b05      	ldr	r3, [pc, #20]	@ (1000488c <dcd_edpt_stall+0x38>)
10004876:	18c0      	adds	r0, r0, r3
10004878:	2280      	movs	r2, #128	@ 0x80
1000487a:	0112      	lsls	r2, r2, #4
1000487c:	2100      	movs	r1, #0
1000487e:	f002 fb43 	bl	10006f08 <___hw_endpoint_buffer_control_update32_veneer>
10004882:	bd10      	pop	{r4, pc}
10004884:	2201      	movs	r2, #1
10004886:	e7ef      	b.n	10004868 <dcd_edpt_stall+0x14>
10004888:	50112000 	.word	0x50112000
1000488c:	2000173c 	.word	0x2000173c

10004890 <dcd_edpt_clear_stall>:
10004890:	b510      	push	{r4, lr}
10004892:	227f      	movs	r2, #127	@ 0x7f
10004894:	0010      	movs	r0, r2
10004896:	4008      	ands	r0, r1
10004898:	420a      	tst	r2, r1
1000489a:	d100      	bne.n	1000489e <dcd_edpt_clear_stall+0xe>
1000489c:	bd10      	pop	{r4, pc}
1000489e:	09c9      	lsrs	r1, r1, #7
100048a0:	0040      	lsls	r0, r0, #1
100048a2:	1840      	adds	r0, r0, r1
100048a4:	0140      	lsls	r0, r0, #5
100048a6:	4b04      	ldr	r3, [pc, #16]	@ (100048b8 <dcd_edpt_clear_stall+0x28>)
100048a8:	18c0      	adds	r0, r0, r3
100048aa:	2300      	movs	r3, #0
100048ac:	70c3      	strb	r3, [r0, #3]
100048ae:	2200      	movs	r2, #0
100048b0:	4902      	ldr	r1, [pc, #8]	@ (100048bc <dcd_edpt_clear_stall+0x2c>)
100048b2:	f002 fb29 	bl	10006f08 <___hw_endpoint_buffer_control_update32_veneer>
100048b6:	e7f1      	b.n	1000489c <dcd_edpt_clear_stall+0xc>
100048b8:	2000173c 	.word	0x2000173c
100048bc:	fffff7ff 	.word	0xfffff7ff

100048c0 <unaligned_memcpy>:
100048c0:	e004      	b.n	100048cc <unaligned_memcpy+0xc>
100048c2:	780a      	ldrb	r2, [r1, #0]
100048c4:	7002      	strb	r2, [r0, #0]
100048c6:	3101      	adds	r1, #1
100048c8:	3001      	adds	r0, #1
100048ca:	001a      	movs	r2, r3
100048cc:	1e53      	subs	r3, r2, #1
100048ce:	2a00      	cmp	r2, #0
100048d0:	d1f7      	bne.n	100048c2 <unaligned_memcpy+0x2>
100048d2:	4770      	bx	lr

100048d4 <rp2040_usb_init>:
100048d4:	b510      	push	{r4, lr}
100048d6:	2380      	movs	r3, #128	@ 0x80
100048d8:	045b      	lsls	r3, r3, #17
100048da:	4a0a      	ldr	r2, [pc, #40]	@ (10004904 <rp2040_usb_init+0x30>)
100048dc:	6013      	str	r3, [r2, #0]
100048de:	4a0a      	ldr	r2, [pc, #40]	@ (10004908 <rp2040_usb_init+0x34>)
100048e0:	6013      	str	r3, [r2, #0]
100048e2:	4b0a      	ldr	r3, [pc, #40]	@ (1000490c <rp2040_usb_init+0x38>)
100048e4:	681a      	ldr	r2, [r3, #0]
100048e6:	2380      	movs	r3, #128	@ 0x80
100048e8:	045b      	lsls	r3, r3, #17
100048ea:	4393      	bics	r3, r2
100048ec:	d1f9      	bne.n	100048e2 <rp2040_usb_init+0xe>
100048ee:	2280      	movs	r2, #128	@ 0x80
100048f0:	0152      	lsls	r2, r2, #5
100048f2:	2100      	movs	r1, #0
100048f4:	4806      	ldr	r0, [pc, #24]	@ (10004910 <rp2040_usb_init+0x3c>)
100048f6:	f7fe f859 	bl	100029ac <__wrap_memset>
100048fa:	4b06      	ldr	r3, [pc, #24]	@ (10004914 <rp2040_usb_init+0x40>)
100048fc:	2209      	movs	r2, #9
100048fe:	675a      	str	r2, [r3, #116]	@ 0x74
10004900:	bd10      	pop	{r4, pc}
10004902:	46c0      	nop			@ (mov r8, r8)
10004904:	4000e000 	.word	0x4000e000
10004908:	4000f000 	.word	0x4000f000
1000490c:	4000c008 	.word	0x4000c008
10004910:	50100000 	.word	0x50100000
10004914:	50110000 	.word	0x50110000

10004918 <hw_endpoint_xfer_start>:
10004918:	b570      	push	{r4, r5, r6, lr}
1000491a:	0004      	movs	r4, r0
1000491c:	000d      	movs	r5, r1
1000491e:	0016      	movs	r6, r2
10004920:	7e83      	ldrb	r3, [r0, #26]
10004922:	2b00      	cmp	r3, #0
10004924:	d117      	bne.n	10004956 <hw_endpoint_xfer_start+0x3e>
10004926:	82a6      	strh	r6, [r4, #20]
10004928:	2300      	movs	r3, #0
1000492a:	82e3      	strh	r3, [r4, #22]
1000492c:	3301      	adds	r3, #1
1000492e:	76a3      	strb	r3, [r4, #26]
10004930:	6125      	str	r5, [r4, #16]
10004932:	0020      	movs	r0, r4
10004934:	f002 faf0 	bl	10006f18 <__e15_is_bulkin_ep_veneer>
10004938:	2800      	cmp	r0, #0
1000493a:	d004      	beq.n	10004946 <hw_endpoint_xfer_start+0x2e>
1000493c:	4a0c      	ldr	r2, [pc, #48]	@ (10004970 <hw_endpoint_xfer_start+0x58>)
1000493e:	2390      	movs	r3, #144	@ 0x90
10004940:	2180      	movs	r1, #128	@ 0x80
10004942:	0289      	lsls	r1, r1, #10
10004944:	50d1      	str	r1, [r2, r3]
10004946:	0020      	movs	r0, r4
10004948:	f002 faee 	bl	10006f28 <__e15_is_critical_frame_period_veneer>
1000494c:	2800      	cmp	r0, #0
1000494e:	d00a      	beq.n	10004966 <hw_endpoint_xfer_start+0x4e>
10004950:	2301      	movs	r3, #1
10004952:	7723      	strb	r3, [r4, #28]
10004954:	bd70      	pop	{r4, r5, r6, pc}
10004956:	7881      	ldrb	r1, [r0, #2]
10004958:	4806      	ldr	r0, [pc, #24]	@ (10004974 <hw_endpoint_xfer_start+0x5c>)
1000495a:	f7ff faa1 	bl	10003ea0 <__wrap_printf>
1000495e:	0020      	movs	r0, r4
10004960:	f002 faca 	bl	10006ef8 <__hw_endpoint_reset_transfer_veneer>
10004964:	e7df      	b.n	10004926 <hw_endpoint_xfer_start+0xe>
10004966:	0020      	movs	r0, r4
10004968:	f002 fabe 	bl	10006ee8 <__hw_endpoint_start_next_buffer_veneer>
1000496c:	e7f2      	b.n	10004954 <hw_endpoint_xfer_start+0x3c>
1000496e:	46c0      	nop			@ (mov r8, r8)
10004970:	50112000 	.word	0x50112000
10004974:	10007b88 	.word	0x10007b88

10004978 <configuration_reset>:
10004978:	b570      	push	{r4, r5, r6, lr}
1000497a:	0005      	movs	r5, r0
1000497c:	2400      	movs	r4, #0
1000497e:	e008      	b.n	10004992 <configuration_reset+0x1a>
10004980:	1a9b      	subs	r3, r3, r2
10004982:	015b      	lsls	r3, r3, #5
10004984:	4a16      	ldr	r2, [pc, #88]	@ (100049e0 <configuration_reset+0x68>)
10004986:	189b      	adds	r3, r3, r2
10004988:	68db      	ldr	r3, [r3, #12]
1000498a:	0028      	movs	r0, r5
1000498c:	4798      	blx	r3
1000498e:	3401      	adds	r4, #1
10004990:	b2e4      	uxtb	r4, r4
10004992:	4b14      	ldr	r3, [pc, #80]	@ (100049e4 <configuration_reset+0x6c>)
10004994:	781a      	ldrb	r2, [r3, #0]
10004996:	0023      	movs	r3, r4
10004998:	1c51      	adds	r1, r2, #1
1000499a:	42a1      	cmp	r1, r4
1000499c:	db0d      	blt.n	100049ba <configuration_reset+0x42>
1000499e:	42a2      	cmp	r2, r4
100049a0:	d9ee      	bls.n	10004980 <configuration_reset+0x8>
100049a2:	4b11      	ldr	r3, [pc, #68]	@ (100049e8 <configuration_reset+0x70>)
100049a4:	681b      	ldr	r3, [r3, #0]
100049a6:	0162      	lsls	r2, r4, #5
100049a8:	189b      	adds	r3, r3, r2
100049aa:	2b00      	cmp	r3, #0
100049ac:	d1ec      	bne.n	10004988 <configuration_reset+0x10>
100049ae:	490f      	ldr	r1, [pc, #60]	@ (100049ec <configuration_reset+0x74>)
100049b0:	480f      	ldr	r0, [pc, #60]	@ (100049f0 <configuration_reset+0x78>)
100049b2:	4a10      	ldr	r2, [pc, #64]	@ (100049f4 <configuration_reset+0x7c>)
100049b4:	f7ff fa74 	bl	10003ea0 <__wrap_printf>
100049b8:	e010      	b.n	100049dc <configuration_reset+0x64>
100049ba:	4c0f      	ldr	r4, [pc, #60]	@ (100049f8 <configuration_reset+0x80>)
100049bc:	2254      	movs	r2, #84	@ 0x54
100049be:	2100      	movs	r1, #0
100049c0:	0020      	movs	r0, r4
100049c2:	f7fd fff3 	bl	100029ac <__wrap_memset>
100049c6:	1d20      	adds	r0, r4, #4
100049c8:	2210      	movs	r2, #16
100049ca:	21ff      	movs	r1, #255	@ 0xff
100049cc:	f7fd ffee 	bl	100029ac <__wrap_memset>
100049d0:	0020      	movs	r0, r4
100049d2:	3014      	adds	r0, #20
100049d4:	2220      	movs	r2, #32
100049d6:	21ff      	movs	r1, #255	@ 0xff
100049d8:	f7fd ffe8 	bl	100029ac <__wrap_memset>
100049dc:	bd70      	pop	{r4, r5, r6, pc}
100049de:	46c0      	nop			@ (mov r8, r8)
100049e0:	100082bc 	.word	0x100082bc
100049e4:	20001e01 	.word	0x20001e01
100049e8:	20001038 	.word	0x20001038
100049ec:	10008288 	.word	0x10008288
100049f0:	10007bc0 	.word	0x10007bc0
100049f4:	00000225 	.word	0x00000225
100049f8:	200011e8 	.word	0x200011e8

100049fc <usbd_reset>:
100049fc:	b510      	push	{r4, lr}
100049fe:	f7ff ffbb 	bl	10004978 <configuration_reset>
10004a02:	f000 fe65 	bl	100056d0 <usbd_control_reset>
10004a06:	bd10      	pop	{r4, pc}

10004a08 <invoke_class_control>:
10004a08:	b570      	push	{r4, r5, r6, lr}
10004a0a:	0005      	movs	r5, r0
10004a0c:	000c      	movs	r4, r1
10004a0e:	0016      	movs	r6, r2
10004a10:	6948      	ldr	r0, [r1, #20]
10004a12:	f000 fe67 	bl	100056e4 <usbd_control_set_complete_callback>
10004a16:	6963      	ldr	r3, [r4, #20]
10004a18:	0032      	movs	r2, r6
10004a1a:	2101      	movs	r1, #1
10004a1c:	0028      	movs	r0, r5
10004a1e:	4798      	blx	r3
10004a20:	bd70      	pop	{r4, r5, r6, pc}
	...

10004a24 <process_set_config>:
10004a24:	b5f0      	push	{r4, r5, r6, r7, lr}
10004a26:	46de      	mov	lr, fp
10004a28:	4657      	mov	r7, sl
10004a2a:	464e      	mov	r6, r9
10004a2c:	4645      	mov	r5, r8
10004a2e:	b5e0      	push	{r5, r6, r7, lr}
10004a30:	b083      	sub	sp, #12
10004a32:	4682      	mov	sl, r0
10004a34:	3901      	subs	r1, #1
10004a36:	b2c8      	uxtb	r0, r1
10004a38:	f7ff fd02 	bl	10004440 <tud_descriptor_configuration_cb>
10004a3c:	2800      	cmp	r0, #0
10004a3e:	d003      	beq.n	10004a48 <process_set_config+0x24>
10004a40:	7843      	ldrb	r3, [r0, #1]
10004a42:	4699      	mov	r9, r3
10004a44:	2b02      	cmp	r3, #2
10004a46:	d00c      	beq.n	10004a62 <process_set_config+0x3e>
10004a48:	4956      	ldr	r1, [pc, #344]	@ (10004ba4 <process_set_config+0x180>)
10004a4a:	4857      	ldr	r0, [pc, #348]	@ (10004ba8 <process_set_config+0x184>)
10004a4c:	4a57      	ldr	r2, [pc, #348]	@ (10004bac <process_set_config+0x188>)
10004a4e:	f7ff fa27 	bl	10003ea0 <__wrap_printf>
10004a52:	2000      	movs	r0, #0
10004a54:	b003      	add	sp, #12
10004a56:	bcf0      	pop	{r4, r5, r6, r7}
10004a58:	46bb      	mov	fp, r7
10004a5a:	46b2      	mov	sl, r6
10004a5c:	46a9      	mov	r9, r5
10004a5e:	46a0      	mov	r8, r4
10004a60:	bdf0      	pop	{r4, r5, r6, r7, pc}
10004a62:	79c5      	ldrb	r5, [r0, #7]
10004a64:	116c      	asrs	r4, r5, #5
10004a66:	2201      	movs	r2, #1
10004a68:	4b51      	ldr	r3, [pc, #324]	@ (10004bb0 <process_set_config+0x18c>)
10004a6a:	4014      	ands	r4, r2
10004a6c:	0124      	lsls	r4, r4, #4
10004a6e:	7819      	ldrb	r1, [r3, #0]
10004a70:	2610      	movs	r6, #16
10004a72:	43b1      	bics	r1, r6
10004a74:	4321      	orrs	r1, r4
10004a76:	7019      	strb	r1, [r3, #0]
10004a78:	11ad      	asrs	r5, r5, #6
10004a7a:	402a      	ands	r2, r5
10004a7c:	0152      	lsls	r2, r2, #5
10004a7e:	b2c9      	uxtb	r1, r1
10004a80:	2420      	movs	r4, #32
10004a82:	43a1      	bics	r1, r4
10004a84:	430a      	orrs	r2, r1
10004a86:	701a      	strb	r2, [r3, #0]
10004a88:	0006      	movs	r6, r0
10004a8a:	3609      	adds	r6, #9
10004a8c:	7882      	ldrb	r2, [r0, #2]
10004a8e:	78c3      	ldrb	r3, [r0, #3]
10004a90:	021b      	lsls	r3, r3, #8
10004a92:	4313      	orrs	r3, r2
10004a94:	4683      	mov	fp, r0
10004a96:	449b      	add	fp, r3
10004a98:	464b      	mov	r3, r9
10004a9a:	9301      	str	r3, [sp, #4]
10004a9c:	0037      	movs	r7, r6
10004a9e:	e066      	b.n	10004b6e <process_set_config+0x14a>
10004aa0:	78fb      	ldrb	r3, [r7, #3]
10004aa2:	4699      	mov	r9, r3
10004aa4:	783a      	ldrb	r2, [r7, #0]
10004aa6:	18bf      	adds	r7, r7, r2
10004aa8:	e068      	b.n	10004b7c <process_set_config+0x158>
10004aaa:	493e      	ldr	r1, [pc, #248]	@ (10004ba4 <process_set_config+0x180>)
10004aac:	483e      	ldr	r0, [pc, #248]	@ (10004ba8 <process_set_config+0x184>)
10004aae:	4a41      	ldr	r2, [pc, #260]	@ (10004bb4 <process_set_config+0x190>)
10004ab0:	f7ff f9f6 	bl	10003ea0 <__wrap_printf>
10004ab4:	2000      	movs	r0, #0
10004ab6:	e7cd      	b.n	10004a54 <process_set_config+0x30>
10004ab8:	9a00      	ldr	r2, [sp, #0]
10004aba:	1ad3      	subs	r3, r2, r3
10004abc:	015b      	lsls	r3, r3, #5
10004abe:	4e3e      	ldr	r6, [pc, #248]	@ (10004bb8 <process_set_config+0x194>)
10004ac0:	199e      	adds	r6, r3, r6
10004ac2:	6933      	ldr	r3, [r6, #16]
10004ac4:	0022      	movs	r2, r4
10004ac6:	0039      	movs	r1, r7
10004ac8:	4650      	mov	r0, sl
10004aca:	4798      	blx	r3
10004acc:	2808      	cmp	r0, #8
10004ace:	d901      	bls.n	10004ad4 <process_set_config+0xb0>
10004ad0:	4284      	cmp	r4, r0
10004ad2:	d216      	bcs.n	10004b02 <process_set_config+0xde>
10004ad4:	3501      	adds	r5, #1
10004ad6:	b2ed      	uxtb	r5, r5
10004ad8:	4b38      	ldr	r3, [pc, #224]	@ (10004bbc <process_set_config+0x198>)
10004ada:	781b      	ldrb	r3, [r3, #0]
10004adc:	9500      	str	r5, [sp, #0]
10004ade:	1c5a      	adds	r2, r3, #1
10004ae0:	42aa      	cmp	r2, r5
10004ae2:	db3e      	blt.n	10004b62 <process_set_config+0x13e>
10004ae4:	42ab      	cmp	r3, r5
10004ae6:	d9e7      	bls.n	10004ab8 <process_set_config+0x94>
10004ae8:	4b35      	ldr	r3, [pc, #212]	@ (10004bc0 <process_set_config+0x19c>)
10004aea:	681b      	ldr	r3, [r3, #0]
10004aec:	016e      	lsls	r6, r5, #5
10004aee:	199e      	adds	r6, r3, r6
10004af0:	2e00      	cmp	r6, #0
10004af2:	d1e6      	bne.n	10004ac2 <process_set_config+0x9e>
10004af4:	492b      	ldr	r1, [pc, #172]	@ (10004ba4 <process_set_config+0x180>)
10004af6:	482c      	ldr	r0, [pc, #176]	@ (10004ba8 <process_set_config+0x184>)
10004af8:	4a32      	ldr	r2, [pc, #200]	@ (10004bc4 <process_set_config+0x1a0>)
10004afa:	f7ff f9d1 	bl	10003ea0 <__wrap_printf>
10004afe:	2000      	movs	r0, #0
10004b00:	e7a8      	b.n	10004a54 <process_set_config+0x30>
10004b02:	0034      	movs	r4, r6
10004b04:	9e00      	ldr	r6, [sp, #0]
10004b06:	9000      	str	r0, [sp, #0]
10004b08:	464b      	mov	r3, r9
10004b0a:	2b01      	cmp	r3, #1
10004b0c:	d011      	beq.n	10004b32 <process_set_config+0x10e>
10004b0e:	2000      	movs	r0, #0
10004b10:	4649      	mov	r1, r9
10004b12:	4281      	cmp	r1, r0
10004b14:	d91b      	bls.n	10004b4e <process_set_config+0x12a>
10004b16:	78bb      	ldrb	r3, [r7, #2]
10004b18:	181b      	adds	r3, r3, r0
10004b1a:	b2db      	uxtb	r3, r3
10004b1c:	4a24      	ldr	r2, [pc, #144]	@ (10004bb0 <process_set_config+0x18c>)
10004b1e:	18d2      	adds	r2, r2, r3
10004b20:	7912      	ldrb	r2, [r2, #4]
10004b22:	2aff      	cmp	r2, #255	@ 0xff
10004b24:	d10c      	bne.n	10004b40 <process_set_config+0x11c>
10004b26:	4a22      	ldr	r2, [pc, #136]	@ (10004bb0 <process_set_config+0x18c>)
10004b28:	18d3      	adds	r3, r2, r3
10004b2a:	711d      	strb	r5, [r3, #4]
10004b2c:	3001      	adds	r0, #1
10004b2e:	b2c0      	uxtb	r0, r0
10004b30:	e7ef      	b.n	10004b12 <process_set_config+0xee>
10004b32:	6921      	ldr	r1, [r4, #16]
10004b34:	4a24      	ldr	r2, [pc, #144]	@ (10004bc8 <process_set_config+0x1a4>)
10004b36:	4291      	cmp	r1, r2
10004b38:	d1e9      	bne.n	10004b0e <process_set_config+0xea>
10004b3a:	9b01      	ldr	r3, [sp, #4]
10004b3c:	4699      	mov	r9, r3
10004b3e:	e7e6      	b.n	10004b0e <process_set_config+0xea>
10004b40:	4918      	ldr	r1, [pc, #96]	@ (10004ba4 <process_set_config+0x180>)
10004b42:	4819      	ldr	r0, [pc, #100]	@ (10004ba8 <process_set_config+0x184>)
10004b44:	4a21      	ldr	r2, [pc, #132]	@ (10004bcc <process_set_config+0x1a8>)
10004b46:	f7ff f9ab 	bl	10003ea0 <__wrap_printf>
10004b4a:	2000      	movs	r0, #0
10004b4c:	e782      	b.n	10004a54 <process_set_config+0x30>
10004b4e:	4820      	ldr	r0, [pc, #128]	@ (10004bd0 <process_set_config+0x1ac>)
10004b50:	002b      	movs	r3, r5
10004b52:	9c00      	ldr	r4, [sp, #0]
10004b54:	0022      	movs	r2, r4
10004b56:	0039      	movs	r1, r7
10004b58:	f001 fc6e 	bl	10006438 <tu_edpt_bind_driver>
10004b5c:	46a4      	mov	ip, r4
10004b5e:	4467      	add	r7, ip
10004b60:	e000      	b.n	10004b64 <process_set_config+0x140>
10004b62:	002e      	movs	r6, r5
10004b64:	4b15      	ldr	r3, [pc, #84]	@ (10004bbc <process_set_config+0x198>)
10004b66:	781b      	ldrb	r3, [r3, #0]
10004b68:	3301      	adds	r3, #1
10004b6a:	429e      	cmp	r6, r3
10004b6c:	dc0f      	bgt.n	10004b8e <process_set_config+0x16a>
10004b6e:	455f      	cmp	r7, fp
10004b70:	d215      	bcs.n	10004b9e <process_set_config+0x17a>
10004b72:	787b      	ldrb	r3, [r7, #1]
10004b74:	2b0b      	cmp	r3, #11
10004b76:	d093      	beq.n	10004aa0 <process_set_config+0x7c>
10004b78:	2301      	movs	r3, #1
10004b7a:	4699      	mov	r9, r3
10004b7c:	787a      	ldrb	r2, [r7, #1]
10004b7e:	2a04      	cmp	r2, #4
10004b80:	d193      	bne.n	10004aaa <process_set_config+0x86>
10004b82:	465b      	mov	r3, fp
10004b84:	1bda      	subs	r2, r3, r7
10004b86:	b293      	uxth	r3, r2
10004b88:	2500      	movs	r5, #0
10004b8a:	001c      	movs	r4, r3
10004b8c:	e7a4      	b.n	10004ad8 <process_set_config+0xb4>
10004b8e:	2285      	movs	r2, #133	@ 0x85
10004b90:	4904      	ldr	r1, [pc, #16]	@ (10004ba4 <process_set_config+0x180>)
10004b92:	4805      	ldr	r0, [pc, #20]	@ (10004ba8 <process_set_config+0x184>)
10004b94:	00d2      	lsls	r2, r2, #3
10004b96:	f7ff f983 	bl	10003ea0 <__wrap_printf>
10004b9a:	2000      	movs	r0, #0
10004b9c:	e75a      	b.n	10004a54 <process_set_config+0x30>
10004b9e:	2001      	movs	r0, #1
10004ba0:	e758      	b.n	10004a54 <process_set_config+0x30>
10004ba2:	46c0      	nop			@ (mov r8, r8)
10004ba4:	1000825c 	.word	0x1000825c
10004ba8:	10007bc0 	.word	0x10007bc0
10004bac:	000003d6 	.word	0x000003d6
10004bb0:	200011e8 	.word	0x200011e8
10004bb4:	000003f1 	.word	0x000003f1
10004bb8:	100082bc 	.word	0x100082bc
10004bbc:	20001e01 	.word	0x20001e01
10004bc0:	20001038 	.word	0x20001038
10004bc4:	000003fa 	.word	0x000003fa
10004bc8:	10005b7d 	.word	0x10005b7d
10004bcc:	00000419 	.word	0x00000419
10004bd0:	200011fc 	.word	0x200011fc

10004bd4 <tud_event_hook_cb>:
10004bd4:	4770      	bx	lr

10004bd6 <tud_sof_cb>:
10004bd6:	4770      	bx	lr

10004bd8 <tud_descriptor_device_qualifier_cb>:
10004bd8:	2000      	movs	r0, #0
10004bda:	4770      	bx	lr

10004bdc <tud_descriptor_other_speed_configuration_cb>:
10004bdc:	2000      	movs	r0, #0
10004bde:	4770      	bx	lr

10004be0 <process_get_descriptor>:
10004be0:	b570      	push	{r4, r5, r6, lr}
10004be2:	0005      	movs	r5, r0
10004be4:	000c      	movs	r4, r1
10004be6:	78cb      	ldrb	r3, [r1, #3]
10004be8:	7888      	ldrb	r0, [r1, #2]
10004bea:	2b0f      	cmp	r3, #15
10004bec:	d853      	bhi.n	10004c96 <process_get_descriptor+0xb6>
10004bee:	009a      	lsls	r2, r3, #2
10004bf0:	492e      	ldr	r1, [pc, #184]	@ (10004cac <process_get_descriptor+0xcc>)
10004bf2:	588a      	ldr	r2, [r1, r2]
10004bf4:	4697      	mov	pc, r2
10004bf6:	f7ff fc1f 	bl	10004438 <tud_descriptor_device_cb>
10004bfa:	1e02      	subs	r2, r0, #0
10004bfc:	d005      	beq.n	10004c0a <process_get_descriptor+0x2a>
10004bfe:	2312      	movs	r3, #18
10004c00:	0021      	movs	r1, r4
10004c02:	0028      	movs	r0, r5
10004c04:	f000 fd18 	bl	10005638 <tud_control_xfer>
10004c08:	e046      	b.n	10004c98 <process_get_descriptor+0xb8>
10004c0a:	4929      	ldr	r1, [pc, #164]	@ (10004cb0 <process_get_descriptor+0xd0>)
10004c0c:	4829      	ldr	r0, [pc, #164]	@ (10004cb4 <process_get_descriptor+0xd4>)
10004c0e:	4a2a      	ldr	r2, [pc, #168]	@ (10004cb8 <process_get_descriptor+0xd8>)
10004c10:	f7ff f946 	bl	10003ea0 <__wrap_printf>
10004c14:	2000      	movs	r0, #0
10004c16:	e03f      	b.n	10004c98 <process_get_descriptor+0xb8>
10004c18:	f7ff f9a2 	bl	10003f60 <tud_descriptor_bos_cb>
10004c1c:	1e02      	subs	r2, r0, #0
10004c1e:	d03c      	beq.n	10004c9a <process_get_descriptor+0xba>
10004c20:	7881      	ldrb	r1, [r0, #2]
10004c22:	78c3      	ldrb	r3, [r0, #3]
10004c24:	021b      	lsls	r3, r3, #8
10004c26:	430b      	orrs	r3, r1
10004c28:	0021      	movs	r1, r4
10004c2a:	0028      	movs	r0, r5
10004c2c:	f000 fd04 	bl	10005638 <tud_control_xfer>
10004c30:	e032      	b.n	10004c98 <process_get_descriptor+0xb8>
10004c32:	2b02      	cmp	r3, #2
10004c34:	d00c      	beq.n	10004c50 <process_get_descriptor+0x70>
10004c36:	f7ff ffd1 	bl	10004bdc <tud_descriptor_other_speed_configuration_cb>
10004c3a:	1e02      	subs	r2, r0, #0
10004c3c:	d02f      	beq.n	10004c9e <process_get_descriptor+0xbe>
10004c3e:	7891      	ldrb	r1, [r2, #2]
10004c40:	78d3      	ldrb	r3, [r2, #3]
10004c42:	021b      	lsls	r3, r3, #8
10004c44:	430b      	orrs	r3, r1
10004c46:	0021      	movs	r1, r4
10004c48:	0028      	movs	r0, r5
10004c4a:	f000 fcf5 	bl	10005638 <tud_control_xfer>
10004c4e:	e023      	b.n	10004c98 <process_get_descriptor+0xb8>
10004c50:	f7ff fbf6 	bl	10004440 <tud_descriptor_configuration_cb>
10004c54:	1e02      	subs	r2, r0, #0
10004c56:	d1f2      	bne.n	10004c3e <process_get_descriptor+0x5e>
10004c58:	4915      	ldr	r1, [pc, #84]	@ (10004cb0 <process_get_descriptor+0xd0>)
10004c5a:	4816      	ldr	r0, [pc, #88]	@ (10004cb4 <process_get_descriptor+0xd4>)
10004c5c:	4a17      	ldr	r2, [pc, #92]	@ (10004cbc <process_get_descriptor+0xdc>)
10004c5e:	f7ff f91f 	bl	10003ea0 <__wrap_printf>
10004c62:	2000      	movs	r0, #0
10004c64:	e018      	b.n	10004c98 <process_get_descriptor+0xb8>
10004c66:	7923      	ldrb	r3, [r4, #4]
10004c68:	7961      	ldrb	r1, [r4, #5]
10004c6a:	0209      	lsls	r1, r1, #8
10004c6c:	4319      	orrs	r1, r3
10004c6e:	f7ff fbeb 	bl	10004448 <tud_descriptor_string_cb>
10004c72:	1e02      	subs	r2, r0, #0
10004c74:	d015      	beq.n	10004ca2 <process_get_descriptor+0xc2>
10004c76:	7803      	ldrb	r3, [r0, #0]
10004c78:	0021      	movs	r1, r4
10004c7a:	0028      	movs	r0, r5
10004c7c:	f000 fcdc 	bl	10005638 <tud_control_xfer>
10004c80:	e00a      	b.n	10004c98 <process_get_descriptor+0xb8>
10004c82:	f7ff ffa9 	bl	10004bd8 <tud_descriptor_device_qualifier_cb>
10004c86:	1e02      	subs	r2, r0, #0
10004c88:	d00d      	beq.n	10004ca6 <process_get_descriptor+0xc6>
10004c8a:	7803      	ldrb	r3, [r0, #0]
10004c8c:	0021      	movs	r1, r4
10004c8e:	0028      	movs	r0, r5
10004c90:	f000 fcd2 	bl	10005638 <tud_control_xfer>
10004c94:	e000      	b.n	10004c98 <process_get_descriptor+0xb8>
10004c96:	2000      	movs	r0, #0
10004c98:	bd70      	pop	{r4, r5, r6, pc}
10004c9a:	2000      	movs	r0, #0
10004c9c:	e7fc      	b.n	10004c98 <process_get_descriptor+0xb8>
10004c9e:	2000      	movs	r0, #0
10004ca0:	e7fa      	b.n	10004c98 <process_get_descriptor+0xb8>
10004ca2:	2000      	movs	r0, #0
10004ca4:	e7f8      	b.n	10004c98 <process_get_descriptor+0xb8>
10004ca6:	2000      	movs	r0, #0
10004ca8:	e7f6      	b.n	10004c98 <process_get_descriptor+0xb8>
10004caa:	46c0      	nop			@ (mov r8, r8)
10004cac:	1000815c 	.word	0x1000815c
10004cb0:	10008244 	.word	0x10008244
10004cb4:	10007bc0 	.word	0x10007bc0
10004cb8:	0000043a 	.word	0x0000043a
10004cbc:	00000461 	.word	0x00000461

10004cc0 <tud_mount_cb>:
10004cc0:	4770      	bx	lr

10004cc2 <tud_umount_cb>:
10004cc2:	4770      	bx	lr

10004cc4 <tud_suspend_cb>:
10004cc4:	4770      	bx	lr

10004cc6 <tud_resume_cb>:
10004cc6:	4770      	bx	lr

10004cc8 <tud_mounted>:
10004cc8:	4b02      	ldr	r3, [pc, #8]	@ (10004cd4 <tud_mounted+0xc>)
10004cca:	7858      	ldrb	r0, [r3, #1]
10004ccc:	1e43      	subs	r3, r0, #1
10004cce:	4198      	sbcs	r0, r3
10004cd0:	b2c0      	uxtb	r0, r0
10004cd2:	4770      	bx	lr
10004cd4:	200011e8 	.word	0x200011e8

10004cd8 <tud_suspended>:
10004cd8:	4b02      	ldr	r3, [pc, #8]	@ (10004ce4 <tud_suspended+0xc>)
10004cda:	7818      	ldrb	r0, [r3, #0]
10004cdc:	0740      	lsls	r0, r0, #29
10004cde:	0fc0      	lsrs	r0, r0, #31
10004ce0:	4770      	bx	lr
10004ce2:	46c0      	nop			@ (mov r8, r8)
10004ce4:	200011e8 	.word	0x200011e8

10004ce8 <tud_inited>:
10004ce8:	4b03      	ldr	r3, [pc, #12]	@ (10004cf8 <tud_inited+0x10>)
10004cea:	7818      	ldrb	r0, [r3, #0]
10004cec:	38ff      	subs	r0, #255	@ 0xff
10004cee:	1e43      	subs	r3, r0, #1
10004cf0:	4198      	sbcs	r0, r3
10004cf2:	b2c0      	uxtb	r0, r0
10004cf4:	4770      	bx	lr
10004cf6:	46c0      	nop			@ (mov r8, r8)
10004cf8:	20000cf4 	.word	0x20000cf4

10004cfc <tud_rhport_init>:
10004cfc:	b5f8      	push	{r3, r4, r5, r6, r7, lr}
10004cfe:	0005      	movs	r5, r0
10004d00:	000f      	movs	r7, r1
10004d02:	f7ff fff1 	bl	10004ce8 <tud_inited>
10004d06:	1e06      	subs	r6, r0, #0
10004d08:	d148      	bne.n	10004d9c <tud_rhport_init+0xa0>
10004d0a:	2f00      	cmp	r7, #0
10004d0c:	d021      	beq.n	10004d52 <tud_rhport_init+0x56>
10004d0e:	482e      	ldr	r0, [pc, #184]	@ (10004dc8 <tud_rhport_init+0xcc>)
10004d10:	2254      	movs	r2, #84	@ 0x54
10004d12:	2100      	movs	r1, #0
10004d14:	f7fd fe4a 	bl	100029ac <__wrap_memset>
10004d18:	4b2c      	ldr	r3, [pc, #176]	@ (10004dcc <tud_rhport_init+0xd0>)
10004d1a:	2200      	movs	r2, #0
10004d1c:	701a      	strb	r2, [r3, #0]
10004d1e:	4c2c      	ldr	r4, [pc, #176]	@ (10004dd0 <tud_rhport_init+0xd4>)
10004d20:	0020      	movs	r0, r4
10004d22:	f7fb ffc3 	bl	10000cac <mutex_init>
10004d26:	4b2b      	ldr	r3, [pc, #172]	@ (10004dd4 <tud_rhport_init+0xd8>)
10004d28:	601c      	str	r4, [r3, #0]
10004d2a:	4c2b      	ldr	r4, [pc, #172]	@ (10004dd8 <tud_rhport_init+0xdc>)
10004d2c:	0020      	movs	r0, r4
10004d2e:	f7fc f809 	bl	10000d44 <critical_section_init>
10004d32:	3c14      	subs	r4, #20
10004d34:	0020      	movs	r0, r4
10004d36:	f001 ff19 	bl	10006b6c <tu_fifo_clear>
10004d3a:	4b28      	ldr	r3, [pc, #160]	@ (10004ddc <tud_rhport_init+0xe0>)
10004d3c:	601c      	str	r4, [r3, #0]
10004d3e:	4b28      	ldr	r3, [pc, #160]	@ (10004de0 <tud_rhport_init+0xe4>)
10004d40:	2b00      	cmp	r3, #0
10004d42:	d004      	beq.n	10004d4e <tud_rhport_init+0x52>
10004d44:	4827      	ldr	r0, [pc, #156]	@ (10004de4 <tud_rhport_init+0xe8>)
10004d46:	f7ff f92b 	bl	10003fa0 <usbd_app_driver_get_cb>
10004d4a:	4b27      	ldr	r3, [pc, #156]	@ (10004de8 <tud_rhport_init+0xec>)
10004d4c:	6018      	str	r0, [r3, #0]
10004d4e:	2400      	movs	r4, #0
10004d50:	e010      	b.n	10004d74 <tud_rhport_init+0x78>
10004d52:	22e9      	movs	r2, #233	@ 0xe9
10004d54:	4925      	ldr	r1, [pc, #148]	@ (10004dec <tud_rhport_init+0xf0>)
10004d56:	4826      	ldr	r0, [pc, #152]	@ (10004df0 <tud_rhport_init+0xf4>)
10004d58:	0052      	lsls	r2, r2, #1
10004d5a:	f7ff f8a1 	bl	10003ea0 <__wrap_printf>
10004d5e:	e01d      	b.n	10004d9c <tud_rhport_init+0xa0>
10004d60:	1a9b      	subs	r3, r3, r2
10004d62:	015b      	lsls	r3, r3, #5
10004d64:	4a23      	ldr	r2, [pc, #140]	@ (10004df4 <tud_rhport_init+0xf8>)
10004d66:	189b      	adds	r3, r3, r2
10004d68:	685b      	ldr	r3, [r3, #4]
10004d6a:	2b00      	cmp	r3, #0
10004d6c:	d010      	beq.n	10004d90 <tud_rhport_init+0x94>
10004d6e:	4798      	blx	r3
10004d70:	3401      	adds	r4, #1
10004d72:	b2e4      	uxtb	r4, r4
10004d74:	4b1b      	ldr	r3, [pc, #108]	@ (10004de4 <tud_rhport_init+0xe8>)
10004d76:	781a      	ldrb	r2, [r3, #0]
10004d78:	0023      	movs	r3, r4
10004d7a:	1c51      	adds	r1, r2, #1
10004d7c:	42a1      	cmp	r1, r4
10004d7e:	db0f      	blt.n	10004da0 <tud_rhport_init+0xa4>
10004d80:	42a2      	cmp	r2, r4
10004d82:	d9ed      	bls.n	10004d60 <tud_rhport_init+0x64>
10004d84:	4b18      	ldr	r3, [pc, #96]	@ (10004de8 <tud_rhport_init+0xec>)
10004d86:	681b      	ldr	r3, [r3, #0]
10004d88:	0162      	lsls	r2, r4, #5
10004d8a:	189b      	adds	r3, r3, r2
10004d8c:	2b00      	cmp	r3, #0
10004d8e:	d1eb      	bne.n	10004d68 <tud_rhport_init+0x6c>
10004d90:	22f8      	movs	r2, #248	@ 0xf8
10004d92:	4916      	ldr	r1, [pc, #88]	@ (10004dec <tud_rhport_init+0xf0>)
10004d94:	4816      	ldr	r0, [pc, #88]	@ (10004df0 <tud_rhport_init+0xf4>)
10004d96:	0052      	lsls	r2, r2, #1
10004d98:	f7ff f882 	bl	10003ea0 <__wrap_printf>
10004d9c:	0030      	movs	r0, r6
10004d9e:	bdf8      	pop	{r3, r4, r5, r6, r7, pc}
10004da0:	4b15      	ldr	r3, [pc, #84]	@ (10004df8 <tud_rhport_init+0xfc>)
10004da2:	701d      	strb	r5, [r3, #0]
10004da4:	0039      	movs	r1, r7
10004da6:	0028      	movs	r0, r5
10004da8:	f7ff fcc8 	bl	1000473c <dcd_init>
10004dac:	1e06      	subs	r6, r0, #0
10004dae:	d003      	beq.n	10004db8 <tud_rhport_init+0xbc>
10004db0:	0028      	movs	r0, r5
10004db2:	f7ff fc8f 	bl	100046d4 <dcd_int_enable>
10004db6:	e7f1      	b.n	10004d9c <tud_rhport_init+0xa0>
10004db8:	22fc      	movs	r2, #252	@ 0xfc
10004dba:	490c      	ldr	r1, [pc, #48]	@ (10004dec <tud_rhport_init+0xf0>)
10004dbc:	480c      	ldr	r0, [pc, #48]	@ (10004df0 <tud_rhport_init+0xf4>)
10004dbe:	0052      	lsls	r2, r2, #1
10004dc0:	f7ff f86e 	bl	10003ea0 <__wrap_printf>
10004dc4:	e7ea      	b.n	10004d9c <tud_rhport_init+0xa0>
10004dc6:	46c0      	nop			@ (mov r8, r8)
10004dc8:	200011e8 	.word	0x200011e8
10004dcc:	20001e03 	.word	0x20001e03
10004dd0:	200011e0 	.word	0x200011e0
10004dd4:	2000123c 	.word	0x2000123c
10004dd8:	20000cec 	.word	0x20000cec
10004ddc:	20001240 	.word	0x20001240
10004de0:	10003fa1 	.word	0x10003fa1
10004de4:	20001e01 	.word	0x20001e01
10004de8:	20001038 	.word	0x20001038
10004dec:	100082ac 	.word	0x100082ac
10004df0:	10007bc0 	.word	0x10007bc0
10004df4:	100082bc 	.word	0x100082bc
10004df8:	20000cf4 	.word	0x20000cf4

10004dfc <usbd_edpt_open>:
10004dfc:	b570      	push	{r4, r5, r6, lr}
10004dfe:	000d      	movs	r5, r1
10004e00:	4b10      	ldr	r3, [pc, #64]	@ (10004e44 <usbd_edpt_open+0x48>)
10004e02:	781e      	ldrb	r6, [r3, #0]
10004e04:	788b      	ldrb	r3, [r1, #2]
10004e06:	2270      	movs	r2, #112	@ 0x70
10004e08:	421a      	tst	r2, r3
10004e0a:	d10d      	bne.n	10004e28 <usbd_edpt_open+0x2c>
10004e0c:	4b0e      	ldr	r3, [pc, #56]	@ (10004e48 <usbd_edpt_open+0x4c>)
10004e0e:	7899      	ldrb	r1, [r3, #2]
10004e10:	0028      	movs	r0, r5
10004e12:	f001 fabb 	bl	1000638c <tu_edpt_validate>
10004e16:	1e04      	subs	r4, r0, #0
10004e18:	d00d      	beq.n	10004e36 <usbd_edpt_open+0x3a>
10004e1a:	0029      	movs	r1, r5
10004e1c:	0030      	movs	r0, r6
10004e1e:	f7ff fce9 	bl	100047f4 <dcd_edpt_open>
10004e22:	0004      	movs	r4, r0
10004e24:	0020      	movs	r0, r4
10004e26:	bd70      	pop	{r4, r5, r6, pc}
10004e28:	4908      	ldr	r1, [pc, #32]	@ (10004e4c <usbd_edpt_open+0x50>)
10004e2a:	4809      	ldr	r0, [pc, #36]	@ (10004e50 <usbd_edpt_open+0x54>)
10004e2c:	4a09      	ldr	r2, [pc, #36]	@ (10004e54 <usbd_edpt_open+0x58>)
10004e2e:	f7ff f837 	bl	10003ea0 <__wrap_printf>
10004e32:	2400      	movs	r4, #0
10004e34:	e7f6      	b.n	10004e24 <usbd_edpt_open+0x28>
10004e36:	4905      	ldr	r1, [pc, #20]	@ (10004e4c <usbd_edpt_open+0x50>)
10004e38:	4805      	ldr	r0, [pc, #20]	@ (10004e50 <usbd_edpt_open+0x54>)
10004e3a:	4a07      	ldr	r2, [pc, #28]	@ (10004e58 <usbd_edpt_open+0x5c>)
10004e3c:	f7ff f830 	bl	10003ea0 <__wrap_printf>
10004e40:	e7f0      	b.n	10004e24 <usbd_edpt_open+0x28>
10004e42:	46c0      	nop			@ (mov r8, r8)
10004e44:	20000cf4 	.word	0x20000cf4
10004e48:	200011e8 	.word	0x200011e8
10004e4c:	10008214 	.word	0x10008214
10004e50:	10007bc0 	.word	0x10007bc0
10004e54:	0000050b 	.word	0x0000050b
10004e58:	0000050c 	.word	0x0000050c

10004e5c <usbd_open_edpt_pair>:
10004e5c:	b5f0      	push	{r4, r5, r6, r7, lr}
10004e5e:	46d6      	mov	lr, sl
10004e60:	464f      	mov	r7, r9
10004e62:	4646      	mov	r6, r8
10004e64:	b5c0      	push	{r6, r7, lr}
10004e66:	4681      	mov	r9, r0
10004e68:	000c      	movs	r4, r1
10004e6a:	0017      	movs	r7, r2
10004e6c:	4698      	mov	r8, r3
10004e6e:	9b08      	ldr	r3, [sp, #32]
10004e70:	469a      	mov	sl, r3
10004e72:	2500      	movs	r5, #0
10004e74:	e017      	b.n	10004ea6 <usbd_open_edpt_pair+0x4a>
10004e76:	4918      	ldr	r1, [pc, #96]	@ (10004ed8 <usbd_open_edpt_pair+0x7c>)
10004e78:	4818      	ldr	r0, [pc, #96]	@ (10004edc <usbd_open_edpt_pair+0x80>)
10004e7a:	4a19      	ldr	r2, [pc, #100]	@ (10004ee0 <usbd_open_edpt_pair+0x84>)
10004e7c:	f7ff f810 	bl	10003ea0 <__wrap_printf>
10004e80:	2600      	movs	r6, #0
10004e82:	0030      	movs	r0, r6
10004e84:	bce0      	pop	{r5, r6, r7}
10004e86:	46ba      	mov	sl, r7
10004e88:	46b1      	mov	r9, r6
10004e8a:	46a8      	mov	r8, r5
10004e8c:	bdf0      	pop	{r4, r5, r6, r7, pc}
10004e8e:	229d      	movs	r2, #157	@ 0x9d
10004e90:	4911      	ldr	r1, [pc, #68]	@ (10004ed8 <usbd_open_edpt_pair+0x7c>)
10004e92:	4812      	ldr	r0, [pc, #72]	@ (10004edc <usbd_open_edpt_pair+0x80>)
10004e94:	00d2      	lsls	r2, r2, #3
10004e96:	f7ff f803 	bl	10003ea0 <__wrap_printf>
10004e9a:	e7f2      	b.n	10004e82 <usbd_open_edpt_pair+0x26>
10004e9c:	9a09      	ldr	r2, [sp, #36]	@ 0x24
10004e9e:	7013      	strb	r3, [r2, #0]
10004ea0:	7823      	ldrb	r3, [r4, #0]
10004ea2:	18e4      	adds	r4, r4, r3
10004ea4:	3501      	adds	r5, #1
10004ea6:	42af      	cmp	r7, r5
10004ea8:	dd14      	ble.n	10004ed4 <usbd_open_edpt_pair+0x78>
10004eaa:	7863      	ldrb	r3, [r4, #1]
10004eac:	2b05      	cmp	r3, #5
10004eae:	d1e2      	bne.n	10004e76 <usbd_open_edpt_pair+0x1a>
10004eb0:	78e1      	ldrb	r1, [r4, #3]
10004eb2:	0789      	lsls	r1, r1, #30
10004eb4:	0f89      	lsrs	r1, r1, #30
10004eb6:	4541      	cmp	r1, r8
10004eb8:	d1dd      	bne.n	10004e76 <usbd_open_edpt_pair+0x1a>
10004eba:	0021      	movs	r1, r4
10004ebc:	4648      	mov	r0, r9
10004ebe:	f7ff ff9d 	bl	10004dfc <usbd_edpt_open>
10004ec2:	1e06      	subs	r6, r0, #0
10004ec4:	d0e3      	beq.n	10004e8e <usbd_open_edpt_pair+0x32>
10004ec6:	78a3      	ldrb	r3, [r4, #2]
10004ec8:	09da      	lsrs	r2, r3, #7
10004eca:	2a01      	cmp	r2, #1
10004ecc:	d0e6      	beq.n	10004e9c <usbd_open_edpt_pair+0x40>
10004ece:	4652      	mov	r2, sl
10004ed0:	7013      	strb	r3, [r2, #0]
10004ed2:	e7e5      	b.n	10004ea0 <usbd_open_edpt_pair+0x44>
10004ed4:	2601      	movs	r6, #1
10004ed6:	e7d4      	b.n	10004e82 <usbd_open_edpt_pair+0x26>
10004ed8:	10008224 	.word	0x10008224
10004edc:	10007bc0 	.word	0x10007bc0
10004ee0:	000004e7 	.word	0x000004e7

10004ee4 <usbd_edpt_claim>:
10004ee4:	b510      	push	{r4, lr}
10004ee6:	207f      	movs	r0, #127	@ 0x7f
10004ee8:	4008      	ands	r0, r1
10004eea:	09c9      	lsrs	r1, r1, #7
10004eec:	0040      	lsls	r0, r0, #1
10004eee:	1840      	adds	r0, r0, r1
10004ef0:	3030      	adds	r0, #48	@ 0x30
10004ef2:	4b04      	ldr	r3, [pc, #16]	@ (10004f04 <usbd_edpt_claim+0x20>)
10004ef4:	18c0      	adds	r0, r0, r3
10004ef6:	3004      	adds	r0, #4
10004ef8:	4b03      	ldr	r3, [pc, #12]	@ (10004f08 <usbd_edpt_claim+0x24>)
10004efa:	6819      	ldr	r1, [r3, #0]
10004efc:	f001 fa02 	bl	10006304 <tu_edpt_claim>
10004f00:	bd10      	pop	{r4, pc}
10004f02:	46c0      	nop			@ (mov r8, r8)
10004f04:	200011e8 	.word	0x200011e8
10004f08:	2000123c 	.word	0x2000123c

10004f0c <usbd_edpt_release>:
10004f0c:	b510      	push	{r4, lr}
10004f0e:	207f      	movs	r0, #127	@ 0x7f
10004f10:	4008      	ands	r0, r1
10004f12:	09c9      	lsrs	r1, r1, #7
10004f14:	0040      	lsls	r0, r0, #1
10004f16:	1840      	adds	r0, r0, r1
10004f18:	3030      	adds	r0, #48	@ 0x30
10004f1a:	4b04      	ldr	r3, [pc, #16]	@ (10004f2c <usbd_edpt_release+0x20>)
10004f1c:	18c0      	adds	r0, r0, r3
10004f1e:	3004      	adds	r0, #4
10004f20:	4b03      	ldr	r3, [pc, #12]	@ (10004f30 <usbd_edpt_release+0x24>)
10004f22:	6819      	ldr	r1, [r3, #0]
10004f24:	f001 fa16 	bl	10006354 <tu_edpt_release>
10004f28:	bd10      	pop	{r4, pc}
10004f2a:	46c0      	nop			@ (mov r8, r8)
10004f2c:	200011e8 	.word	0x200011e8
10004f30:	2000123c 	.word	0x2000123c

10004f34 <usbd_edpt_xfer>:
10004f34:	b5f0      	push	{r4, r5, r6, r7, lr}
10004f36:	46c6      	mov	lr, r8
10004f38:	b500      	push	{lr}
10004f3a:	b082      	sub	sp, #8
10004f3c:	9301      	str	r3, [sp, #4]
10004f3e:	481a      	ldr	r0, [pc, #104]	@ (10004fa8 <usbd_edpt_xfer+0x74>)
10004f40:	7800      	ldrb	r0, [r0, #0]
10004f42:	257f      	movs	r5, #127	@ 0x7f
10004f44:	400d      	ands	r5, r1
10004f46:	09ce      	lsrs	r6, r1, #7
10004f48:	4c18      	ldr	r4, [pc, #96]	@ (10004fac <usbd_edpt_xfer+0x78>)
10004f4a:	006f      	lsls	r7, r5, #1
10004f4c:	19e4      	adds	r4, r4, r7
10004f4e:	19a4      	adds	r4, r4, r6
10004f50:	3430      	adds	r4, #48	@ 0x30
10004f52:	7924      	ldrb	r4, [r4, #4]
10004f54:	07e4      	lsls	r4, r4, #31
10004f56:	d41d      	bmi.n	10004f94 <usbd_edpt_xfer+0x60>
10004f58:	4c14      	ldr	r4, [pc, #80]	@ (10004fac <usbd_edpt_xfer+0x78>)
10004f5a:	006f      	lsls	r7, r5, #1
10004f5c:	19e4      	adds	r4, r4, r7
10004f5e:	19a4      	adds	r4, r4, r6
10004f60:	3430      	adds	r4, #48	@ 0x30
10004f62:	7923      	ldrb	r3, [r4, #4]
10004f64:	2701      	movs	r7, #1
10004f66:	46bc      	mov	ip, r7
10004f68:	4667      	mov	r7, ip
10004f6a:	433b      	orrs	r3, r7
10004f6c:	7123      	strb	r3, [r4, #4]
10004f6e:	9b01      	ldr	r3, [sp, #4]
10004f70:	f7ff fc58 	bl	10004824 <dcd_edpt_xfer>
10004f74:	2800      	cmp	r0, #0
10004f76:	d113      	bne.n	10004fa0 <usbd_edpt_xfer+0x6c>
10004f78:	4b0c      	ldr	r3, [pc, #48]	@ (10004fac <usbd_edpt_xfer+0x78>)
10004f7a:	006d      	lsls	r5, r5, #1
10004f7c:	195b      	adds	r3, r3, r5
10004f7e:	199b      	adds	r3, r3, r6
10004f80:	3330      	adds	r3, #48	@ 0x30
10004f82:	791a      	ldrb	r2, [r3, #4]
10004f84:	2101      	movs	r1, #1
10004f86:	438a      	bics	r2, r1
10004f88:	711a      	strb	r2, [r3, #4]
10004f8a:	791a      	ldrb	r2, [r3, #4]
10004f8c:	3103      	adds	r1, #3
10004f8e:	438a      	bics	r2, r1
10004f90:	711a      	strb	r2, [r3, #4]
10004f92:	e005      	b.n	10004fa0 <usbd_edpt_xfer+0x6c>
10004f94:	4906      	ldr	r1, [pc, #24]	@ (10004fb0 <usbd_edpt_xfer+0x7c>)
10004f96:	4807      	ldr	r0, [pc, #28]	@ (10004fb4 <usbd_edpt_xfer+0x80>)
10004f98:	4a07      	ldr	r2, [pc, #28]	@ (10004fb8 <usbd_edpt_xfer+0x84>)
10004f9a:	f7fe ff81 	bl	10003ea0 <__wrap_printf>
10004f9e:	2000      	movs	r0, #0
10004fa0:	b002      	add	sp, #8
10004fa2:	bc80      	pop	{r7}
10004fa4:	46b8      	mov	r8, r7
10004fa6:	bdf0      	pop	{r4, r5, r6, r7, pc}
10004fa8:	20000cf4 	.word	0x20000cf4
10004fac:	200011e8 	.word	0x200011e8
10004fb0:	10008204 	.word	0x10008204
10004fb4:	10007bc0 	.word	0x10007bc0
10004fb8:	00000539 	.word	0x00000539

10004fbc <usbd_edpt_stall>:
10004fbc:	b570      	push	{r4, r5, r6, lr}
10004fbe:	4b0a      	ldr	r3, [pc, #40]	@ (10004fe8 <usbd_edpt_stall+0x2c>)
10004fc0:	7818      	ldrb	r0, [r3, #0]
10004fc2:	247f      	movs	r4, #127	@ 0x7f
10004fc4:	400c      	ands	r4, r1
10004fc6:	09cd      	lsrs	r5, r1, #7
10004fc8:	f7ff fc44 	bl	10004854 <dcd_edpt_stall>
10004fcc:	4a07      	ldr	r2, [pc, #28]	@ (10004fec <usbd_edpt_stall+0x30>)
10004fce:	0064      	lsls	r4, r4, #1
10004fd0:	1913      	adds	r3, r2, r4
10004fd2:	195b      	adds	r3, r3, r5
10004fd4:	3330      	adds	r3, #48	@ 0x30
10004fd6:	791a      	ldrb	r2, [r3, #4]
10004fd8:	2102      	movs	r1, #2
10004fda:	430a      	orrs	r2, r1
10004fdc:	711a      	strb	r2, [r3, #4]
10004fde:	791a      	ldrb	r2, [r3, #4]
10004fe0:	2101      	movs	r1, #1
10004fe2:	430a      	orrs	r2, r1
10004fe4:	711a      	strb	r2, [r3, #4]
10004fe6:	bd70      	pop	{r4, r5, r6, pc}
10004fe8:	20000cf4 	.word	0x20000cf4
10004fec:	200011e8 	.word	0x200011e8

10004ff0 <usbd_edpt_clear_stall>:
10004ff0:	b570      	push	{r4, r5, r6, lr}
10004ff2:	4b0a      	ldr	r3, [pc, #40]	@ (1000501c <usbd_edpt_clear_stall+0x2c>)
10004ff4:	7818      	ldrb	r0, [r3, #0]
10004ff6:	247f      	movs	r4, #127	@ 0x7f
10004ff8:	400c      	ands	r4, r1
10004ffa:	09cd      	lsrs	r5, r1, #7
10004ffc:	f7ff fc48 	bl	10004890 <dcd_edpt_clear_stall>
10005000:	4a07      	ldr	r2, [pc, #28]	@ (10005020 <usbd_edpt_clear_stall+0x30>)
10005002:	0064      	lsls	r4, r4, #1
10005004:	1913      	adds	r3, r2, r4
10005006:	195b      	adds	r3, r3, r5
10005008:	3330      	adds	r3, #48	@ 0x30
1000500a:	791a      	ldrb	r2, [r3, #4]
1000500c:	2102      	movs	r1, #2
1000500e:	438a      	bics	r2, r1
10005010:	711a      	strb	r2, [r3, #4]
10005012:	791a      	ldrb	r2, [r3, #4]
10005014:	3901      	subs	r1, #1
10005016:	438a      	bics	r2, r1
10005018:	711a      	strb	r2, [r3, #4]
1000501a:	bd70      	pop	{r4, r5, r6, pc}
1000501c:	20000cf4 	.word	0x20000cf4
10005020:	200011e8 	.word	0x200011e8

10005024 <usbd_edpt_stalled>:
10005024:	227f      	movs	r2, #127	@ 0x7f
10005026:	400a      	ands	r2, r1
10005028:	09c9      	lsrs	r1, r1, #7
1000502a:	4b04      	ldr	r3, [pc, #16]	@ (1000503c <usbd_edpt_stalled+0x18>)
1000502c:	0052      	lsls	r2, r2, #1
1000502e:	189b      	adds	r3, r3, r2
10005030:	185b      	adds	r3, r3, r1
10005032:	3330      	adds	r3, #48	@ 0x30
10005034:	7918      	ldrb	r0, [r3, #4]
10005036:	0780      	lsls	r0, r0, #30
10005038:	0fc0      	lsrs	r0, r0, #31
1000503a:	4770      	bx	lr
1000503c:	200011e8 	.word	0x200011e8

10005040 <process_control_request>:
10005040:	b5f0      	push	{r4, r5, r6, r7, lr}
10005042:	b085      	sub	sp, #20
10005044:	0005      	movs	r5, r0
10005046:	000c      	movs	r4, r1
10005048:	2000      	movs	r0, #0
1000504a:	f000 fb4b 	bl	100056e4 <usbd_control_set_complete_callback>
1000504e:	7823      	ldrb	r3, [r4, #0]
10005050:	2260      	movs	r2, #96	@ 0x60
10005052:	401a      	ands	r2, r3
10005054:	2a60      	cmp	r2, #96	@ 0x60
10005056:	d01a      	beq.n	1000508e <process_control_request+0x4e>
10005058:	2a40      	cmp	r2, #64	@ 0x40
1000505a:	d020      	beq.n	1000509e <process_control_request+0x5e>
1000505c:	7823      	ldrb	r3, [r4, #0]
1000505e:	06db      	lsls	r3, r3, #27
10005060:	0edb      	lsrs	r3, r3, #27
10005062:	2b01      	cmp	r3, #1
10005064:	d100      	bne.n	10005068 <process_control_request+0x28>
10005066:	e0d6      	b.n	10005216 <process_control_request+0x1d6>
10005068:	2b02      	cmp	r3, #2
1000506a:	d100      	bne.n	1000506e <process_control_request+0x2e>
1000506c:	e116      	b.n	1000529c <process_control_request+0x25c>
1000506e:	2b00      	cmp	r3, #0
10005070:	d000      	beq.n	10005074 <process_control_request+0x34>
10005072:	e17c      	b.n	1000536e <process_control_request+0x32e>
10005074:	2a20      	cmp	r2, #32
10005076:	d01c      	beq.n	100050b2 <process_control_request+0x72>
10005078:	2a00      	cmp	r2, #0
1000507a:	d000      	beq.n	1000507e <process_control_request+0x3e>
1000507c:	e17f      	b.n	1000537e <process_control_request+0x33e>
1000507e:	7863      	ldrb	r3, [r4, #1]
10005080:	2b09      	cmp	r3, #9
10005082:	d900      	bls.n	10005086 <process_control_request+0x46>
10005084:	e17d      	b.n	10005382 <process_control_request+0x342>
10005086:	009b      	lsls	r3, r3, #2
10005088:	4ac5      	ldr	r2, [pc, #788]	@ (100053a0 <process_control_request+0x360>)
1000508a:	58d3      	ldr	r3, [r2, r3]
1000508c:	469f      	mov	pc, r3
1000508e:	3255      	adds	r2, #85	@ 0x55
10005090:	49c4      	ldr	r1, [pc, #784]	@ (100053a4 <process_control_request+0x364>)
10005092:	48c5      	ldr	r0, [pc, #788]	@ (100053a8 <process_control_request+0x368>)
10005094:	0092      	lsls	r2, r2, #2
10005096:	f7fe ff03 	bl	10003ea0 <__wrap_printf>
1000509a:	2600      	movs	r6, #0
1000509c:	e168      	b.n	10005370 <process_control_request+0x330>
1000509e:	48c3      	ldr	r0, [pc, #780]	@ (100053ac <process_control_request+0x36c>)
100050a0:	f000 fb20 	bl	100056e4 <usbd_control_set_complete_callback>
100050a4:	0022      	movs	r2, r4
100050a6:	2101      	movs	r1, #1
100050a8:	0028      	movs	r0, r5
100050aa:	f7fe ff5d 	bl	10003f68 <tud_vendor_control_xfer_cb>
100050ae:	0006      	movs	r6, r0
100050b0:	e15e      	b.n	10005370 <process_control_request+0x330>
100050b2:	7923      	ldrb	r3, [r4, #4]
100050b4:	2b0f      	cmp	r3, #15
100050b6:	d900      	bls.n	100050ba <process_control_request+0x7a>
100050b8:	e15d      	b.n	10005376 <process_control_request+0x336>
100050ba:	4abd      	ldr	r2, [pc, #756]	@ (100053b0 <process_control_request+0x370>)
100050bc:	18d3      	adds	r3, r2, r3
100050be:	791b      	ldrb	r3, [r3, #4]
100050c0:	4abc      	ldr	r2, [pc, #752]	@ (100053b4 <process_control_request+0x374>)
100050c2:	7812      	ldrb	r2, [r2, #0]
100050c4:	4293      	cmp	r3, r2
100050c6:	d207      	bcs.n	100050d8 <process_control_request+0x98>
100050c8:	4abb      	ldr	r2, [pc, #748]	@ (100053b8 <process_control_request+0x378>)
100050ca:	6811      	ldr	r1, [r2, #0]
100050cc:	015b      	lsls	r3, r3, #5
100050ce:	18c9      	adds	r1, r1, r3
100050d0:	2900      	cmp	r1, #0
100050d2:	d109      	bne.n	100050e8 <process_control_request+0xa8>
100050d4:	2600      	movs	r6, #0
100050d6:	e14b      	b.n	10005370 <process_control_request+0x330>
100050d8:	1c51      	adds	r1, r2, #1
100050da:	4299      	cmp	r1, r3
100050dc:	da00      	bge.n	100050e0 <process_control_request+0xa0>
100050de:	e14c      	b.n	1000537a <process_control_request+0x33a>
100050e0:	1a9b      	subs	r3, r3, r2
100050e2:	015b      	lsls	r3, r3, #5
100050e4:	49b5      	ldr	r1, [pc, #724]	@ (100053bc <process_control_request+0x37c>)
100050e6:	1859      	adds	r1, r3, r1
100050e8:	0022      	movs	r2, r4
100050ea:	0028      	movs	r0, r5
100050ec:	f7ff fc8c 	bl	10004a08 <invoke_class_control>
100050f0:	0006      	movs	r6, r0
100050f2:	e13d      	b.n	10005370 <process_control_request+0x330>
100050f4:	0020      	movs	r0, r4
100050f6:	f000 fafb 	bl	100056f0 <usbd_control_set_request>
100050fa:	78a1      	ldrb	r1, [r4, #2]
100050fc:	0028      	movs	r0, r5
100050fe:	f7ff faff 	bl	10004700 <dcd_set_address>
10005102:	4aab      	ldr	r2, [pc, #684]	@ (100053b0 <process_control_request+0x370>)
10005104:	7813      	ldrb	r3, [r2, #0]
10005106:	2102      	movs	r1, #2
10005108:	430b      	orrs	r3, r1
1000510a:	7013      	strb	r3, [r2, #0]
1000510c:	2601      	movs	r6, #1
1000510e:	e12f      	b.n	10005370 <process_control_request+0x330>
10005110:	4ba7      	ldr	r3, [pc, #668]	@ (100053b0 <process_control_request+0x370>)
10005112:	785b      	ldrb	r3, [r3, #1]
10005114:	aa02      	add	r2, sp, #8
10005116:	3206      	adds	r2, #6
10005118:	7013      	strb	r3, [r2, #0]
1000511a:	2301      	movs	r3, #1
1000511c:	0021      	movs	r1, r4
1000511e:	0028      	movs	r0, r5
10005120:	f000 fa8a 	bl	10005638 <tud_control_xfer>
10005124:	2601      	movs	r6, #1
10005126:	e123      	b.n	10005370 <process_control_request+0x330>
10005128:	78a6      	ldrb	r6, [r4, #2]
1000512a:	4ba1      	ldr	r3, [pc, #644]	@ (100053b0 <process_control_request+0x370>)
1000512c:	785b      	ldrb	r3, [r3, #1]
1000512e:	42b3      	cmp	r3, r6
10005130:	d02c      	beq.n	1000518c <process_control_request+0x14c>
10005132:	4b9f      	ldr	r3, [pc, #636]	@ (100053b0 <process_control_request+0x370>)
10005134:	785b      	ldrb	r3, [r3, #1]
10005136:	2b00      	cmp	r3, #0
10005138:	d10c      	bne.n	10005154 <process_control_request+0x114>
1000513a:	4b9d      	ldr	r3, [pc, #628]	@ (100053b0 <process_control_request+0x370>)
1000513c:	705e      	strb	r6, [r3, #1]
1000513e:	2e00      	cmp	r6, #0
10005140:	d022      	beq.n	10005188 <process_control_request+0x148>
10005142:	0031      	movs	r1, r6
10005144:	0028      	movs	r0, r5
10005146:	f7ff fc6d 	bl	10004a24 <process_set_config>
1000514a:	1e06      	subs	r6, r0, #0
1000514c:	d012      	beq.n	10005174 <process_control_request+0x134>
1000514e:	f7ff fdb7 	bl	10004cc0 <tud_mount_cb>
10005152:	e01b      	b.n	1000518c <process_control_request+0x14c>
10005154:	2100      	movs	r1, #0
10005156:	0028      	movs	r0, r5
10005158:	f7ff fb30 	bl	100047bc <dcd_sof_enable>
1000515c:	0028      	movs	r0, r5
1000515e:	f7ff fb5c 	bl	1000481a <dcd_edpt_close_all>
10005162:	4f93      	ldr	r7, [pc, #588]	@ (100053b0 <process_control_request+0x370>)
10005164:	78bb      	ldrb	r3, [r7, #2]
10005166:	9301      	str	r3, [sp, #4]
10005168:	0028      	movs	r0, r5
1000516a:	f7ff fc05 	bl	10004978 <configuration_reset>
1000516e:	9b01      	ldr	r3, [sp, #4]
10005170:	70bb      	strb	r3, [r7, #2]
10005172:	e7e2      	b.n	1000513a <process_control_request+0xfa>
10005174:	22c9      	movs	r2, #201	@ 0xc9
10005176:	498b      	ldr	r1, [pc, #556]	@ (100053a4 <process_control_request+0x364>)
10005178:	488b      	ldr	r0, [pc, #556]	@ (100053a8 <process_control_request+0x368>)
1000517a:	0092      	lsls	r2, r2, #2
1000517c:	f7fe fe90 	bl	10003ea0 <__wrap_printf>
10005180:	4b8b      	ldr	r3, [pc, #556]	@ (100053b0 <process_control_request+0x370>)
10005182:	2200      	movs	r2, #0
10005184:	705a      	strb	r2, [r3, #1]
10005186:	e0f3      	b.n	10005370 <process_control_request+0x330>
10005188:	f7ff fd9b 	bl	10004cc2 <tud_umount_cb>
1000518c:	0021      	movs	r1, r4
1000518e:	0028      	movs	r0, r5
10005190:	f000 fa3e 	bl	10005610 <tud_control_status>
10005194:	2601      	movs	r6, #1
10005196:	e0eb      	b.n	10005370 <process_control_request+0x330>
10005198:	0021      	movs	r1, r4
1000519a:	0028      	movs	r0, r5
1000519c:	f7ff fd20 	bl	10004be0 <process_get_descriptor>
100051a0:	0006      	movs	r6, r0
100051a2:	e0e5      	b.n	10005370 <process_control_request+0x330>
100051a4:	78a2      	ldrb	r2, [r4, #2]
100051a6:	78e3      	ldrb	r3, [r4, #3]
100051a8:	021b      	lsls	r3, r3, #8
100051aa:	4313      	orrs	r3, r2
100051ac:	2b01      	cmp	r3, #1
100051ae:	d001      	beq.n	100051b4 <process_control_request+0x174>
100051b0:	2600      	movs	r6, #0
100051b2:	e0dd      	b.n	10005370 <process_control_request+0x330>
100051b4:	4a7e      	ldr	r2, [pc, #504]	@ (100053b0 <process_control_request+0x370>)
100051b6:	7813      	ldrb	r3, [r2, #0]
100051b8:	2108      	movs	r1, #8
100051ba:	430b      	orrs	r3, r1
100051bc:	7013      	strb	r3, [r2, #0]
100051be:	0021      	movs	r1, r4
100051c0:	0028      	movs	r0, r5
100051c2:	f000 fa25 	bl	10005610 <tud_control_status>
100051c6:	2601      	movs	r6, #1
100051c8:	e0d2      	b.n	10005370 <process_control_request+0x330>
100051ca:	78a2      	ldrb	r2, [r4, #2]
100051cc:	78e3      	ldrb	r3, [r4, #3]
100051ce:	021b      	lsls	r3, r3, #8
100051d0:	4313      	orrs	r3, r2
100051d2:	2b01      	cmp	r3, #1
100051d4:	d001      	beq.n	100051da <process_control_request+0x19a>
100051d6:	2600      	movs	r6, #0
100051d8:	e0ca      	b.n	10005370 <process_control_request+0x330>
100051da:	4a75      	ldr	r2, [pc, #468]	@ (100053b0 <process_control_request+0x370>)
100051dc:	7813      	ldrb	r3, [r2, #0]
100051de:	2108      	movs	r1, #8
100051e0:	438b      	bics	r3, r1
100051e2:	7013      	strb	r3, [r2, #0]
100051e4:	0021      	movs	r1, r4
100051e6:	0028      	movs	r0, r5
100051e8:	f000 fa12 	bl	10005610 <tud_control_status>
100051ec:	2601      	movs	r6, #1
100051ee:	e0bf      	b.n	10005370 <process_control_request+0x330>
100051f0:	4b6f      	ldr	r3, [pc, #444]	@ (100053b0 <process_control_request+0x370>)
100051f2:	781a      	ldrb	r2, [r3, #0]
100051f4:	0951      	lsrs	r1, r2, #5
100051f6:	0892      	lsrs	r2, r2, #2
100051f8:	2302      	movs	r3, #2
100051fa:	4013      	ands	r3, r2
100051fc:	2201      	movs	r2, #1
100051fe:	400a      	ands	r2, r1
10005200:	4313      	orrs	r3, r2
10005202:	aa02      	add	r2, sp, #8
10005204:	3206      	adds	r2, #6
10005206:	8013      	strh	r3, [r2, #0]
10005208:	2302      	movs	r3, #2
1000520a:	0021      	movs	r1, r4
1000520c:	0028      	movs	r0, r5
1000520e:	f000 fa13 	bl	10005638 <tud_control_xfer>
10005212:	2601      	movs	r6, #1
10005214:	e0ac      	b.n	10005370 <process_control_request+0x330>
10005216:	7923      	ldrb	r3, [r4, #4]
10005218:	2b0f      	cmp	r3, #15
1000521a:	d900      	bls.n	1000521e <process_control_request+0x1de>
1000521c:	e0b3      	b.n	10005386 <process_control_request+0x346>
1000521e:	4a64      	ldr	r2, [pc, #400]	@ (100053b0 <process_control_request+0x370>)
10005220:	18d3      	adds	r3, r2, r3
10005222:	791b      	ldrb	r3, [r3, #4]
10005224:	4a63      	ldr	r2, [pc, #396]	@ (100053b4 <process_control_request+0x374>)
10005226:	7812      	ldrb	r2, [r2, #0]
10005228:	4293      	cmp	r3, r2
1000522a:	d223      	bcs.n	10005274 <process_control_request+0x234>
1000522c:	4a62      	ldr	r2, [pc, #392]	@ (100053b8 <process_control_request+0x378>)
1000522e:	6811      	ldr	r1, [r2, #0]
10005230:	015b      	lsls	r3, r3, #5
10005232:	18c9      	adds	r1, r1, r3
10005234:	2900      	cmp	r1, #0
10005236:	d100      	bne.n	1000523a <process_control_request+0x1fa>
10005238:	e0a7      	b.n	1000538a <process_control_request+0x34a>
1000523a:	0022      	movs	r2, r4
1000523c:	0028      	movs	r0, r5
1000523e:	f7ff fbe3 	bl	10004a08 <invoke_class_control>
10005242:	1e06      	subs	r6, r0, #0
10005244:	d000      	beq.n	10005248 <process_control_request+0x208>
10005246:	e093      	b.n	10005370 <process_control_request+0x330>
10005248:	7823      	ldrb	r3, [r4, #0]
1000524a:	2260      	movs	r2, #96	@ 0x60
1000524c:	421a      	tst	r2, r3
1000524e:	d000      	beq.n	10005252 <process_control_request+0x212>
10005250:	e08e      	b.n	10005370 <process_control_request+0x330>
10005252:	7863      	ldrb	r3, [r4, #1]
10005254:	3b0a      	subs	r3, #10
10005256:	2b01      	cmp	r3, #1
10005258:	d900      	bls.n	1000525c <process_control_request+0x21c>
1000525a:	e089      	b.n	10005370 <process_control_request+0x330>
1000525c:	2000      	movs	r0, #0
1000525e:	f000 fa41 	bl	100056e4 <usbd_control_set_complete_callback>
10005262:	7863      	ldrb	r3, [r4, #1]
10005264:	2b0a      	cmp	r3, #10
10005266:	d00e      	beq.n	10005286 <process_control_request+0x246>
10005268:	0021      	movs	r1, r4
1000526a:	0028      	movs	r0, r5
1000526c:	f000 f9d0 	bl	10005610 <tud_control_status>
10005270:	2601      	movs	r6, #1
10005272:	e07d      	b.n	10005370 <process_control_request+0x330>
10005274:	1c51      	adds	r1, r2, #1
10005276:	4299      	cmp	r1, r3
10005278:	da00      	bge.n	1000527c <process_control_request+0x23c>
1000527a:	e088      	b.n	1000538e <process_control_request+0x34e>
1000527c:	1a9b      	subs	r3, r3, r2
1000527e:	015b      	lsls	r3, r3, #5
10005280:	494e      	ldr	r1, [pc, #312]	@ (100053bc <process_control_request+0x37c>)
10005282:	1859      	adds	r1, r3, r1
10005284:	e7d9      	b.n	1000523a <process_control_request+0x1fa>
10005286:	ab02      	add	r3, sp, #8
10005288:	1d9a      	adds	r2, r3, #6
1000528a:	2300      	movs	r3, #0
1000528c:	7013      	strb	r3, [r2, #0]
1000528e:	3301      	adds	r3, #1
10005290:	0021      	movs	r1, r4
10005292:	0028      	movs	r0, r5
10005294:	f000 f9d0 	bl	10005638 <tud_control_xfer>
10005298:	3601      	adds	r6, #1
1000529a:	e069      	b.n	10005370 <process_control_request+0x330>
1000529c:	7921      	ldrb	r1, [r4, #4]
1000529e:	207f      	movs	r0, #127	@ 0x7f
100052a0:	4008      	ands	r0, r1
100052a2:	09ce      	lsrs	r6, r1, #7
100052a4:	2370      	movs	r3, #112	@ 0x70
100052a6:	420b      	tst	r3, r1
100052a8:	d117      	bne.n	100052da <process_control_request+0x29a>
100052aa:	4b41      	ldr	r3, [pc, #260]	@ (100053b0 <process_control_request+0x370>)
100052ac:	0040      	lsls	r0, r0, #1
100052ae:	181b      	adds	r3, r3, r0
100052b0:	199b      	adds	r3, r3, r6
100052b2:	7d1b      	ldrb	r3, [r3, #20]
100052b4:	483f      	ldr	r0, [pc, #252]	@ (100053b4 <process_control_request+0x374>)
100052b6:	7800      	ldrb	r0, [r0, #0]
100052b8:	4283      	cmp	r3, r0
100052ba:	d215      	bcs.n	100052e8 <process_control_request+0x2a8>
100052bc:	483e      	ldr	r0, [pc, #248]	@ (100053b8 <process_control_request+0x378>)
100052be:	6806      	ldr	r6, [r0, #0]
100052c0:	015b      	lsls	r3, r3, #5
100052c2:	18f6      	adds	r6, r6, r3
100052c4:	2a00      	cmp	r2, #0
100052c6:	d019      	beq.n	100052fc <process_control_request+0x2bc>
100052c8:	2e00      	cmp	r6, #0
100052ca:	d062      	beq.n	10005392 <process_control_request+0x352>
100052cc:	0022      	movs	r2, r4
100052ce:	0031      	movs	r1, r6
100052d0:	0028      	movs	r0, r5
100052d2:	f7ff fb99 	bl	10004a08 <invoke_class_control>
100052d6:	0006      	movs	r6, r0
100052d8:	e04a      	b.n	10005370 <process_control_request+0x330>
100052da:	4932      	ldr	r1, [pc, #200]	@ (100053a4 <process_control_request+0x364>)
100052dc:	4832      	ldr	r0, [pc, #200]	@ (100053a8 <process_control_request+0x368>)
100052de:	4a38      	ldr	r2, [pc, #224]	@ (100053c0 <process_control_request+0x380>)
100052e0:	f7fe fdde 	bl	10003ea0 <__wrap_printf>
100052e4:	2600      	movs	r6, #0
100052e6:	e043      	b.n	10005370 <process_control_request+0x330>
100052e8:	1c46      	adds	r6, r0, #1
100052ea:	429e      	cmp	r6, r3
100052ec:	db04      	blt.n	100052f8 <process_control_request+0x2b8>
100052ee:	1a1b      	subs	r3, r3, r0
100052f0:	015b      	lsls	r3, r3, #5
100052f2:	4e32      	ldr	r6, [pc, #200]	@ (100053bc <process_control_request+0x37c>)
100052f4:	199e      	adds	r6, r3, r6
100052f6:	e7e5      	b.n	100052c4 <process_control_request+0x284>
100052f8:	2600      	movs	r6, #0
100052fa:	e7e3      	b.n	100052c4 <process_control_request+0x284>
100052fc:	7863      	ldrb	r3, [r4, #1]
100052fe:	2b01      	cmp	r3, #1
10005300:	d010      	beq.n	10005324 <process_control_request+0x2e4>
10005302:	2b03      	cmp	r3, #3
10005304:	d00e      	beq.n	10005324 <process_control_request+0x2e4>
10005306:	2b00      	cmp	r3, #0
10005308:	d145      	bne.n	10005396 <process_control_request+0x356>
1000530a:	0028      	movs	r0, r5
1000530c:	f7ff fe8a 	bl	10005024 <usbd_edpt_stalled>
10005310:	ab02      	add	r3, sp, #8
10005312:	1d9a      	adds	r2, r3, #6
10005314:	8010      	strh	r0, [r2, #0]
10005316:	2302      	movs	r3, #2
10005318:	0021      	movs	r1, r4
1000531a:	0028      	movs	r0, r5
1000531c:	f000 f98c 	bl	10005638 <tud_control_xfer>
10005320:	2601      	movs	r6, #1
10005322:	e025      	b.n	10005370 <process_control_request+0x330>
10005324:	78a0      	ldrb	r0, [r4, #2]
10005326:	78e2      	ldrb	r2, [r4, #3]
10005328:	0212      	lsls	r2, r2, #8
1000532a:	4302      	orrs	r2, r0
1000532c:	d104      	bne.n	10005338 <process_control_request+0x2f8>
1000532e:	2b01      	cmp	r3, #1
10005330:	d019      	beq.n	10005366 <process_control_request+0x326>
10005332:	0028      	movs	r0, r5
10005334:	f7ff fe42 	bl	10004fbc <usbd_edpt_stall>
10005338:	2e00      	cmp	r6, #0
1000533a:	d02e      	beq.n	1000539a <process_control_request+0x35a>
1000533c:	0022      	movs	r2, r4
1000533e:	0031      	movs	r1, r6
10005340:	0028      	movs	r0, r5
10005342:	f7ff fb61 	bl	10004a08 <invoke_class_control>
10005346:	2000      	movs	r0, #0
10005348:	f000 f9cc 	bl	100056e4 <usbd_control_set_complete_callback>
1000534c:	4b18      	ldr	r3, [pc, #96]	@ (100053b0 <process_control_request+0x370>)
1000534e:	2235      	movs	r2, #53	@ 0x35
10005350:	5c9b      	ldrb	r3, [r3, r2]
10005352:	07db      	lsls	r3, r3, #31
10005354:	0fde      	lsrs	r6, r3, #31
10005356:	2b00      	cmp	r3, #0
10005358:	d10a      	bne.n	10005370 <process_control_request+0x330>
1000535a:	0021      	movs	r1, r4
1000535c:	0028      	movs	r0, r5
1000535e:	f000 f957 	bl	10005610 <tud_control_status>
10005362:	2601      	movs	r6, #1
10005364:	e004      	b.n	10005370 <process_control_request+0x330>
10005366:	0028      	movs	r0, r5
10005368:	f7ff fe42 	bl	10004ff0 <usbd_edpt_clear_stall>
1000536c:	e7e4      	b.n	10005338 <process_control_request+0x2f8>
1000536e:	2600      	movs	r6, #0
10005370:	0030      	movs	r0, r6
10005372:	b005      	add	sp, #20
10005374:	bdf0      	pop	{r4, r5, r6, r7, pc}
10005376:	2600      	movs	r6, #0
10005378:	e7fa      	b.n	10005370 <process_control_request+0x330>
1000537a:	2600      	movs	r6, #0
1000537c:	e7f8      	b.n	10005370 <process_control_request+0x330>
1000537e:	2600      	movs	r6, #0
10005380:	e7f6      	b.n	10005370 <process_control_request+0x330>
10005382:	2600      	movs	r6, #0
10005384:	e7f4      	b.n	10005370 <process_control_request+0x330>
10005386:	2600      	movs	r6, #0
10005388:	e7f2      	b.n	10005370 <process_control_request+0x330>
1000538a:	2600      	movs	r6, #0
1000538c:	e7f0      	b.n	10005370 <process_control_request+0x330>
1000538e:	2600      	movs	r6, #0
10005390:	e7ee      	b.n	10005370 <process_control_request+0x330>
10005392:	2600      	movs	r6, #0
10005394:	e7ec      	b.n	10005370 <process_control_request+0x330>
10005396:	2600      	movs	r6, #0
10005398:	e7ea      	b.n	10005370 <process_control_request+0x330>
1000539a:	2601      	movs	r6, #1
1000539c:	e7e8      	b.n	10005370 <process_control_request+0x330>
1000539e:	46c0      	nop			@ (mov r8, r8)
100053a0:	100081b8 	.word	0x100081b8
100053a4:	10008270 	.word	0x10008270
100053a8:	10007bc0 	.word	0x10007bc0
100053ac:	10003f69 	.word	0x10003f69
100053b0:	200011e8 	.word	0x200011e8
100053b4:	20001e01 	.word	0x20001e01
100053b8:	20001038 	.word	0x20001038
100053bc:	100082bc 	.word	0x100082bc
100053c0:	00000395 	.word	0x00000395

100053c4 <tud_task_ext>:
100053c4:	b530      	push	{r4, r5, lr}
100053c6:	b085      	sub	sp, #20
100053c8:	f7ff fc8e 	bl	10004ce8 <tud_inited>
100053cc:	2800      	cmp	r0, #0
100053ce:	d108      	bne.n	100053e2 <tud_task_ext+0x1e>
100053d0:	b005      	add	sp, #20
100053d2:	bd30      	pop	{r4, r5, pc}
100053d4:	ac01      	add	r4, sp, #4
100053d6:	7820      	ldrb	r0, [r4, #0]
100053d8:	f7ff fb10 	bl	100049fc <usbd_reset>
100053dc:	7922      	ldrb	r2, [r4, #4]
100053de:	4b63      	ldr	r3, [pc, #396]	@ (1000556c <tud_task_ext+0x1a8>)
100053e0:	709a      	strb	r2, [r3, #2]
100053e2:	4b63      	ldr	r3, [pc, #396]	@ (10005570 <tud_task_ext+0x1ac>)
100053e4:	681c      	ldr	r4, [r3, #0]
100053e6:	6962      	ldr	r2, [r4, #20]
100053e8:	f3ef 8110 	mrs	r1, PRIMASK
100053ec:	b672      	cpsid	i
100053ee:	6813      	ldr	r3, [r2, #0]
100053f0:	2b00      	cmp	r3, #0
100053f2:	d0fc      	beq.n	100053ee <tud_task_ext+0x2a>
100053f4:	f3bf 8f5f 	dmb	sy
100053f8:	61a1      	str	r1, [r4, #24]
100053fa:	a901      	add	r1, sp, #4
100053fc:	0020      	movs	r0, r4
100053fe:	f001 fb58 	bl	10006ab2 <tu_fifo_read>
10005402:	6962      	ldr	r2, [r4, #20]
10005404:	69a3      	ldr	r3, [r4, #24]
10005406:	f3bf 8f5f 	dmb	sy
1000540a:	2100      	movs	r1, #0
1000540c:	6011      	str	r1, [r2, #0]
1000540e:	f383 8810 	msr	PRIMASK, r3
10005412:	2800      	cmp	r0, #0
10005414:	d0dc      	beq.n	100053d0 <tud_task_ext+0xc>
10005416:	ab01      	add	r3, sp, #4
10005418:	785b      	ldrb	r3, [r3, #1]
1000541a:	2b08      	cmp	r3, #8
1000541c:	d8e1      	bhi.n	100053e2 <tud_task_ext+0x1e>
1000541e:	009b      	lsls	r3, r3, #2
10005420:	4a54      	ldr	r2, [pc, #336]	@ (10005574 <tud_task_ext+0x1b0>)
10005422:	58d3      	ldr	r3, [r2, r3]
10005424:	469f      	mov	pc, r3
10005426:	ab01      	add	r3, sp, #4
10005428:	7818      	ldrb	r0, [r3, #0]
1000542a:	f7ff fae7 	bl	100049fc <usbd_reset>
1000542e:	f7ff fc48 	bl	10004cc2 <tud_umount_cb>
10005432:	e7d6      	b.n	100053e2 <tud_task_ext+0x1e>
10005434:	4b50      	ldr	r3, [pc, #320]	@ (10005578 <tud_task_ext+0x1b4>)
10005436:	781b      	ldrb	r3, [r3, #0]
10005438:	2b00      	cmp	r3, #0
1000543a:	d02d      	beq.n	10005498 <tud_task_ext+0xd4>
1000543c:	4a4e      	ldr	r2, [pc, #312]	@ (10005578 <tud_task_ext+0x1b4>)
1000543e:	7813      	ldrb	r3, [r2, #0]
10005440:	3b01      	subs	r3, #1
10005442:	b2db      	uxtb	r3, r3
10005444:	7013      	strb	r3, [r2, #0]
10005446:	7813      	ldrb	r3, [r2, #0]
10005448:	2b00      	cmp	r3, #0
1000544a:	d1ca      	bne.n	100053e2 <tud_task_ext+0x1e>
1000544c:	4b47      	ldr	r3, [pc, #284]	@ (1000556c <tud_task_ext+0x1a8>)
1000544e:	781a      	ldrb	r2, [r3, #0]
10005450:	2401      	movs	r4, #1
10005452:	2101      	movs	r1, #1
10005454:	430a      	orrs	r2, r1
10005456:	701a      	strb	r2, [r3, #0]
10005458:	2234      	movs	r2, #52	@ 0x34
1000545a:	5c99      	ldrb	r1, [r3, r2]
1000545c:	43a1      	bics	r1, r4
1000545e:	5499      	strb	r1, [r3, r2]
10005460:	5c99      	ldrb	r1, [r3, r2]
10005462:	2004      	movs	r0, #4
10005464:	4381      	bics	r1, r0
10005466:	5499      	strb	r1, [r3, r2]
10005468:	3201      	adds	r2, #1
1000546a:	5c99      	ldrb	r1, [r3, r2]
1000546c:	43a1      	bics	r1, r4
1000546e:	5499      	strb	r1, [r3, r2]
10005470:	5c99      	ldrb	r1, [r3, r2]
10005472:	4381      	bics	r1, r0
10005474:	5499      	strb	r1, [r3, r2]
10005476:	ab01      	add	r3, sp, #4
10005478:	7818      	ldrb	r0, [r3, #0]
1000547a:	a902      	add	r1, sp, #8
1000547c:	f7ff fde0 	bl	10005040 <process_control_request>
10005480:	2800      	cmp	r0, #0
10005482:	d1ae      	bne.n	100053e2 <tud_task_ext+0x1e>
10005484:	ac01      	add	r4, sp, #4
10005486:	7820      	ldrb	r0, [r4, #0]
10005488:	2100      	movs	r1, #0
1000548a:	f7ff f9e3 	bl	10004854 <dcd_edpt_stall>
1000548e:	7820      	ldrb	r0, [r4, #0]
10005490:	2180      	movs	r1, #128	@ 0x80
10005492:	f7ff f9df 	bl	10004854 <dcd_edpt_stall>
10005496:	e7a4      	b.n	100053e2 <tud_task_ext+0x1e>
10005498:	4938      	ldr	r1, [pc, #224]	@ (1000557c <tud_task_ext+0x1b8>)
1000549a:	4839      	ldr	r0, [pc, #228]	@ (10005580 <tud_task_ext+0x1bc>)
1000549c:	4a39      	ldr	r2, [pc, #228]	@ (10005584 <tud_task_ext+0x1c0>)
1000549e:	f7fe fcff 	bl	10003ea0 <__wrap_printf>
100054a2:	e795      	b.n	100053d0 <tud_task_ext+0xc>
100054a4:	ab01      	add	r3, sp, #4
100054a6:	7919      	ldrb	r1, [r3, #4]
100054a8:	227f      	movs	r2, #127	@ 0x7f
100054aa:	400a      	ands	r2, r1
100054ac:	09cc      	lsrs	r4, r1, #7
100054ae:	4b2f      	ldr	r3, [pc, #188]	@ (1000556c <tud_task_ext+0x1a8>)
100054b0:	0050      	lsls	r0, r2, #1
100054b2:	181b      	adds	r3, r3, r0
100054b4:	191b      	adds	r3, r3, r4
100054b6:	3330      	adds	r3, #48	@ 0x30
100054b8:	7918      	ldrb	r0, [r3, #4]
100054ba:	2501      	movs	r5, #1
100054bc:	43a8      	bics	r0, r5
100054be:	7118      	strb	r0, [r3, #4]
100054c0:	7918      	ldrb	r0, [r3, #4]
100054c2:	3503      	adds	r5, #3
100054c4:	43a8      	bics	r0, r5
100054c6:	7118      	strb	r0, [r3, #4]
100054c8:	2a00      	cmp	r2, #0
100054ca:	d015      	beq.n	100054f8 <tud_task_ext+0x134>
100054cc:	4b27      	ldr	r3, [pc, #156]	@ (1000556c <tud_task_ext+0x1a8>)
100054ce:	0052      	lsls	r2, r2, #1
100054d0:	189b      	adds	r3, r3, r2
100054d2:	191b      	adds	r3, r3, r4
100054d4:	7d1b      	ldrb	r3, [r3, #20]
100054d6:	4a2c      	ldr	r2, [pc, #176]	@ (10005588 <tud_task_ext+0x1c4>)
100054d8:	7812      	ldrb	r2, [r2, #0]
100054da:	4293      	cmp	r3, r2
100054dc:	d213      	bcs.n	10005506 <tud_task_ext+0x142>
100054de:	4a2b      	ldr	r2, [pc, #172]	@ (1000558c <tud_task_ext+0x1c8>)
100054e0:	6812      	ldr	r2, [r2, #0]
100054e2:	015b      	lsls	r3, r3, #5
100054e4:	18d3      	adds	r3, r2, r3
100054e6:	2b00      	cmp	r3, #0
100054e8:	d015      	beq.n	10005516 <tud_task_ext+0x152>
100054ea:	699c      	ldr	r4, [r3, #24]
100054ec:	a801      	add	r0, sp, #4
100054ee:	7942      	ldrb	r2, [r0, #5]
100054f0:	9b03      	ldr	r3, [sp, #12]
100054f2:	7800      	ldrb	r0, [r0, #0]
100054f4:	47a0      	blx	r4
100054f6:	e774      	b.n	100053e2 <tud_task_ext+0x1e>
100054f8:	a801      	add	r0, sp, #4
100054fa:	7942      	ldrb	r2, [r0, #5]
100054fc:	9b03      	ldr	r3, [sp, #12]
100054fe:	7800      	ldrb	r0, [r0, #0]
10005500:	f000 f904 	bl	1000570c <usbd_control_xfer_cb>
10005504:	e76d      	b.n	100053e2 <tud_task_ext+0x1e>
10005506:	1c50      	adds	r0, r2, #1
10005508:	4298      	cmp	r0, r3
1000550a:	db04      	blt.n	10005516 <tud_task_ext+0x152>
1000550c:	1a9b      	subs	r3, r3, r2
1000550e:	015b      	lsls	r3, r3, #5
10005510:	4a1f      	ldr	r2, [pc, #124]	@ (10005590 <tud_task_ext+0x1cc>)
10005512:	189b      	adds	r3, r3, r2
10005514:	e7e9      	b.n	100054ea <tud_task_ext+0x126>
10005516:	22a4      	movs	r2, #164	@ 0xa4
10005518:	4918      	ldr	r1, [pc, #96]	@ (1000557c <tud_task_ext+0x1b8>)
1000551a:	4819      	ldr	r0, [pc, #100]	@ (10005580 <tud_task_ext+0x1bc>)
1000551c:	0092      	lsls	r2, r2, #2
1000551e:	f7fe fcbf 	bl	10003ea0 <__wrap_printf>
10005522:	e755      	b.n	100053d0 <tud_task_ext+0xc>
10005524:	4b11      	ldr	r3, [pc, #68]	@ (1000556c <tud_task_ext+0x1a8>)
10005526:	781b      	ldrb	r3, [r3, #0]
10005528:	07db      	lsls	r3, r3, #31
1000552a:	d400      	bmi.n	1000552e <tud_task_ext+0x16a>
1000552c:	e759      	b.n	100053e2 <tud_task_ext+0x1e>
1000552e:	4b0f      	ldr	r3, [pc, #60]	@ (1000556c <tud_task_ext+0x1a8>)
10005530:	7818      	ldrb	r0, [r3, #0]
10005532:	0700      	lsls	r0, r0, #28
10005534:	0fc0      	lsrs	r0, r0, #31
10005536:	f7ff fbc5 	bl	10004cc4 <tud_suspend_cb>
1000553a:	e752      	b.n	100053e2 <tud_task_ext+0x1e>
1000553c:	4b0b      	ldr	r3, [pc, #44]	@ (1000556c <tud_task_ext+0x1a8>)
1000553e:	781b      	ldrb	r3, [r3, #0]
10005540:	07db      	lsls	r3, r3, #31
10005542:	d400      	bmi.n	10005546 <tud_task_ext+0x182>
10005544:	e74d      	b.n	100053e2 <tud_task_ext+0x1e>
10005546:	f7ff fbbe 	bl	10004cc6 <tud_resume_cb>
1000554a:	e74a      	b.n	100053e2 <tud_task_ext+0x1e>
1000554c:	9b02      	ldr	r3, [sp, #8]
1000554e:	2b00      	cmp	r3, #0
10005550:	d100      	bne.n	10005554 <tud_task_ext+0x190>
10005552:	e746      	b.n	100053e2 <tud_task_ext+0x1e>
10005554:	9803      	ldr	r0, [sp, #12]
10005556:	4798      	blx	r3
10005558:	e743      	b.n	100053e2 <tud_task_ext+0x1e>
1000555a:	4b04      	ldr	r3, [pc, #16]	@ (1000556c <tud_task_ext+0x1a8>)
1000555c:	78db      	ldrb	r3, [r3, #3]
1000555e:	07db      	lsls	r3, r3, #31
10005560:	d400      	bmi.n	10005564 <tud_task_ext+0x1a0>
10005562:	e73e      	b.n	100053e2 <tud_task_ext+0x1e>
10005564:	9802      	ldr	r0, [sp, #8]
10005566:	f7ff fb36 	bl	10004bd6 <tud_sof_cb>
1000556a:	e73a      	b.n	100053e2 <tud_task_ext+0x1e>
1000556c:	200011e8 	.word	0x200011e8
10005570:	20001240 	.word	0x20001240
10005574:	100081e0 	.word	0x100081e0
10005578:	20001e03 	.word	0x20001e03
1000557c:	1000829c 	.word	0x1000829c
10005580:	10007bc0 	.word	0x10007bc0
10005584:	00000265 	.word	0x00000265
10005588:	20001e01 	.word	0x20001e01
1000558c:	20001038 	.word	0x20001038
10005590:	100082bc 	.word	0x100082bc

10005594 <status_stage_xact>:
10005594:	b510      	push	{r4, lr}
10005596:	2300      	movs	r3, #0
10005598:	56cb      	ldrsb	r3, [r1, r3]
1000559a:	2b00      	cmp	r3, #0
1000559c:	db05      	blt.n	100055aa <status_stage_xact+0x16>
1000559e:	2180      	movs	r1, #128	@ 0x80
100055a0:	2300      	movs	r3, #0
100055a2:	2200      	movs	r2, #0
100055a4:	f7ff fcc6 	bl	10004f34 <usbd_edpt_xfer>
100055a8:	bd10      	pop	{r4, pc}
100055aa:	2100      	movs	r1, #0
100055ac:	e7f8      	b.n	100055a0 <status_stage_xact+0xc>
	...

100055b0 <data_stage_xact>:
100055b0:	b5f8      	push	{r3, r4, r5, r6, r7, lr}
100055b2:	0005      	movs	r5, r0
100055b4:	4b14      	ldr	r3, [pc, #80]	@ (10005608 <data_stage_xact+0x58>)
100055b6:	899f      	ldrh	r7, [r3, #12]
100055b8:	89de      	ldrh	r6, [r3, #14]
100055ba:	1bbb      	subs	r3, r7, r6
100055bc:	b29b      	uxth	r3, r3
100055be:	1c1c      	adds	r4, r3, #0
100055c0:	2b40      	cmp	r3, #64	@ 0x40
100055c2:	d900      	bls.n	100055c6 <data_stage_xact+0x16>
100055c4:	2440      	movs	r4, #64	@ 0x40
100055c6:	b2a4      	uxth	r4, r4
100055c8:	4b0f      	ldr	r3, [pc, #60]	@ (10005608 <data_stage_xact+0x58>)
100055ca:	781b      	ldrb	r3, [r3, #0]
100055cc:	b25b      	sxtb	r3, r3
100055ce:	2b00      	cmp	r3, #0
100055d0:	db08      	blt.n	100055e4 <data_stage_xact+0x34>
100055d2:	2100      	movs	r1, #0
100055d4:	42b7      	cmp	r7, r6
100055d6:	d013      	beq.n	10005600 <data_stage_xact+0x50>
100055d8:	4a0c      	ldr	r2, [pc, #48]	@ (1000560c <data_stage_xact+0x5c>)
100055da:	0023      	movs	r3, r4
100055dc:	0028      	movs	r0, r5
100055de:	f7ff fca9 	bl	10004f34 <usbd_edpt_xfer>
100055e2:	bdf8      	pop	{r3, r4, r5, r6, r7, pc}
100055e4:	42b7      	cmp	r7, r6
100055e6:	d009      	beq.n	100055fc <data_stage_xact+0x4c>
100055e8:	4b07      	ldr	r3, [pc, #28]	@ (10005608 <data_stage_xact+0x58>)
100055ea:	6899      	ldr	r1, [r3, #8]
100055ec:	2c40      	cmp	r4, #64	@ 0x40
100055ee:	d809      	bhi.n	10005604 <data_stage_xact+0x54>
100055f0:	4806      	ldr	r0, [pc, #24]	@ (1000560c <data_stage_xact+0x5c>)
100055f2:	0022      	movs	r2, r4
100055f4:	f7fd f9e0 	bl	100029b8 <__wrap___aeabi_memcpy>
100055f8:	2180      	movs	r1, #128	@ 0x80
100055fa:	e7eb      	b.n	100055d4 <data_stage_xact+0x24>
100055fc:	2180      	movs	r1, #128	@ 0x80
100055fe:	e7e9      	b.n	100055d4 <data_stage_xact+0x24>
10005600:	2200      	movs	r2, #0
10005602:	e7ea      	b.n	100055da <data_stage_xact+0x2a>
10005604:	2000      	movs	r0, #0
10005606:	e7ec      	b.n	100055e2 <data_stage_xact+0x32>
10005608:	200011c8 	.word	0x200011c8
1000560c:	20001188 	.word	0x20001188

10005610 <tud_control_status>:
10005610:	b570      	push	{r4, r5, r6, lr}
10005612:	0006      	movs	r6, r0
10005614:	000d      	movs	r5, r1
10005616:	4c07      	ldr	r4, [pc, #28]	@ (10005634 <tud_control_status+0x24>)
10005618:	2208      	movs	r2, #8
1000561a:	0020      	movs	r0, r4
1000561c:	f7fd f9cc 	bl	100029b8 <__wrap___aeabi_memcpy>
10005620:	2300      	movs	r3, #0
10005622:	60a3      	str	r3, [r4, #8]
10005624:	81e3      	strh	r3, [r4, #14]
10005626:	81a3      	strh	r3, [r4, #12]
10005628:	0029      	movs	r1, r5
1000562a:	0030      	movs	r0, r6
1000562c:	f7ff ffb2 	bl	10005594 <status_stage_xact>
10005630:	bd70      	pop	{r4, r5, r6, pc}
10005632:	46c0      	nop			@ (mov r8, r8)
10005634:	200011c8 	.word	0x200011c8

10005638 <tud_control_xfer>:
10005638:	b5f0      	push	{r4, r5, r6, r7, lr}
1000563a:	46c6      	mov	lr, r8
1000563c:	b500      	push	{lr}
1000563e:	4680      	mov	r8, r0
10005640:	000c      	movs	r4, r1
10005642:	0016      	movs	r6, r2
10005644:	001d      	movs	r5, r3
10005646:	4b1f      	ldr	r3, [pc, #124]	@ (100056c4 <tud_control_xfer+0x8c>)
10005648:	2208      	movs	r2, #8
1000564a:	001f      	movs	r7, r3
1000564c:	0018      	movs	r0, r3
1000564e:	f7fd f9b3 	bl	100029b8 <__wrap___aeabi_memcpy>
10005652:	60be      	str	r6, [r7, #8]
10005654:	2300      	movs	r3, #0
10005656:	81fb      	strh	r3, [r7, #14]
10005658:	79a3      	ldrb	r3, [r4, #6]
1000565a:	79e1      	ldrb	r1, [r4, #7]
1000565c:	0209      	lsls	r1, r1, #8
1000565e:	4319      	orrs	r1, r3
10005660:	1c0b      	adds	r3, r1, #0
10005662:	42a9      	cmp	r1, r5
10005664:	d900      	bls.n	10005668 <tud_control_xfer+0x30>
10005666:	1c2b      	adds	r3, r5, #0
10005668:	b299      	uxth	r1, r3
1000566a:	4a16      	ldr	r2, [pc, #88]	@ (100056c4 <tud_control_xfer+0x8c>)
1000566c:	8193      	strh	r3, [r2, #12]
1000566e:	79a2      	ldrb	r2, [r4, #6]
10005670:	79e3      	ldrb	r3, [r4, #7]
10005672:	021b      	lsls	r3, r3, #8
10005674:	4313      	orrs	r3, r2
10005676:	d019      	beq.n	100056ac <tud_control_xfer+0x74>
10005678:	2900      	cmp	r1, #0
1000567a:	d001      	beq.n	10005680 <tud_control_xfer+0x48>
1000567c:	2e00      	cmp	r6, #0
1000567e:	d008      	beq.n	10005692 <tud_control_xfer+0x5a>
10005680:	4640      	mov	r0, r8
10005682:	f7ff ff95 	bl	100055b0 <data_stage_xact>
10005686:	1e04      	subs	r4, r0, #0
10005688:	d00a      	beq.n	100056a0 <tud_control_xfer+0x68>
1000568a:	0020      	movs	r0, r4
1000568c:	bc80      	pop	{r7}
1000568e:	46b8      	mov	r8, r7
10005690:	bdf0      	pop	{r4, r5, r6, r7, pc}
10005692:	490d      	ldr	r1, [pc, #52]	@ (100056c8 <tud_control_xfer+0x90>)
10005694:	480d      	ldr	r0, [pc, #52]	@ (100056cc <tud_control_xfer+0x94>)
10005696:	2272      	movs	r2, #114	@ 0x72
10005698:	f7fe fc02 	bl	10003ea0 <__wrap_printf>
1000569c:	2400      	movs	r4, #0
1000569e:	e7f4      	b.n	1000568a <tud_control_xfer+0x52>
100056a0:	4909      	ldr	r1, [pc, #36]	@ (100056c8 <tud_control_xfer+0x90>)
100056a2:	480a      	ldr	r0, [pc, #40]	@ (100056cc <tud_control_xfer+0x94>)
100056a4:	2274      	movs	r2, #116	@ 0x74
100056a6:	f7fe fbfb 	bl	10003ea0 <__wrap_printf>
100056aa:	e7ee      	b.n	1000568a <tud_control_xfer+0x52>
100056ac:	0021      	movs	r1, r4
100056ae:	4640      	mov	r0, r8
100056b0:	f7ff ff70 	bl	10005594 <status_stage_xact>
100056b4:	1e04      	subs	r4, r0, #0
100056b6:	d1e8      	bne.n	1000568a <tud_control_xfer+0x52>
100056b8:	4903      	ldr	r1, [pc, #12]	@ (100056c8 <tud_control_xfer+0x90>)
100056ba:	4804      	ldr	r0, [pc, #16]	@ (100056cc <tud_control_xfer+0x94>)
100056bc:	2276      	movs	r2, #118	@ 0x76
100056be:	f7fe fbef 	bl	10003ea0 <__wrap_printf>
100056c2:	e7e2      	b.n	1000568a <tud_control_xfer+0x52>
100056c4:	200011c8 	.word	0x200011c8
100056c8:	10008314 	.word	0x10008314
100056cc:	10007bc0 	.word	0x10007bc0

100056d0 <usbd_control_reset>:
100056d0:	b510      	push	{r4, lr}
100056d2:	4803      	ldr	r0, [pc, #12]	@ (100056e0 <usbd_control_reset+0x10>)
100056d4:	2214      	movs	r2, #20
100056d6:	2100      	movs	r1, #0
100056d8:	f7fd f968 	bl	100029ac <__wrap_memset>
100056dc:	bd10      	pop	{r4, pc}
100056de:	46c0      	nop			@ (mov r8, r8)
100056e0:	200011c8 	.word	0x200011c8

100056e4 <usbd_control_set_complete_callback>:
100056e4:	4b01      	ldr	r3, [pc, #4]	@ (100056ec <usbd_control_set_complete_callback+0x8>)
100056e6:	6118      	str	r0, [r3, #16]
100056e8:	4770      	bx	lr
100056ea:	46c0      	nop			@ (mov r8, r8)
100056ec:	200011c8 	.word	0x200011c8

100056f0 <usbd_control_set_request>:
100056f0:	b510      	push	{r4, lr}
100056f2:	0001      	movs	r1, r0
100056f4:	4c04      	ldr	r4, [pc, #16]	@ (10005708 <usbd_control_set_request+0x18>)
100056f6:	2208      	movs	r2, #8
100056f8:	0020      	movs	r0, r4
100056fa:	f7fd f95d 	bl	100029b8 <__wrap___aeabi_memcpy>
100056fe:	2300      	movs	r3, #0
10005700:	60a3      	str	r3, [r4, #8]
10005702:	81e3      	strh	r3, [r4, #14]
10005704:	81a3      	strh	r3, [r4, #12]
10005706:	bd10      	pop	{r4, pc}
10005708:	200011c8 	.word	0x200011c8

1000570c <usbd_control_xfer_cb>:
1000570c:	b570      	push	{r4, r5, r6, lr}
1000570e:	0005      	movs	r5, r0
10005710:	001c      	movs	r4, r3
10005712:	09c9      	lsrs	r1, r1, #7
10005714:	4b31      	ldr	r3, [pc, #196]	@ (100057dc <usbd_control_xfer_cb+0xd0>)
10005716:	781b      	ldrb	r3, [r3, #0]
10005718:	09db      	lsrs	r3, r3, #7
1000571a:	428b      	cmp	r3, r1
1000571c:	d016      	beq.n	1000574c <usbd_control_xfer_cb+0x40>
1000571e:	2c00      	cmp	r4, #0
10005720:	d007      	beq.n	10005732 <usbd_control_xfer_cb+0x26>
10005722:	492f      	ldr	r1, [pc, #188]	@ (100057e0 <usbd_control_xfer_cb+0xd4>)
10005724:	482f      	ldr	r0, [pc, #188]	@ (100057e4 <usbd_control_xfer_cb+0xd8>)
10005726:	229d      	movs	r2, #157	@ 0x9d
10005728:	f7fe fbba 	bl	10003ea0 <__wrap_printf>
1000572c:	2400      	movs	r4, #0
1000572e:	0020      	movs	r0, r4
10005730:	bd70      	pop	{r4, r5, r6, pc}
10005732:	4c2a      	ldr	r4, [pc, #168]	@ (100057dc <usbd_control_xfer_cb+0xd0>)
10005734:	0021      	movs	r1, r4
10005736:	f7ff f84f 	bl	100047d8 <dcd_edpt0_status_complete>
1000573a:	6923      	ldr	r3, [r4, #16]
1000573c:	2b00      	cmp	r3, #0
1000573e:	d003      	beq.n	10005748 <usbd_control_xfer_cb+0x3c>
10005740:	4a26      	ldr	r2, [pc, #152]	@ (100057dc <usbd_control_xfer_cb+0xd0>)
10005742:	2103      	movs	r1, #3
10005744:	0028      	movs	r0, r5
10005746:	4798      	blx	r3
10005748:	2401      	movs	r4, #1
1000574a:	e7f0      	b.n	1000572e <usbd_control_xfer_cb+0x22>
1000574c:	4b23      	ldr	r3, [pc, #140]	@ (100057dc <usbd_control_xfer_cb+0xd0>)
1000574e:	781b      	ldrb	r3, [r3, #0]
10005750:	b25b      	sxtb	r3, r3
10005752:	2b00      	cmp	r3, #0
10005754:	db07      	blt.n	10005766 <usbd_control_xfer_cb+0x5a>
10005756:	4b21      	ldr	r3, [pc, #132]	@ (100057dc <usbd_control_xfer_cb+0xd0>)
10005758:	6898      	ldr	r0, [r3, #8]
1000575a:	2800      	cmp	r0, #0
1000575c:	d03c      	beq.n	100057d8 <usbd_control_xfer_cb+0xcc>
1000575e:	4922      	ldr	r1, [pc, #136]	@ (100057e8 <usbd_control_xfer_cb+0xdc>)
10005760:	0022      	movs	r2, r4
10005762:	f7fd f929 	bl	100029b8 <__wrap___aeabi_memcpy>
10005766:	4a1d      	ldr	r2, [pc, #116]	@ (100057dc <usbd_control_xfer_cb+0xd0>)
10005768:	89d3      	ldrh	r3, [r2, #14]
1000576a:	b2a1      	uxth	r1, r4
1000576c:	185b      	adds	r3, r3, r1
1000576e:	b29b      	uxth	r3, r3
10005770:	81d3      	strh	r3, [r2, #14]
10005772:	6891      	ldr	r1, [r2, #8]
10005774:	1909      	adds	r1, r1, r4
10005776:	6091      	str	r1, [r2, #8]
10005778:	88d2      	ldrh	r2, [r2, #6]
1000577a:	4293      	cmp	r3, r2
1000577c:	d001      	beq.n	10005782 <usbd_control_xfer_cb+0x76>
1000577e:	2c3f      	cmp	r4, #63	@ 0x3f
10005780:	d81f      	bhi.n	100057c2 <usbd_control_xfer_cb+0xb6>
10005782:	4b16      	ldr	r3, [pc, #88]	@ (100057dc <usbd_control_xfer_cb+0xd0>)
10005784:	691b      	ldr	r3, [r3, #16]
10005786:	2b00      	cmp	r3, #0
10005788:	d005      	beq.n	10005796 <usbd_control_xfer_cb+0x8a>
1000578a:	4a14      	ldr	r2, [pc, #80]	@ (100057dc <usbd_control_xfer_cb+0xd0>)
1000578c:	2102      	movs	r1, #2
1000578e:	0028      	movs	r0, r5
10005790:	4798      	blx	r3
10005792:	2800      	cmp	r0, #0
10005794:	d00b      	beq.n	100057ae <usbd_control_xfer_cb+0xa2>
10005796:	4911      	ldr	r1, [pc, #68]	@ (100057dc <usbd_control_xfer_cb+0xd0>)
10005798:	0028      	movs	r0, r5
1000579a:	f7ff fefb 	bl	10005594 <status_stage_xact>
1000579e:	1e04      	subs	r4, r0, #0
100057a0:	d1c5      	bne.n	1000572e <usbd_control_xfer_cb+0x22>
100057a2:	490f      	ldr	r1, [pc, #60]	@ (100057e0 <usbd_control_xfer_cb+0xd4>)
100057a4:	480f      	ldr	r0, [pc, #60]	@ (100057e4 <usbd_control_xfer_cb+0xd8>)
100057a6:	22c5      	movs	r2, #197	@ 0xc5
100057a8:	f7fe fb7a 	bl	10003ea0 <__wrap_printf>
100057ac:	e7bf      	b.n	1000572e <usbd_control_xfer_cb+0x22>
100057ae:	2100      	movs	r1, #0
100057b0:	0028      	movs	r0, r5
100057b2:	f7ff f84f 	bl	10004854 <dcd_edpt_stall>
100057b6:	2180      	movs	r1, #128	@ 0x80
100057b8:	0028      	movs	r0, r5
100057ba:	f7ff f84b 	bl	10004854 <dcd_edpt_stall>
100057be:	2401      	movs	r4, #1
100057c0:	e7b5      	b.n	1000572e <usbd_control_xfer_cb+0x22>
100057c2:	0028      	movs	r0, r5
100057c4:	f7ff fef4 	bl	100055b0 <data_stage_xact>
100057c8:	1e04      	subs	r4, r0, #0
100057ca:	d1b0      	bne.n	1000572e <usbd_control_xfer_cb+0x22>
100057cc:	4904      	ldr	r1, [pc, #16]	@ (100057e0 <usbd_control_xfer_cb+0xd4>)
100057ce:	4805      	ldr	r0, [pc, #20]	@ (100057e4 <usbd_control_xfer_cb+0xd8>)
100057d0:	22cd      	movs	r2, #205	@ 0xcd
100057d2:	f7fe fb65 	bl	10003ea0 <__wrap_printf>
100057d6:	e7aa      	b.n	1000572e <usbd_control_xfer_cb+0x22>
100057d8:	2400      	movs	r4, #0
100057da:	e7a8      	b.n	1000572e <usbd_control_xfer_cb+0x22>
100057dc:	200011c8 	.word	0x200011c8
100057e0:	100082fc 	.word	0x100082fc
100057e4:	10007bc0 	.word	0x10007bc0
100057e8:	20001188 	.word	0x20001188

100057ec <_prep_out_transaction>:
100057ec:	b570      	push	{r4, r5, r6, lr}
100057ee:	0005      	movs	r5, r0
100057f0:	f7ff fa6a 	bl	10004cc8 <tud_mounted>
100057f4:	2800      	cmp	r0, #0
100057f6:	d102      	bne.n	100057fe <_prep_out_transaction+0x12>
100057f8:	2400      	movs	r4, #0
100057fa:	0020      	movs	r0, r4
100057fc:	bd70      	pop	{r4, r5, r6, pc}
100057fe:	f7ff fa6b 	bl	10004cd8 <tud_suspended>
10005802:	1e04      	subs	r4, r0, #0
10005804:	d1f8      	bne.n	100057f8 <_prep_out_transaction+0xc>
10005806:	4b1c      	ldr	r3, [pc, #112]	@ (10005878 <_prep_out_transaction+0x8c>)
10005808:	22c8      	movs	r2, #200	@ 0xc8
1000580a:	436a      	muls	r2, r5
1000580c:	189b      	adds	r3, r3, r2
1000580e:	78db      	ldrb	r3, [r3, #3]
10005810:	2b00      	cmp	r3, #0
10005812:	d0f1      	beq.n	100057f8 <_prep_out_transaction+0xc>
10005814:	26c8      	movs	r6, #200	@ 0xc8
10005816:	436e      	muls	r6, r5
10005818:	3610      	adds	r6, #16
1000581a:	4b17      	ldr	r3, [pc, #92]	@ (10005878 <_prep_out_transaction+0x8c>)
1000581c:	18f6      	adds	r6, r6, r3
1000581e:	0030      	movs	r0, r6
10005820:	f001 f930 	bl	10006a84 <tu_fifo_remaining>
10005824:	283f      	cmp	r0, #63	@ 0x3f
10005826:	d9e8      	bls.n	100057fa <_prep_out_transaction+0xe>
10005828:	4b13      	ldr	r3, [pc, #76]	@ (10005878 <_prep_out_transaction+0x8c>)
1000582a:	22c8      	movs	r2, #200	@ 0xc8
1000582c:	436a      	muls	r2, r5
1000582e:	189b      	adds	r3, r3, r2
10005830:	78d9      	ldrb	r1, [r3, #3]
10005832:	2000      	movs	r0, #0
10005834:	f7ff fb56 	bl	10004ee4 <usbd_edpt_claim>
10005838:	2800      	cmp	r0, #0
1000583a:	d101      	bne.n	10005840 <_prep_out_transaction+0x54>
1000583c:	0004      	movs	r4, r0
1000583e:	e7dc      	b.n	100057fa <_prep_out_transaction+0xe>
10005840:	0030      	movs	r0, r6
10005842:	f001 f91f 	bl	10006a84 <tu_fifo_remaining>
10005846:	283f      	cmp	r0, #63	@ 0x3f
10005848:	d90d      	bls.n	10005866 <_prep_out_transaction+0x7a>
1000584a:	01ea      	lsls	r2, r5, #7
1000584c:	4b0b      	ldr	r3, [pc, #44]	@ (1000587c <_prep_out_transaction+0x90>)
1000584e:	18d2      	adds	r2, r2, r3
10005850:	4b09      	ldr	r3, [pc, #36]	@ (10005878 <_prep_out_transaction+0x8c>)
10005852:	21c8      	movs	r1, #200	@ 0xc8
10005854:	4369      	muls	r1, r5
10005856:	185b      	adds	r3, r3, r1
10005858:	78d9      	ldrb	r1, [r3, #3]
1000585a:	2340      	movs	r3, #64	@ 0x40
1000585c:	2000      	movs	r0, #0
1000585e:	f7ff fb69 	bl	10004f34 <usbd_edpt_xfer>
10005862:	0004      	movs	r4, r0
10005864:	e7c9      	b.n	100057fa <_prep_out_transaction+0xe>
10005866:	4b04      	ldr	r3, [pc, #16]	@ (10005878 <_prep_out_transaction+0x8c>)
10005868:	22c8      	movs	r2, #200	@ 0xc8
1000586a:	436a      	muls	r2, r5
1000586c:	189b      	adds	r3, r3, r2
1000586e:	78d9      	ldrb	r1, [r3, #3]
10005870:	2000      	movs	r0, #0
10005872:	f7ff fb4b 	bl	10004f0c <usbd_edpt_release>
10005876:	e7c0      	b.n	100057fa <_prep_out_transaction+0xe>
10005878:	200010c0 	.word	0x200010c0
1000587c:	2000103c 	.word	0x2000103c

10005880 <tud_cdc_n_connected>:
10005880:	b510      	push	{r4, lr}
10005882:	0004      	movs	r4, r0
10005884:	f7ff fa20 	bl	10004cc8 <tud_mounted>
10005888:	2800      	cmp	r0, #0
1000588a:	d101      	bne.n	10005890 <tud_cdc_n_connected+0x10>
1000588c:	2000      	movs	r0, #0
1000588e:	bd10      	pop	{r4, pc}
10005890:	f7ff fa22 	bl	10004cd8 <tud_suspended>
10005894:	2800      	cmp	r0, #0
10005896:	d108      	bne.n	100058aa <tud_cdc_n_connected+0x2a>
10005898:	4b06      	ldr	r3, [pc, #24]	@ (100058b4 <tud_cdc_n_connected+0x34>)
1000589a:	22c8      	movs	r2, #200	@ 0xc8
1000589c:	4362      	muls	r2, r4
1000589e:	189b      	adds	r3, r3, r2
100058a0:	791b      	ldrb	r3, [r3, #4]
100058a2:	07db      	lsls	r3, r3, #31
100058a4:	d503      	bpl.n	100058ae <tud_cdc_n_connected+0x2e>
100058a6:	3001      	adds	r0, #1
100058a8:	e7f1      	b.n	1000588e <tud_cdc_n_connected+0xe>
100058aa:	2000      	movs	r0, #0
100058ac:	e7ef      	b.n	1000588e <tud_cdc_n_connected+0xe>
100058ae:	2000      	movs	r0, #0
100058b0:	e7ed      	b.n	1000588e <tud_cdc_n_connected+0xe>
100058b2:	46c0      	nop			@ (mov r8, r8)
100058b4:	200010c0 	.word	0x200010c0

100058b8 <tud_cdc_n_available>:
100058b8:	b510      	push	{r4, lr}
100058ba:	23c8      	movs	r3, #200	@ 0xc8
100058bc:	4343      	muls	r3, r0
100058be:	3310      	adds	r3, #16
100058c0:	4802      	ldr	r0, [pc, #8]	@ (100058cc <tud_cdc_n_available+0x14>)
100058c2:	1818      	adds	r0, r3, r0
100058c4:	f001 f8ac 	bl	10006a20 <tu_fifo_count>
100058c8:	bd10      	pop	{r4, pc}
100058ca:	46c0      	nop			@ (mov r8, r8)
100058cc:	200010c0 	.word	0x200010c0

100058d0 <tud_cdc_n_read>:
100058d0:	b570      	push	{r4, r5, r6, lr}
100058d2:	0004      	movs	r4, r0
100058d4:	20c8      	movs	r0, #200	@ 0xc8
100058d6:	4360      	muls	r0, r4
100058d8:	0003      	movs	r3, r0
100058da:	3310      	adds	r3, #16
100058dc:	4807      	ldr	r0, [pc, #28]	@ (100058fc <tud_cdc_n_read+0x2c>)
100058de:	1818      	adds	r0, r3, r0
100058e0:	4b07      	ldr	r3, [pc, #28]	@ (10005900 <tud_cdc_n_read+0x30>)
100058e2:	429a      	cmp	r2, r3
100058e4:	d808      	bhi.n	100058f8 <tud_cdc_n_read+0x28>
100058e6:	b292      	uxth	r2, r2
100058e8:	f001 f904 	bl	10006af4 <tu_fifo_read_n>
100058ec:	0005      	movs	r5, r0
100058ee:	0020      	movs	r0, r4
100058f0:	f7ff ff7c 	bl	100057ec <_prep_out_transaction>
100058f4:	0028      	movs	r0, r5
100058f6:	bd70      	pop	{r4, r5, r6, pc}
100058f8:	4a02      	ldr	r2, [pc, #8]	@ (10005904 <tud_cdc_n_read+0x34>)
100058fa:	e7f5      	b.n	100058e8 <tud_cdc_n_read+0x18>
100058fc:	200010c0 	.word	0x200010c0
10005900:	0000fffe 	.word	0x0000fffe
10005904:	0000ffff 	.word	0x0000ffff

10005908 <tud_cdc_n_write_flush>:
10005908:	b570      	push	{r4, r5, r6, lr}
1000590a:	0005      	movs	r5, r0
1000590c:	f7ff f9dc 	bl	10004cc8 <tud_mounted>
10005910:	2800      	cmp	r0, #0
10005912:	d101      	bne.n	10005918 <tud_cdc_n_write_flush+0x10>
10005914:	2000      	movs	r0, #0
10005916:	bd70      	pop	{r4, r5, r6, pc}
10005918:	f7ff f9de 	bl	10004cd8 <tud_suspended>
1000591c:	2800      	cmp	r0, #0
1000591e:	d1f9      	bne.n	10005914 <tud_cdc_n_write_flush+0xc>
10005920:	24c8      	movs	r4, #200	@ 0xc8
10005922:	436c      	muls	r4, r5
10005924:	3420      	adds	r4, #32
10005926:	4b20      	ldr	r3, [pc, #128]	@ (100059a8 <tud_cdc_n_write_flush+0xa0>)
10005928:	18e4      	adds	r4, r4, r3
1000592a:	3404      	adds	r4, #4
1000592c:	0020      	movs	r0, r4
1000592e:	f001 f877 	bl	10006a20 <tu_fifo_count>
10005932:	2800      	cmp	r0, #0
10005934:	d101      	bne.n	1000593a <tud_cdc_n_write_flush+0x32>
10005936:	2000      	movs	r0, #0
10005938:	e7ed      	b.n	10005916 <tud_cdc_n_write_flush+0xe>
1000593a:	4b1b      	ldr	r3, [pc, #108]	@ (100059a8 <tud_cdc_n_write_flush+0xa0>)
1000593c:	22c8      	movs	r2, #200	@ 0xc8
1000593e:	436a      	muls	r2, r5
10005940:	189b      	adds	r3, r3, r2
10005942:	7899      	ldrb	r1, [r3, #2]
10005944:	2000      	movs	r0, #0
10005946:	f7ff facd 	bl	10004ee4 <usbd_edpt_claim>
1000594a:	2800      	cmp	r0, #0
1000594c:	d101      	bne.n	10005952 <tud_cdc_n_write_flush+0x4a>
1000594e:	2000      	movs	r0, #0
10005950:	e7e1      	b.n	10005916 <tud_cdc_n_write_flush+0xe>
10005952:	01ee      	lsls	r6, r5, #7
10005954:	3640      	adds	r6, #64	@ 0x40
10005956:	4b15      	ldr	r3, [pc, #84]	@ (100059ac <tud_cdc_n_write_flush+0xa4>)
10005958:	18f6      	adds	r6, r6, r3
1000595a:	2240      	movs	r2, #64	@ 0x40
1000595c:	0031      	movs	r1, r6
1000595e:	0020      	movs	r0, r4
10005960:	f001 f8c8 	bl	10006af4 <tu_fifo_read_n>
10005964:	1e04      	subs	r4, r0, #0
10005966:	d014      	beq.n	10005992 <tud_cdc_n_write_flush+0x8a>
10005968:	4b0f      	ldr	r3, [pc, #60]	@ (100059a8 <tud_cdc_n_write_flush+0xa0>)
1000596a:	22c8      	movs	r2, #200	@ 0xc8
1000596c:	436a      	muls	r2, r5
1000596e:	189b      	adds	r3, r3, r2
10005970:	7899      	ldrb	r1, [r3, #2]
10005972:	0003      	movs	r3, r0
10005974:	0032      	movs	r2, r6
10005976:	2000      	movs	r0, #0
10005978:	f7ff fadc 	bl	10004f34 <usbd_edpt_xfer>
1000597c:	2800      	cmp	r0, #0
1000597e:	d001      	beq.n	10005984 <tud_cdc_n_write_flush+0x7c>
10005980:	0020      	movs	r0, r4
10005982:	e7c8      	b.n	10005916 <tud_cdc_n_write_flush+0xe>
10005984:	490a      	ldr	r1, [pc, #40]	@ (100059b0 <tud_cdc_n_write_flush+0xa8>)
10005986:	480b      	ldr	r0, [pc, #44]	@ (100059b4 <tud_cdc_n_write_flush+0xac>)
10005988:	22d5      	movs	r2, #213	@ 0xd5
1000598a:	f7fe fa89 	bl	10003ea0 <__wrap_printf>
1000598e:	2000      	movs	r0, #0
10005990:	e7c1      	b.n	10005916 <tud_cdc_n_write_flush+0xe>
10005992:	4b05      	ldr	r3, [pc, #20]	@ (100059a8 <tud_cdc_n_write_flush+0xa0>)
10005994:	22c8      	movs	r2, #200	@ 0xc8
10005996:	436a      	muls	r2, r5
10005998:	189b      	adds	r3, r3, r2
1000599a:	7899      	ldrb	r1, [r3, #2]
1000599c:	2000      	movs	r0, #0
1000599e:	f7ff fab5 	bl	10004f0c <usbd_edpt_release>
100059a2:	2000      	movs	r0, #0
100059a4:	e7b7      	b.n	10005916 <tud_cdc_n_write_flush+0xe>
100059a6:	46c0      	nop			@ (mov r8, r8)
100059a8:	200010c0 	.word	0x200010c0
100059ac:	2000103c 	.word	0x2000103c
100059b0:	10008344 	.word	0x10008344
100059b4:	10007bc0 	.word	0x10007bc0

100059b8 <tud_cdc_n_write>:
100059b8:	b570      	push	{r4, r5, r6, lr}
100059ba:	0005      	movs	r5, r0
100059bc:	24c8      	movs	r4, #200	@ 0xc8
100059be:	4344      	muls	r4, r0
100059c0:	3420      	adds	r4, #32
100059c2:	4b0c      	ldr	r3, [pc, #48]	@ (100059f4 <tud_cdc_n_write+0x3c>)
100059c4:	18e4      	adds	r4, r4, r3
100059c6:	3404      	adds	r4, #4
100059c8:	4b0b      	ldr	r3, [pc, #44]	@ (100059f8 <tud_cdc_n_write+0x40>)
100059ca:	429a      	cmp	r2, r3
100059cc:	d80b      	bhi.n	100059e6 <tud_cdc_n_write+0x2e>
100059ce:	b292      	uxth	r2, r2
100059d0:	0020      	movs	r0, r4
100059d2:	f001 f8c6 	bl	10006b62 <tu_fifo_write_n>
100059d6:	0006      	movs	r6, r0
100059d8:	0020      	movs	r0, r4
100059da:	f001 f821 	bl	10006a20 <tu_fifo_count>
100059de:	283f      	cmp	r0, #63	@ 0x3f
100059e0:	d803      	bhi.n	100059ea <tud_cdc_n_write+0x32>
100059e2:	0030      	movs	r0, r6
100059e4:	bd70      	pop	{r4, r5, r6, pc}
100059e6:	4a05      	ldr	r2, [pc, #20]	@ (100059fc <tud_cdc_n_write+0x44>)
100059e8:	e7f2      	b.n	100059d0 <tud_cdc_n_write+0x18>
100059ea:	0028      	movs	r0, r5
100059ec:	f7ff ff8c 	bl	10005908 <tud_cdc_n_write_flush>
100059f0:	e7f7      	b.n	100059e2 <tud_cdc_n_write+0x2a>
100059f2:	46c0      	nop			@ (mov r8, r8)
100059f4:	200010c0 	.word	0x200010c0
100059f8:	0000fffe 	.word	0x0000fffe
100059fc:	0000ffff 	.word	0x0000ffff

10005a00 <tud_cdc_n_write_available>:
10005a00:	b510      	push	{r4, lr}
10005a02:	23c8      	movs	r3, #200	@ 0xc8
10005a04:	4358      	muls	r0, r3
10005a06:	3020      	adds	r0, #32
10005a08:	4b02      	ldr	r3, [pc, #8]	@ (10005a14 <tud_cdc_n_write_available+0x14>)
10005a0a:	18c0      	adds	r0, r0, r3
10005a0c:	3004      	adds	r0, #4
10005a0e:	f001 f839 	bl	10006a84 <tu_fifo_remaining>
10005a12:	bd10      	pop	{r4, pc}
10005a14:	200010c0 	.word	0x200010c0

10005a18 <cdcd_init>:
10005a18:	b5f0      	push	{r4, r5, r6, r7, lr}
10005a1a:	46ce      	mov	lr, r9
10005a1c:	4647      	mov	r7, r8
10005a1e:	b580      	push	{r7, lr}
10005a20:	b083      	sub	sp, #12
10005a22:	4826      	ldr	r0, [pc, #152]	@ (10005abc <cdcd_init+0xa4>)
10005a24:	22c8      	movs	r2, #200	@ 0xc8
10005a26:	2100      	movs	r1, #0
10005a28:	f7fc ffc0 	bl	100029ac <__wrap_memset>
10005a2c:	4b24      	ldr	r3, [pc, #144]	@ (10005ac0 <cdcd_init+0xa8>)
10005a2e:	2200      	movs	r2, #0
10005a30:	701a      	strb	r2, [r3, #0]
10005a32:	2700      	movs	r7, #0
10005a34:	2f00      	cmp	r7, #0
10005a36:	d004      	beq.n	10005a42 <cdcd_init+0x2a>
10005a38:	b003      	add	sp, #12
10005a3a:	bcc0      	pop	{r6, r7}
10005a3c:	46b9      	mov	r9, r7
10005a3e:	46b0      	mov	r8, r6
10005a40:	bdf0      	pop	{r4, r5, r6, r7, pc}
10005a42:	4e1e      	ldr	r6, [pc, #120]	@ (10005abc <cdcd_init+0xa4>)
10005a44:	24c8      	movs	r4, #200	@ 0xc8
10005a46:	437c      	muls	r4, r7
10005a48:	1935      	adds	r5, r6, r4
10005a4a:	23ff      	movs	r3, #255	@ 0xff
10005a4c:	716b      	strb	r3, [r5, #5]
10005a4e:	23e1      	movs	r3, #225	@ 0xe1
10005a50:	025b      	lsls	r3, r3, #9
10005a52:	60ab      	str	r3, [r5, #8]
10005a54:	2300      	movs	r3, #0
10005a56:	4698      	mov	r8, r3
10005a58:	732b      	strb	r3, [r5, #12]
10005a5a:	736b      	strb	r3, [r5, #13]
10005a5c:	3308      	adds	r3, #8
10005a5e:	73ab      	strb	r3, [r5, #14]
10005a60:	0021      	movs	r1, r4
10005a62:	3138      	adds	r1, #56	@ 0x38
10005a64:	1989      	adds	r1, r1, r6
10005a66:	0020      	movs	r0, r4
10005a68:	3010      	adds	r0, #16
10005a6a:	1980      	adds	r0, r0, r6
10005a6c:	4643      	mov	r3, r8
10005a6e:	9300      	str	r3, [sp, #0]
10005a70:	3301      	adds	r3, #1
10005a72:	2240      	movs	r2, #64	@ 0x40
10005a74:	f000 ff96 	bl	100069a4 <tu_fifo_config>
10005a78:	0021      	movs	r1, r4
10005a7a:	3178      	adds	r1, #120	@ 0x78
10005a7c:	1989      	adds	r1, r1, r6
10005a7e:	0020      	movs	r0, r4
10005a80:	3020      	adds	r0, #32
10005a82:	1980      	adds	r0, r0, r6
10005a84:	3004      	adds	r0, #4
10005a86:	2301      	movs	r3, #1
10005a88:	9300      	str	r3, [sp, #0]
10005a8a:	2240      	movs	r2, #64	@ 0x40
10005a8c:	f000 ff8a 	bl	100069a4 <tu_fifo_config>
10005a90:	0023      	movs	r3, r4
10005a92:	33b8      	adds	r3, #184	@ 0xb8
10005a94:	4699      	mov	r9, r3
10005a96:	44b1      	add	r9, r6
10005a98:	4648      	mov	r0, r9
10005a9a:	f7fb f907 	bl	10000cac <mutex_init>
10005a9e:	34c0      	adds	r4, #192	@ 0xc0
10005aa0:	19a4      	adds	r4, r4, r6
10005aa2:	0020      	movs	r0, r4
10005aa4:	f7fb f902 	bl	10000cac <mutex_init>
10005aa8:	4643      	mov	r3, r8
10005aaa:	61eb      	str	r3, [r5, #28]
10005aac:	464b      	mov	r3, r9
10005aae:	622b      	str	r3, [r5, #32]
10005ab0:	632c      	str	r4, [r5, #48]	@ 0x30
10005ab2:	4643      	mov	r3, r8
10005ab4:	636b      	str	r3, [r5, #52]	@ 0x34
10005ab6:	3701      	adds	r7, #1
10005ab8:	b2ff      	uxtb	r7, r7
10005aba:	e7bb      	b.n	10005a34 <cdcd_init+0x1c>
10005abc:	200010c0 	.word	0x200010c0
10005ac0:	200010bc 	.word	0x200010bc

10005ac4 <cdcd_deinit>:
10005ac4:	b510      	push	{r4, lr}
10005ac6:	2300      	movs	r3, #0
10005ac8:	2b00      	cmp	r3, #0
10005aca:	d001      	beq.n	10005ad0 <cdcd_deinit+0xc>
10005acc:	2001      	movs	r0, #1
10005ace:	bd10      	pop	{r4, pc}
10005ad0:	0019      	movs	r1, r3
10005ad2:	4a0d      	ldr	r2, [pc, #52]	@ (10005b08 <cdcd_deinit+0x44>)
10005ad4:	20c8      	movs	r0, #200	@ 0xc8
10005ad6:	4358      	muls	r0, r3
10005ad8:	1812      	adds	r2, r2, r0
10005ada:	6a10      	ldr	r0, [r2, #32]
10005adc:	6b14      	ldr	r4, [r2, #48]	@ 0x30
10005ade:	2800      	cmp	r0, #0
10005ae0:	d006      	beq.n	10005af0 <cdcd_deinit+0x2c>
10005ae2:	4a09      	ldr	r2, [pc, #36]	@ (10005b08 <cdcd_deinit+0x44>)
10005ae4:	20c8      	movs	r0, #200	@ 0xc8
10005ae6:	4358      	muls	r0, r3
10005ae8:	1812      	adds	r2, r2, r0
10005aea:	2000      	movs	r0, #0
10005aec:	61d0      	str	r0, [r2, #28]
10005aee:	6210      	str	r0, [r2, #32]
10005af0:	2c00      	cmp	r4, #0
10005af2:	d006      	beq.n	10005b02 <cdcd_deinit+0x3e>
10005af4:	4a04      	ldr	r2, [pc, #16]	@ (10005b08 <cdcd_deinit+0x44>)
10005af6:	20c8      	movs	r0, #200	@ 0xc8
10005af8:	4341      	muls	r1, r0
10005afa:	1852      	adds	r2, r2, r1
10005afc:	2100      	movs	r1, #0
10005afe:	6311      	str	r1, [r2, #48]	@ 0x30
10005b00:	6351      	str	r1, [r2, #52]	@ 0x34
10005b02:	3301      	adds	r3, #1
10005b04:	b2db      	uxtb	r3, r3
10005b06:	e7df      	b.n	10005ac8 <cdcd_deinit+0x4>
10005b08:	200010c0 	.word	0x200010c0

10005b0c <cdcd_reset>:
10005b0c:	b570      	push	{r4, r5, r6, lr}
10005b0e:	2400      	movs	r4, #0
10005b10:	2c00      	cmp	r4, #0
10005b12:	d000      	beq.n	10005b16 <cdcd_reset+0xa>
10005b14:	bd70      	pop	{r4, r5, r6, pc}
10005b16:	0025      	movs	r5, r4
10005b18:	20c8      	movs	r0, #200	@ 0xc8
10005b1a:	4360      	muls	r0, r4
10005b1c:	4b15      	ldr	r3, [pc, #84]	@ (10005b74 <cdcd_reset+0x68>)
10005b1e:	18c0      	adds	r0, r0, r3
10005b20:	2205      	movs	r2, #5
10005b22:	2100      	movs	r1, #0
10005b24:	f7fc ff42 	bl	100029ac <__wrap_memset>
10005b28:	4b13      	ldr	r3, [pc, #76]	@ (10005b78 <cdcd_reset+0x6c>)
10005b2a:	781b      	ldrb	r3, [r3, #0]
10005b2c:	07db      	lsls	r3, r3, #31
10005b2e:	d50f      	bpl.n	10005b50 <cdcd_reset+0x44>
10005b30:	4b11      	ldr	r3, [pc, #68]	@ (10005b78 <cdcd_reset+0x6c>)
10005b32:	781b      	ldrb	r3, [r3, #0]
10005b34:	079b      	lsls	r3, r3, #30
10005b36:	d513      	bpl.n	10005b60 <cdcd_reset+0x54>
10005b38:	20c8      	movs	r0, #200	@ 0xc8
10005b3a:	4368      	muls	r0, r5
10005b3c:	3020      	adds	r0, #32
10005b3e:	4b0d      	ldr	r3, [pc, #52]	@ (10005b74 <cdcd_reset+0x68>)
10005b40:	18c0      	adds	r0, r0, r3
10005b42:	3004      	adds	r0, #4
10005b44:	2101      	movs	r1, #1
10005b46:	f001 f830 	bl	10006baa <tu_fifo_set_overwritable>
10005b4a:	3401      	adds	r4, #1
10005b4c:	b2e4      	uxtb	r4, r4
10005b4e:	e7df      	b.n	10005b10 <cdcd_reset+0x4>
10005b50:	20c8      	movs	r0, #200	@ 0xc8
10005b52:	4360      	muls	r0, r4
10005b54:	3010      	adds	r0, #16
10005b56:	4b07      	ldr	r3, [pc, #28]	@ (10005b74 <cdcd_reset+0x68>)
10005b58:	18c0      	adds	r0, r0, r3
10005b5a:	f001 f807 	bl	10006b6c <tu_fifo_clear>
10005b5e:	e7e7      	b.n	10005b30 <cdcd_reset+0x24>
10005b60:	20c8      	movs	r0, #200	@ 0xc8
10005b62:	4368      	muls	r0, r5
10005b64:	3020      	adds	r0, #32
10005b66:	4b03      	ldr	r3, [pc, #12]	@ (10005b74 <cdcd_reset+0x68>)
10005b68:	18c0      	adds	r0, r0, r3
10005b6a:	3004      	adds	r0, #4
10005b6c:	f000 fffe 	bl	10006b6c <tu_fifo_clear>
10005b70:	e7e2      	b.n	10005b38 <cdcd_reset+0x2c>
10005b72:	46c0      	nop			@ (mov r8, r8)
10005b74:	200010c0 	.word	0x200010c0
10005b78:	200010bc 	.word	0x200010bc

10005b7c <cdcd_open>:
10005b7c:	b5f0      	push	{r4, r5, r6, r7, lr}
10005b7e:	b085      	sub	sp, #20
10005b80:	9003      	str	r0, [sp, #12]
10005b82:	794b      	ldrb	r3, [r1, #5]
10005b84:	2b02      	cmp	r3, #2
10005b86:	d163      	bne.n	10005c50 <cdcd_open+0xd4>
10005b88:	798b      	ldrb	r3, [r1, #6]
10005b8a:	2b02      	cmp	r3, #2
10005b8c:	d164      	bne.n	10005c58 <cdcd_open+0xdc>
10005b8e:	2700      	movs	r7, #0
10005b90:	2f00      	cmp	r7, #0
10005b92:	d007      	beq.n	10005ba4 <cdcd_open+0x28>
10005b94:	2f00      	cmp	r7, #0
10005b96:	d10f      	bne.n	10005bb8 <cdcd_open+0x3c>
10005b98:	788b      	ldrb	r3, [r1, #2]
10005b9a:	7033      	strb	r3, [r6, #0]
10005b9c:	780c      	ldrb	r4, [r1, #0]
10005b9e:	190c      	adds	r4, r1, r4
10005ba0:	2509      	movs	r5, #9
10005ba2:	e015      	b.n	10005bd0 <cdcd_open+0x54>
10005ba4:	23c8      	movs	r3, #200	@ 0xc8
10005ba6:	437b      	muls	r3, r7
10005ba8:	4e2c      	ldr	r6, [pc, #176]	@ (10005c5c <cdcd_open+0xe0>)
10005baa:	199e      	adds	r6, r3, r6
10005bac:	78b3      	ldrb	r3, [r6, #2]
10005bae:	2b00      	cmp	r3, #0
10005bb0:	d0f0      	beq.n	10005b94 <cdcd_open+0x18>
10005bb2:	3701      	adds	r7, #1
10005bb4:	b2ff      	uxtb	r7, r7
10005bb6:	e7eb      	b.n	10005b90 <cdcd_open+0x14>
10005bb8:	2242      	movs	r2, #66	@ 0x42
10005bba:	4929      	ldr	r1, [pc, #164]	@ (10005c60 <cdcd_open+0xe4>)
10005bbc:	4829      	ldr	r0, [pc, #164]	@ (10005c64 <cdcd_open+0xe8>)
10005bbe:	32ff      	adds	r2, #255	@ 0xff
10005bc0:	f7fe f96e 	bl	10003ea0 <__wrap_printf>
10005bc4:	2500      	movs	r5, #0
10005bc6:	e044      	b.n	10005c52 <cdcd_open+0xd6>
10005bc8:	7823      	ldrb	r3, [r4, #0]
10005bca:	195d      	adds	r5, r3, r5
10005bcc:	b2ad      	uxth	r5, r5
10005bce:	18e4      	adds	r4, r4, r3
10005bd0:	7863      	ldrb	r3, [r4, #1]
10005bd2:	2b24      	cmp	r3, #36	@ 0x24
10005bd4:	d101      	bne.n	10005bda <cdcd_open+0x5e>
10005bd6:	4295      	cmp	r5, r2
10005bd8:	d9f6      	bls.n	10005bc8 <cdcd_open+0x4c>
10005bda:	2b05      	cmp	r3, #5
10005bdc:	d009      	beq.n	10005bf2 <cdcd_open+0x76>
10005bde:	7863      	ldrb	r3, [r4, #1]
10005be0:	2b04      	cmp	r3, #4
10005be2:	d102      	bne.n	10005bea <cdcd_open+0x6e>
10005be4:	7963      	ldrb	r3, [r4, #5]
10005be6:	2b0a      	cmp	r3, #10
10005be8:	d018      	beq.n	10005c1c <cdcd_open+0xa0>
10005bea:	0038      	movs	r0, r7
10005bec:	f7ff fdfe 	bl	100057ec <_prep_out_transaction>
10005bf0:	e02f      	b.n	10005c52 <cdcd_open+0xd6>
10005bf2:	0021      	movs	r1, r4
10005bf4:	9803      	ldr	r0, [sp, #12]
10005bf6:	f7ff f901 	bl	10004dfc <usbd_edpt_open>
10005bfa:	2800      	cmp	r0, #0
10005bfc:	d006      	beq.n	10005c0c <cdcd_open+0x90>
10005bfe:	78a3      	ldrb	r3, [r4, #2]
10005c00:	7073      	strb	r3, [r6, #1]
10005c02:	7823      	ldrb	r3, [r4, #0]
10005c04:	195d      	adds	r5, r3, r5
10005c06:	b2ad      	uxth	r5, r5
10005c08:	18e4      	adds	r4, r4, r3
10005c0a:	e7e8      	b.n	10005bde <cdcd_open+0x62>
10005c0c:	2254      	movs	r2, #84	@ 0x54
10005c0e:	4914      	ldr	r1, [pc, #80]	@ (10005c60 <cdcd_open+0xe4>)
10005c10:	4814      	ldr	r0, [pc, #80]	@ (10005c64 <cdcd_open+0xe8>)
10005c12:	32ff      	adds	r2, #255	@ 0xff
10005c14:	f7fe f944 	bl	10003ea0 <__wrap_printf>
10005c18:	2500      	movs	r5, #0
10005c1a:	e01a      	b.n	10005c52 <cdcd_open+0xd6>
10005c1c:	7821      	ldrb	r1, [r4, #0]
10005c1e:	194d      	adds	r5, r1, r5
10005c20:	b2ad      	uxth	r5, r5
10005c22:	1861      	adds	r1, r4, r1
10005c24:	1cb3      	adds	r3, r6, #2
10005c26:	9301      	str	r3, [sp, #4]
10005c28:	1cf3      	adds	r3, r6, #3
10005c2a:	9300      	str	r3, [sp, #0]
10005c2c:	2302      	movs	r3, #2
10005c2e:	2202      	movs	r2, #2
10005c30:	9803      	ldr	r0, [sp, #12]
10005c32:	f7ff f913 	bl	10004e5c <usbd_open_edpt_pair>
10005c36:	2800      	cmp	r0, #0
10005c38:	d002      	beq.n	10005c40 <cdcd_open+0xc4>
10005c3a:	350e      	adds	r5, #14
10005c3c:	b2ad      	uxth	r5, r5
10005c3e:	e7d4      	b.n	10005bea <cdcd_open+0x6e>
10005c40:	22b1      	movs	r2, #177	@ 0xb1
10005c42:	4907      	ldr	r1, [pc, #28]	@ (10005c60 <cdcd_open+0xe4>)
10005c44:	4807      	ldr	r0, [pc, #28]	@ (10005c64 <cdcd_open+0xe8>)
10005c46:	0052      	lsls	r2, r2, #1
10005c48:	f7fe f92a 	bl	10003ea0 <__wrap_printf>
10005c4c:	2500      	movs	r5, #0
10005c4e:	e000      	b.n	10005c52 <cdcd_open+0xd6>
10005c50:	2500      	movs	r5, #0
10005c52:	0028      	movs	r0, r5
10005c54:	b005      	add	sp, #20
10005c56:	bdf0      	pop	{r4, r5, r6, r7, pc}
10005c58:	2500      	movs	r5, #0
10005c5a:	e7fa      	b.n	10005c52 <cdcd_open+0xd6>
10005c5c:	200010c0 	.word	0x200010c0
10005c60:	10008338 	.word	0x10008338
10005c64:	10007bc0 	.word	0x10007bc0

10005c68 <cdcd_control_xfer_cb>:
10005c68:	b5f8      	push	{r3, r4, r5, r6, r7, lr}
10005c6a:	0014      	movs	r4, r2
10005c6c:	7812      	ldrb	r2, [r2, #0]
10005c6e:	2360      	movs	r3, #96	@ 0x60
10005c70:	4013      	ands	r3, r2
10005c72:	2b20      	cmp	r3, #32
10005c74:	d000      	beq.n	10005c78 <cdcd_control_xfer_cb+0x10>
10005c76:	e082      	b.n	10005d7e <cdcd_control_xfer_cb+0x116>
10005c78:	2500      	movs	r5, #0
10005c7a:	2d00      	cmp	r5, #0
10005c7c:	d00e      	beq.n	10005c9c <cdcd_control_xfer_cb+0x34>
10005c7e:	2d00      	cmp	r5, #0
10005c80:	d000      	beq.n	10005c84 <cdcd_control_xfer_cb+0x1c>
10005c82:	e07e      	b.n	10005d82 <cdcd_control_xfer_cb+0x11a>
10005c84:	7863      	ldrb	r3, [r4, #1]
10005c86:	2b22      	cmp	r3, #34	@ 0x22
10005c88:	d042      	beq.n	10005d10 <cdcd_control_xfer_cb+0xa8>
10005c8a:	d817      	bhi.n	10005cbc <cdcd_control_xfer_cb+0x54>
10005c8c:	2b20      	cmp	r3, #32
10005c8e:	d01f      	beq.n	10005cd0 <cdcd_control_xfer_cb+0x68>
10005c90:	2b21      	cmp	r3, #33	@ 0x21
10005c92:	d111      	bne.n	10005cb8 <cdcd_control_xfer_cb+0x50>
10005c94:	2901      	cmp	r1, #1
10005c96:	d033      	beq.n	10005d00 <cdcd_control_xfer_cb+0x98>
10005c98:	2001      	movs	r0, #1
10005c9a:	e071      	b.n	10005d80 <cdcd_control_xfer_cb+0x118>
10005c9c:	23c8      	movs	r3, #200	@ 0xc8
10005c9e:	436b      	muls	r3, r5
10005ca0:	4a3c      	ldr	r2, [pc, #240]	@ (10005d94 <cdcd_control_xfer_cb+0x12c>)
10005ca2:	189e      	adds	r6, r3, r2
10005ca4:	5cd2      	ldrb	r2, [r2, r3]
10005ca6:	7927      	ldrb	r7, [r4, #4]
10005ca8:	7963      	ldrb	r3, [r4, #5]
10005caa:	021b      	lsls	r3, r3, #8
10005cac:	433b      	orrs	r3, r7
10005cae:	429a      	cmp	r2, r3
10005cb0:	d0e5      	beq.n	10005c7e <cdcd_control_xfer_cb+0x16>
10005cb2:	3501      	adds	r5, #1
10005cb4:	b2ed      	uxtb	r5, r5
10005cb6:	e7e0      	b.n	10005c7a <cdcd_control_xfer_cb+0x12>
10005cb8:	2000      	movs	r0, #0
10005cba:	e061      	b.n	10005d80 <cdcd_control_xfer_cb+0x118>
10005cbc:	2b23      	cmp	r3, #35	@ 0x23
10005cbe:	d105      	bne.n	10005ccc <cdcd_control_xfer_cb+0x64>
10005cc0:	2901      	cmp	r1, #1
10005cc2:	d04b      	beq.n	10005d5c <cdcd_control_xfer_cb+0xf4>
10005cc4:	2903      	cmp	r1, #3
10005cc6:	d04e      	beq.n	10005d66 <cdcd_control_xfer_cb+0xfe>
10005cc8:	2001      	movs	r0, #1
10005cca:	e059      	b.n	10005d80 <cdcd_control_xfer_cb+0x118>
10005ccc:	2000      	movs	r0, #0
10005cce:	e057      	b.n	10005d80 <cdcd_control_xfer_cb+0x118>
10005cd0:	2901      	cmp	r1, #1
10005cd2:	d003      	beq.n	10005cdc <cdcd_control_xfer_cb+0x74>
10005cd4:	2903      	cmp	r1, #3
10005cd6:	d009      	beq.n	10005cec <cdcd_control_xfer_cb+0x84>
10005cd8:	2001      	movs	r0, #1
10005cda:	e051      	b.n	10005d80 <cdcd_control_xfer_cb+0x118>
10005cdc:	0032      	movs	r2, r6
10005cde:	3208      	adds	r2, #8
10005ce0:	2307      	movs	r3, #7
10005ce2:	0021      	movs	r1, r4
10005ce4:	f7ff fca8 	bl	10005638 <tud_control_xfer>
10005ce8:	2001      	movs	r0, #1
10005cea:	e049      	b.n	10005d80 <cdcd_control_xfer_cb+0x118>
10005cec:	4b2a      	ldr	r3, [pc, #168]	@ (10005d98 <cdcd_control_xfer_cb+0x130>)
10005cee:	2b00      	cmp	r3, #0
10005cf0:	d049      	beq.n	10005d86 <cdcd_control_xfer_cb+0x11e>
10005cf2:	0031      	movs	r1, r6
10005cf4:	3108      	adds	r1, #8
10005cf6:	0028      	movs	r0, r5
10005cf8:	f7fe f958 	bl	10003fac <tud_cdc_line_coding_cb>
10005cfc:	2001      	movs	r0, #1
10005cfe:	e03f      	b.n	10005d80 <cdcd_control_xfer_cb+0x118>
10005d00:	0032      	movs	r2, r6
10005d02:	3208      	adds	r2, #8
10005d04:	2307      	movs	r3, #7
10005d06:	0021      	movs	r1, r4
10005d08:	f7ff fc96 	bl	10005638 <tud_control_xfer>
10005d0c:	2001      	movs	r0, #1
10005d0e:	e037      	b.n	10005d80 <cdcd_control_xfer_cb+0x118>
10005d10:	2901      	cmp	r1, #1
10005d12:	d003      	beq.n	10005d1c <cdcd_control_xfer_cb+0xb4>
10005d14:	2903      	cmp	r1, #3
10005d16:	d006      	beq.n	10005d26 <cdcd_control_xfer_cb+0xbe>
10005d18:	2001      	movs	r0, #1
10005d1a:	e031      	b.n	10005d80 <cdcd_control_xfer_cb+0x118>
10005d1c:	0021      	movs	r1, r4
10005d1e:	f7ff fc77 	bl	10005610 <tud_control_status>
10005d22:	2001      	movs	r0, #1
10005d24:	e02c      	b.n	10005d80 <cdcd_control_xfer_cb+0x118>
10005d26:	78a2      	ldrb	r2, [r4, #2]
10005d28:	78e3      	ldrb	r3, [r4, #3]
10005d2a:	021b      	lsls	r3, r3, #8
10005d2c:	4313      	orrs	r3, r2
10005d2e:	2401      	movs	r4, #1
10005d30:	0027      	movs	r7, r4
10005d32:	401f      	ands	r7, r3
10005d34:	085a      	lsrs	r2, r3, #1
10005d36:	4014      	ands	r4, r2
10005d38:	7133      	strb	r3, [r6, #4]
10005d3a:	2101      	movs	r1, #1
10005d3c:	4079      	eors	r1, r7
10005d3e:	b2c9      	uxtb	r1, r1
10005d40:	0030      	movs	r0, r6
10005d42:	3024      	adds	r0, #36	@ 0x24
10005d44:	f000 ff31 	bl	10006baa <tu_fifo_set_overwritable>
10005d48:	4b14      	ldr	r3, [pc, #80]	@ (10005d9c <cdcd_control_xfer_cb+0x134>)
10005d4a:	2b00      	cmp	r3, #0
10005d4c:	d01d      	beq.n	10005d8a <cdcd_control_xfer_cb+0x122>
10005d4e:	0022      	movs	r2, r4
10005d50:	0039      	movs	r1, r7
10005d52:	0028      	movs	r0, r5
10005d54:	e000      	b.n	10005d58 <cdcd_control_xfer_cb+0xf0>
10005d56:	bf00      	nop
10005d58:	2001      	movs	r0, #1
10005d5a:	e011      	b.n	10005d80 <cdcd_control_xfer_cb+0x118>
10005d5c:	0021      	movs	r1, r4
10005d5e:	f7ff fc57 	bl	10005610 <tud_control_status>
10005d62:	2001      	movs	r0, #1
10005d64:	e00c      	b.n	10005d80 <cdcd_control_xfer_cb+0x118>
10005d66:	4b0e      	ldr	r3, [pc, #56]	@ (10005da0 <cdcd_control_xfer_cb+0x138>)
10005d68:	2b00      	cmp	r3, #0
10005d6a:	d010      	beq.n	10005d8e <cdcd_control_xfer_cb+0x126>
10005d6c:	78a3      	ldrb	r3, [r4, #2]
10005d6e:	78e1      	ldrb	r1, [r4, #3]
10005d70:	0209      	lsls	r1, r1, #8
10005d72:	4319      	orrs	r1, r3
10005d74:	0028      	movs	r0, r5
10005d76:	e000      	b.n	10005d7a <cdcd_control_xfer_cb+0x112>
10005d78:	bf00      	nop
10005d7a:	2001      	movs	r0, #1
10005d7c:	e000      	b.n	10005d80 <cdcd_control_xfer_cb+0x118>
10005d7e:	2000      	movs	r0, #0
10005d80:	bdf8      	pop	{r3, r4, r5, r6, r7, pc}
10005d82:	2000      	movs	r0, #0
10005d84:	e7fc      	b.n	10005d80 <cdcd_control_xfer_cb+0x118>
10005d86:	2001      	movs	r0, #1
10005d88:	e7fa      	b.n	10005d80 <cdcd_control_xfer_cb+0x118>
10005d8a:	2001      	movs	r0, #1
10005d8c:	e7f8      	b.n	10005d80 <cdcd_control_xfer_cb+0x118>
10005d8e:	2001      	movs	r0, #1
10005d90:	e7f6      	b.n	10005d80 <cdcd_control_xfer_cb+0x118>
10005d92:	46c0      	nop			@ (mov r8, r8)
10005d94:	200010c0 	.word	0x200010c0
10005d98:	10003fad 	.word	0x10003fad
	...

10005da4 <cdcd_xfer_cb>:
10005da4:	b5f0      	push	{r4, r5, r6, r7, lr}
10005da6:	46d6      	mov	lr, sl
10005da8:	4647      	mov	r7, r8
10005daa:	b580      	push	{r7, lr}
10005dac:	b083      	sub	sp, #12
10005dae:	9001      	str	r0, [sp, #4]
10005db0:	000f      	movs	r7, r1
10005db2:	9300      	str	r3, [sp, #0]
10005db4:	2400      	movs	r4, #0
10005db6:	2c00      	cmp	r4, #0
10005db8:	d00f      	beq.n	10005dda <cdcd_xfer_cb+0x36>
10005dba:	2c00      	cmp	r4, #0
10005dbc:	d11a      	bne.n	10005df4 <cdcd_xfer_cb+0x50>
10005dbe:	46a0      	mov	r8, r4
10005dc0:	78eb      	ldrb	r3, [r5, #3]
10005dc2:	42bb      	cmp	r3, r7
10005dc4:	d01e      	beq.n	10005e04 <cdcd_xfer_cb+0x60>
10005dc6:	78ab      	ldrb	r3, [r5, #2]
10005dc8:	42bb      	cmp	r3, r7
10005dca:	d054      	beq.n	10005e76 <cdcd_xfer_cb+0xd2>
10005dcc:	2401      	movs	r4, #1
10005dce:	0020      	movs	r0, r4
10005dd0:	b003      	add	sp, #12
10005dd2:	bcc0      	pop	{r6, r7}
10005dd4:	46ba      	mov	sl, r7
10005dd6:	46b0      	mov	r8, r6
10005dd8:	bdf0      	pop	{r4, r5, r6, r7, pc}
10005dda:	25c8      	movs	r5, #200	@ 0xc8
10005ddc:	4365      	muls	r5, r4
10005dde:	4b3c      	ldr	r3, [pc, #240]	@ (10005ed0 <cdcd_xfer_cb+0x12c>)
10005de0:	18ed      	adds	r5, r5, r3
10005de2:	78eb      	ldrb	r3, [r5, #3]
10005de4:	42bb      	cmp	r3, r7
10005de6:	d0e8      	beq.n	10005dba <cdcd_xfer_cb+0x16>
10005de8:	78ab      	ldrb	r3, [r5, #2]
10005dea:	42bb      	cmp	r3, r7
10005dec:	d0e5      	beq.n	10005dba <cdcd_xfer_cb+0x16>
10005dee:	3401      	adds	r4, #1
10005df0:	b2e4      	uxtb	r4, r4
10005df2:	e7e0      	b.n	10005db6 <cdcd_xfer_cb+0x12>
10005df4:	22e6      	movs	r2, #230	@ 0xe6
10005df6:	4937      	ldr	r1, [pc, #220]	@ (10005ed4 <cdcd_xfer_cb+0x130>)
10005df8:	4837      	ldr	r0, [pc, #220]	@ (10005ed8 <cdcd_xfer_cb+0x134>)
10005dfa:	0052      	lsls	r2, r2, #1
10005dfc:	f7fe f850 	bl	10003ea0 <__wrap_printf>
10005e00:	2400      	movs	r4, #0
10005e02:	e7e4      	b.n	10005dce <cdcd_xfer_cb+0x2a>
10005e04:	2310      	movs	r3, #16
10005e06:	469a      	mov	sl, r3
10005e08:	44aa      	add	sl, r5
10005e0a:	01e1      	lsls	r1, r4, #7
10005e0c:	4b33      	ldr	r3, [pc, #204]	@ (10005edc <cdcd_xfer_cb+0x138>)
10005e0e:	18c9      	adds	r1, r1, r3
10005e10:	466b      	mov	r3, sp
10005e12:	881a      	ldrh	r2, [r3, #0]
10005e14:	4650      	mov	r0, sl
10005e16:	f000 fea4 	bl	10006b62 <tu_fifo_write_n>
10005e1a:	4b31      	ldr	r3, [pc, #196]	@ (10005ee0 <cdcd_xfer_cb+0x13c>)
10005e1c:	2b00      	cmp	r3, #0
10005e1e:	d01a      	beq.n	10005e56 <cdcd_xfer_cb+0xb2>
10005e20:	796b      	ldrb	r3, [r5, #5]
10005e22:	2bff      	cmp	r3, #255	@ 0xff
10005e24:	d017      	beq.n	10005e56 <cdcd_xfer_cb+0xb2>
10005e26:	2600      	movs	r6, #0
10005e28:	e000      	b.n	10005e2c <cdcd_xfer_cb+0x88>
10005e2a:	3601      	adds	r6, #1
10005e2c:	9b00      	ldr	r3, [sp, #0]
10005e2e:	429e      	cmp	r6, r3
10005e30:	d211      	bcs.n	10005e56 <cdcd_xfer_cb+0xb2>
10005e32:	796a      	ldrb	r2, [r5, #5]
10005e34:	4b29      	ldr	r3, [pc, #164]	@ (10005edc <cdcd_xfer_cb+0x138>)
10005e36:	4641      	mov	r1, r8
10005e38:	01c9      	lsls	r1, r1, #7
10005e3a:	185b      	adds	r3, r3, r1
10005e3c:	5d9b      	ldrb	r3, [r3, r6]
10005e3e:	429a      	cmp	r2, r3
10005e40:	d1f3      	bne.n	10005e2a <cdcd_xfer_cb+0x86>
10005e42:	4650      	mov	r0, sl
10005e44:	f000 fe02 	bl	10006a4c <tu_fifo_empty>
10005e48:	2800      	cmp	r0, #0
10005e4a:	d1ee      	bne.n	10005e2a <cdcd_xfer_cb+0x86>
10005e4c:	7969      	ldrb	r1, [r5, #5]
10005e4e:	0020      	movs	r0, r4
10005e50:	e000      	b.n	10005e54 <cdcd_xfer_cb+0xb0>
10005e52:	bf00      	nop
10005e54:	e7e9      	b.n	10005e2a <cdcd_xfer_cb+0x86>
10005e56:	4b23      	ldr	r3, [pc, #140]	@ (10005ee4 <cdcd_xfer_cb+0x140>)
10005e58:	2b00      	cmp	r3, #0
10005e5a:	d004      	beq.n	10005e66 <cdcd_xfer_cb+0xc2>
10005e5c:	4650      	mov	r0, sl
10005e5e:	f000 fdf5 	bl	10006a4c <tu_fifo_empty>
10005e62:	2800      	cmp	r0, #0
10005e64:	d003      	beq.n	10005e6e <cdcd_xfer_cb+0xca>
10005e66:	0020      	movs	r0, r4
10005e68:	f7ff fcc0 	bl	100057ec <_prep_out_transaction>
10005e6c:	e7ab      	b.n	10005dc6 <cdcd_xfer_cb+0x22>
10005e6e:	0020      	movs	r0, r4
10005e70:	e000      	b.n	10005e74 <cdcd_xfer_cb+0xd0>
10005e72:	bf00      	nop
10005e74:	e7f7      	b.n	10005e66 <cdcd_xfer_cb+0xc2>
10005e76:	4b1c      	ldr	r3, [pc, #112]	@ (10005ee8 <cdcd_xfer_cb+0x144>)
10005e78:	2b00      	cmp	r3, #0
10005e7a:	d002      	beq.n	10005e82 <cdcd_xfer_cb+0xde>
10005e7c:	0020      	movs	r0, r4
10005e7e:	e000      	b.n	10005e82 <cdcd_xfer_cb+0xde>
10005e80:	bf00      	nop
10005e82:	0020      	movs	r0, r4
10005e84:	f7ff fd40 	bl	10005908 <tud_cdc_n_write_flush>
10005e88:	2800      	cmp	r0, #0
10005e8a:	d001      	beq.n	10005e90 <cdcd_xfer_cb+0xec>
10005e8c:	2401      	movs	r4, #1
10005e8e:	e79e      	b.n	10005dce <cdcd_xfer_cb+0x2a>
10005e90:	0028      	movs	r0, r5
10005e92:	3024      	adds	r0, #36	@ 0x24
10005e94:	f000 fdc4 	bl	10006a20 <tu_fifo_count>
10005e98:	2800      	cmp	r0, #0
10005e9a:	d115      	bne.n	10005ec8 <cdcd_xfer_cb+0x124>
10005e9c:	9b00      	ldr	r3, [sp, #0]
10005e9e:	2b00      	cmp	r3, #0
10005ea0:	d014      	beq.n	10005ecc <cdcd_xfer_cb+0x128>
10005ea2:	069e      	lsls	r6, r3, #26
10005ea4:	d001      	beq.n	10005eaa <cdcd_xfer_cb+0x106>
10005ea6:	2401      	movs	r4, #1
10005ea8:	e791      	b.n	10005dce <cdcd_xfer_cb+0x2a>
10005eaa:	78a9      	ldrb	r1, [r5, #2]
10005eac:	9801      	ldr	r0, [sp, #4]
10005eae:	f7ff f819 	bl	10004ee4 <usbd_edpt_claim>
10005eb2:	1e04      	subs	r4, r0, #0
10005eb4:	d101      	bne.n	10005eba <cdcd_xfer_cb+0x116>
10005eb6:	2401      	movs	r4, #1
10005eb8:	e789      	b.n	10005dce <cdcd_xfer_cb+0x2a>
10005eba:	78a9      	ldrb	r1, [r5, #2]
10005ebc:	2300      	movs	r3, #0
10005ebe:	2200      	movs	r2, #0
10005ec0:	9801      	ldr	r0, [sp, #4]
10005ec2:	f7ff f837 	bl	10004f34 <usbd_edpt_xfer>
10005ec6:	e782      	b.n	10005dce <cdcd_xfer_cb+0x2a>
10005ec8:	2401      	movs	r4, #1
10005eca:	e780      	b.n	10005dce <cdcd_xfer_cb+0x2a>
10005ecc:	2401      	movs	r4, #1
10005ece:	e77e      	b.n	10005dce <cdcd_xfer_cb+0x2a>
10005ed0:	200010c0 	.word	0x200010c0
10005ed4:	10008328 	.word	0x10008328
10005ed8:	10007bc0 	.word	0x10007bc0
10005edc:	2000103c 	.word	0x2000103c
	...

10005eec <tud_vendor_n_mounted>:
10005eec:	2800      	cmp	r0, #0
10005eee:	d117      	bne.n	10005f20 <tud_vendor_n_mounted+0x34>
10005ef0:	4b0c      	ldr	r3, [pc, #48]	@ (10005f24 <tud_vendor_n_mounted+0x38>)
10005ef2:	2293      	movs	r2, #147	@ 0x93
10005ef4:	0092      	lsls	r2, r2, #2
10005ef6:	4342      	muls	r2, r0
10005ef8:	189b      	adds	r3, r3, r2
10005efa:	332a      	adds	r3, #42	@ 0x2a
10005efc:	33ff      	adds	r3, #255	@ 0xff
10005efe:	781b      	ldrb	r3, [r3, #0]
10005f00:	2b00      	cmp	r3, #0
10005f02:	d109      	bne.n	10005f18 <tud_vendor_n_mounted+0x2c>
10005f04:	4b07      	ldr	r3, [pc, #28]	@ (10005f24 <tud_vendor_n_mounted+0x38>)
10005f06:	2293      	movs	r2, #147	@ 0x93
10005f08:	0092      	lsls	r2, r2, #2
10005f0a:	4342      	muls	r2, r0
10005f0c:	189b      	adds	r3, r3, r2
10005f0e:	795b      	ldrb	r3, [r3, #5]
10005f10:	2b00      	cmp	r3, #0
10005f12:	d003      	beq.n	10005f1c <tud_vendor_n_mounted+0x30>
10005f14:	3001      	adds	r0, #1
10005f16:	e004      	b.n	10005f22 <tud_vendor_n_mounted+0x36>
10005f18:	2001      	movs	r0, #1
10005f1a:	e002      	b.n	10005f22 <tud_vendor_n_mounted+0x36>
10005f1c:	2000      	movs	r0, #0
10005f1e:	e000      	b.n	10005f22 <tud_vendor_n_mounted+0x36>
10005f20:	2000      	movs	r0, #0
10005f22:	4770      	bx	lr
10005f24:	20001384 	.word	0x20001384

10005f28 <tud_vendor_n_write_flush>:
10005f28:	b510      	push	{r4, lr}
10005f2a:	2800      	cmp	r0, #0
10005f2c:	d001      	beq.n	10005f32 <tud_vendor_n_write_flush+0xa>
10005f2e:	2000      	movs	r0, #0
10005f30:	bd10      	pop	{r4, pc}
10005f32:	2193      	movs	r1, #147	@ 0x93
10005f34:	0089      	lsls	r1, r1, #2
10005f36:	4341      	muls	r1, r0
10005f38:	4b02      	ldr	r3, [pc, #8]	@ (10005f44 <tud_vendor_n_write_flush+0x1c>)
10005f3a:	18c9      	adds	r1, r1, r3
10005f3c:	3104      	adds	r1, #4
10005f3e:	f000 fb01 	bl	10006544 <tu_edpt_stream_write_xfer>
10005f42:	e7f5      	b.n	10005f30 <tud_vendor_n_write_flush+0x8>
10005f44:	20001384 	.word	0x20001384

10005f48 <vendord_init>:
10005f48:	b5f0      	push	{r4, r5, r6, r7, lr}
10005f4a:	46d6      	mov	lr, sl
10005f4c:	464f      	mov	r7, r9
10005f4e:	4646      	mov	r6, r8
10005f50:	b5c0      	push	{r6, r7, lr}
10005f52:	b084      	sub	sp, #16
10005f54:	4821      	ldr	r0, [pc, #132]	@ (10005fdc <vendord_init+0x94>)
10005f56:	2293      	movs	r2, #147	@ 0x93
10005f58:	0092      	lsls	r2, r2, #2
10005f5a:	2100      	movs	r1, #0
10005f5c:	f7fc fd26 	bl	100029ac <__wrap_memset>
10005f60:	2500      	movs	r5, #0
10005f62:	2d00      	cmp	r5, #0
10005f64:	d005      	beq.n	10005f72 <vendord_init+0x2a>
10005f66:	b004      	add	sp, #16
10005f68:	bce0      	pop	{r5, r6, r7}
10005f6a:	46ba      	mov	sl, r7
10005f6c:	46b1      	mov	r9, r6
10005f6e:	46a8      	mov	r8, r5
10005f70:	bdf0      	pop	{r4, r5, r6, r7, pc}
10005f72:	2493      	movs	r4, #147	@ 0x93
10005f74:	00a4      	lsls	r4, r4, #2
10005f76:	436c      	muls	r4, r5
10005f78:	0023      	movs	r3, r4
10005f7a:	3349      	adds	r3, #73	@ 0x49
10005f7c:	33ff      	adds	r3, #255	@ 0xff
10005f7e:	4a17      	ldr	r2, [pc, #92]	@ (10005fdc <vendord_init+0x94>)
10005f80:	4691      	mov	r9, r2
10005f82:	444b      	add	r3, r9
10005f84:	3304      	adds	r3, #4
10005f86:	01ee      	lsls	r6, r5, #7
10005f88:	4a15      	ldr	r2, [pc, #84]	@ (10005fe0 <vendord_init+0x98>)
10005f8a:	4692      	mov	sl, r2
10005f8c:	18b2      	adds	r2, r6, r2
10005f8e:	0020      	movs	r0, r4
10005f90:	3029      	adds	r0, #41	@ 0x29
10005f92:	30ff      	adds	r0, #255	@ 0xff
10005f94:	4448      	add	r0, r9
10005f96:	2140      	movs	r1, #64	@ 0x40
10005f98:	4688      	mov	r8, r1
10005f9a:	9103      	str	r1, [sp, #12]
10005f9c:	9202      	str	r2, [sp, #8]
10005f9e:	2780      	movs	r7, #128	@ 0x80
10005fa0:	007f      	lsls	r7, r7, #1
10005fa2:	9701      	str	r7, [sp, #4]
10005fa4:	9300      	str	r3, [sp, #0]
10005fa6:	2300      	movs	r3, #0
10005fa8:	2200      	movs	r2, #0
10005faa:	2100      	movs	r1, #0
10005fac:	f000 fa57 	bl	1000645e <tu_edpt_stream_init>
10005fb0:	0023      	movs	r3, r4
10005fb2:	3320      	adds	r3, #32
10005fb4:	444b      	add	r3, r9
10005fb6:	3308      	adds	r3, #8
10005fb8:	3640      	adds	r6, #64	@ 0x40
10005fba:	4456      	add	r6, sl
10005fbc:	0020      	movs	r0, r4
10005fbe:	4448      	add	r0, r9
10005fc0:	3004      	adds	r0, #4
10005fc2:	4642      	mov	r2, r8
10005fc4:	9203      	str	r2, [sp, #12]
10005fc6:	9602      	str	r6, [sp, #8]
10005fc8:	9701      	str	r7, [sp, #4]
10005fca:	9300      	str	r3, [sp, #0]
10005fcc:	2300      	movs	r3, #0
10005fce:	3a3f      	subs	r2, #63	@ 0x3f
10005fd0:	2100      	movs	r1, #0
10005fd2:	f000 fa44 	bl	1000645e <tu_edpt_stream_init>
10005fd6:	3501      	adds	r5, #1
10005fd8:	b2ed      	uxtb	r5, r5
10005fda:	e7c2      	b.n	10005f62 <vendord_init+0x1a>
10005fdc:	20001384 	.word	0x20001384
10005fe0:	20001304 	.word	0x20001304

10005fe4 <vendord_deinit>:
10005fe4:	b570      	push	{r4, r5, r6, lr}
10005fe6:	2500      	movs	r5, #0
10005fe8:	2d00      	cmp	r5, #0
10005fea:	d001      	beq.n	10005ff0 <vendord_deinit+0xc>
10005fec:	2001      	movs	r0, #1
10005fee:	bd70      	pop	{r4, r5, r6, pc}
10005ff0:	2493      	movs	r4, #147	@ 0x93
10005ff2:	00a4      	lsls	r4, r4, #2
10005ff4:	436c      	muls	r4, r5
10005ff6:	0020      	movs	r0, r4
10005ff8:	3029      	adds	r0, #41	@ 0x29
10005ffa:	30ff      	adds	r0, #255	@ 0xff
10005ffc:	4e05      	ldr	r6, [pc, #20]	@ (10006014 <vendord_deinit+0x30>)
10005ffe:	1980      	adds	r0, r0, r6
10006000:	f000 fa5e 	bl	100064c0 <tu_edpt_stream_deinit>
10006004:	19a0      	adds	r0, r4, r6
10006006:	3004      	adds	r0, #4
10006008:	f000 fa5a 	bl	100064c0 <tu_edpt_stream_deinit>
1000600c:	3501      	adds	r5, #1
1000600e:	b2ed      	uxtb	r5, r5
10006010:	e7ea      	b.n	10005fe8 <vendord_deinit+0x4>
10006012:	46c0      	nop			@ (mov r8, r8)
10006014:	20001384 	.word	0x20001384

10006018 <vendord_reset>:
10006018:	b5f0      	push	{r4, r5, r6, r7, lr}
1000601a:	46c6      	mov	lr, r8
1000601c:	b500      	push	{lr}
1000601e:	2500      	movs	r5, #0
10006020:	2d00      	cmp	r5, #0
10006022:	d002      	beq.n	1000602a <vendord_reset+0x12>
10006024:	bc80      	pop	{r7}
10006026:	46b8      	mov	r8, r7
10006028:	bdf0      	pop	{r4, r5, r6, r7, pc}
1000602a:	2493      	movs	r4, #147	@ 0x93
1000602c:	00a4      	lsls	r4, r4, #2
1000602e:	436c      	muls	r4, r5
10006030:	4b0c      	ldr	r3, [pc, #48]	@ (10006064 <vendord_reset+0x4c>)
10006032:	4698      	mov	r8, r3
10006034:	18e6      	adds	r6, r4, r3
10006036:	2700      	movs	r7, #0
10006038:	7037      	strb	r7, [r6, #0]
1000603a:	0020      	movs	r0, r4
1000603c:	3031      	adds	r0, #49	@ 0x31
1000603e:	30ff      	adds	r0, #255	@ 0xff
10006040:	4440      	add	r0, r8
10006042:	f000 fd93 	bl	10006b6c <tu_fifo_clear>
10006046:	3408      	adds	r4, #8
10006048:	0020      	movs	r0, r4
1000604a:	4440      	add	r0, r8
1000604c:	3004      	adds	r0, #4
1000604e:	f000 fd8d 	bl	10006b6c <tu_fifo_clear>
10006052:	0033      	movs	r3, r6
10006054:	332a      	adds	r3, #42	@ 0x2a
10006056:	33ff      	adds	r3, #255	@ 0xff
10006058:	701f      	strb	r7, [r3, #0]
1000605a:	7177      	strb	r7, [r6, #5]
1000605c:	3501      	adds	r5, #1
1000605e:	b2ed      	uxtb	r5, r5
10006060:	e7de      	b.n	10006020 <vendord_reset+0x8>
10006062:	46c0      	nop			@ (mov r8, r8)
10006064:	20001384 	.word	0x20001384

10006068 <vendord_open>:
10006068:	b5f0      	push	{r4, r5, r6, r7, lr}
1000606a:	46c6      	mov	lr, r8
1000606c:	b500      	push	{lr}
1000606e:	b082      	sub	sp, #8
10006070:	9001      	str	r0, [sp, #4]
10006072:	000f      	movs	r7, r1
10006074:	794b      	ldrb	r3, [r1, #5]
10006076:	2bff      	cmp	r3, #255	@ 0xff
10006078:	d000      	beq.n	1000607c <vendord_open+0x14>
1000607a:	e08c      	b.n	10006196 <vendord_open+0x12e>
1000607c:	780c      	ldrb	r4, [r1, #0]
1000607e:	190c      	adds	r4, r1, r4
10006080:	18a5      	adds	r5, r4, r2
10006082:	2600      	movs	r6, #0
10006084:	2e00      	cmp	r6, #0
10006086:	d001      	beq.n	1000608c <vendord_open+0x24>
10006088:	2000      	movs	r0, #0
1000608a:	e085      	b.n	10006198 <vendord_open+0x130>
1000608c:	0030      	movs	r0, r6
1000608e:	f7ff ff2d 	bl	10005eec <tud_vendor_n_mounted>
10006092:	2800      	cmp	r0, #0
10006094:	d002      	beq.n	1000609c <vendord_open+0x34>
10006096:	3601      	adds	r6, #1
10006098:	b2f6      	uxtb	r6, r6
1000609a:	e7f3      	b.n	10006084 <vendord_open+0x1c>
1000609c:	2393      	movs	r3, #147	@ 0x93
1000609e:	009b      	lsls	r3, r3, #2
100060a0:	4373      	muls	r3, r6
100060a2:	4a3f      	ldr	r2, [pc, #252]	@ (100061a0 <vendord_open+0x138>)
100060a4:	4698      	mov	r8, r3
100060a6:	4490      	add	r8, r2
100060a8:	78bb      	ldrb	r3, [r7, #2]
100060aa:	4642      	mov	r2, r8
100060ac:	7013      	strb	r3, [r2, #0]
100060ae:	e033      	b.n	10006118 <vendord_open+0xb0>
100060b0:	42ac      	cmp	r4, r5
100060b2:	d26d      	bcs.n	10006190 <vendord_open+0x128>
100060b4:	0021      	movs	r1, r4
100060b6:	9801      	ldr	r0, [sp, #4]
100060b8:	f7fe fea0 	bl	10004dfc <usbd_edpt_open>
100060bc:	2800      	cmp	r0, #0
100060be:	d036      	beq.n	1000612e <vendord_open+0xc6>
100060c0:	3601      	adds	r6, #1
100060c2:	b2f6      	uxtb	r6, r6
100060c4:	78a3      	ldrb	r3, [r4, #2]
100060c6:	09db      	lsrs	r3, r3, #7
100060c8:	2b01      	cmp	r3, #1
100060ca:	d037      	beq.n	1000613c <vendord_open+0xd4>
100060cc:	4640      	mov	r0, r8
100060ce:	3031      	adds	r0, #49	@ 0x31
100060d0:	30ff      	adds	r0, #255	@ 0xff
100060d2:	f000 fd4b 	bl	10006b6c <tu_fifo_clear>
100060d6:	78a1      	ldrb	r1, [r4, #2]
100060d8:	2294      	movs	r2, #148	@ 0x94
100060da:	0052      	lsls	r2, r2, #1
100060dc:	4643      	mov	r3, r8
100060de:	189b      	adds	r3, r3, r2
100060e0:	7059      	strb	r1, [r3, #1]
100060e2:	7921      	ldrb	r1, [r4, #4]
100060e4:	7963      	ldrb	r3, [r4, #5]
100060e6:	021b      	lsls	r3, r3, #8
100060e8:	430b      	orrs	r3, r1
100060ea:	055b      	lsls	r3, r3, #21
100060ec:	0d5b      	lsrs	r3, r3, #21
100060ee:	492d      	ldr	r1, [pc, #180]	@ (100061a4 <vendord_open+0x13c>)
100060f0:	468c      	mov	ip, r1
100060f2:	4463      	add	r3, ip
100060f4:	4259      	negs	r1, r3
100060f6:	414b      	adcs	r3, r1
100060f8:	005b      	lsls	r3, r3, #1
100060fa:	4641      	mov	r1, r8
100060fc:	5c89      	ldrb	r1, [r1, r2]
100060fe:	2002      	movs	r0, #2
10006100:	4381      	bics	r1, r0
10006102:	430b      	orrs	r3, r1
10006104:	4641      	mov	r1, r8
10006106:	548b      	strb	r3, [r1, r2]
10006108:	1889      	adds	r1, r1, r2
1000610a:	9801      	ldr	r0, [sp, #4]
1000610c:	f000 fa5c 	bl	100065c8 <tu_edpt_stream_read_xfer>
10006110:	2800      	cmp	r0, #0
10006112:	d036      	beq.n	10006182 <vendord_open+0x11a>
10006114:	7823      	ldrb	r3, [r4, #0]
10006116:	18e4      	adds	r4, r4, r3
10006118:	793b      	ldrb	r3, [r7, #4]
1000611a:	42b3      	cmp	r3, r6
1000611c:	d938      	bls.n	10006190 <vendord_open+0x128>
1000611e:	7863      	ldrb	r3, [r4, #1]
10006120:	2b05      	cmp	r3, #5
10006122:	d0c5      	beq.n	100060b0 <vendord_open+0x48>
10006124:	42ac      	cmp	r4, r5
10006126:	d2c3      	bcs.n	100060b0 <vendord_open+0x48>
10006128:	7823      	ldrb	r3, [r4, #0]
1000612a:	18e4      	adds	r4, r4, r3
1000612c:	e7f7      	b.n	1000611e <vendord_open+0xb6>
1000612e:	491e      	ldr	r1, [pc, #120]	@ (100061a8 <vendord_open+0x140>)
10006130:	481e      	ldr	r0, [pc, #120]	@ (100061ac <vendord_open+0x144>)
10006132:	22e0      	movs	r2, #224	@ 0xe0
10006134:	f7fd feb4 	bl	10003ea0 <__wrap_printf>
10006138:	2000      	movs	r0, #0
1000613a:	e02d      	b.n	10006198 <vendord_open+0x130>
1000613c:	4640      	mov	r0, r8
1000613e:	300c      	adds	r0, #12
10006140:	f000 fd14 	bl	10006b6c <tu_fifo_clear>
10006144:	78a3      	ldrb	r3, [r4, #2]
10006146:	4642      	mov	r2, r8
10006148:	7153      	strb	r3, [r2, #5]
1000614a:	7922      	ldrb	r2, [r4, #4]
1000614c:	7963      	ldrb	r3, [r4, #5]
1000614e:	021b      	lsls	r3, r3, #8
10006150:	4313      	orrs	r3, r2
10006152:	055b      	lsls	r3, r3, #21
10006154:	0d5b      	lsrs	r3, r3, #21
10006156:	4a13      	ldr	r2, [pc, #76]	@ (100061a4 <vendord_open+0x13c>)
10006158:	4694      	mov	ip, r2
1000615a:	4463      	add	r3, ip
1000615c:	425a      	negs	r2, r3
1000615e:	4153      	adcs	r3, r2
10006160:	005b      	lsls	r3, r3, #1
10006162:	4642      	mov	r2, r8
10006164:	7912      	ldrb	r2, [r2, #4]
10006166:	2102      	movs	r1, #2
10006168:	438a      	bics	r2, r1
1000616a:	4313      	orrs	r3, r2
1000616c:	4642      	mov	r2, r8
1000616e:	7113      	strb	r3, [r2, #4]
10006170:	4b0b      	ldr	r3, [pc, #44]	@ (100061a0 <vendord_open+0x138>)
10006172:	1ad3      	subs	r3, r2, r3
10006174:	109b      	asrs	r3, r3, #2
10006176:	480e      	ldr	r0, [pc, #56]	@ (100061b0 <vendord_open+0x148>)
10006178:	4358      	muls	r0, r3
1000617a:	b2c0      	uxtb	r0, r0
1000617c:	f7ff fed4 	bl	10005f28 <tud_vendor_n_write_flush>
10006180:	e7c8      	b.n	10006114 <vendord_open+0xac>
10006182:	4909      	ldr	r1, [pc, #36]	@ (100061a8 <vendord_open+0x140>)
10006184:	4809      	ldr	r0, [pc, #36]	@ (100061ac <vendord_open+0x144>)
10006186:	22e8      	movs	r2, #232	@ 0xe8
10006188:	f7fd fe8a 	bl	10003ea0 <__wrap_printf>
1000618c:	2000      	movs	r0, #0
1000618e:	e003      	b.n	10006198 <vendord_open+0x130>
10006190:	1be0      	subs	r0, r4, r7
10006192:	b280      	uxth	r0, r0
10006194:	e000      	b.n	10006198 <vendord_open+0x130>
10006196:	2000      	movs	r0, #0
10006198:	b002      	add	sp, #8
1000619a:	bc80      	pop	{r7}
1000619c:	46b8      	mov	r8, r7
1000619e:	bdf0      	pop	{r4, r5, r6, r7, pc}
100061a0:	20001384 	.word	0x20001384
100061a4:	fffffe00 	.word	0xfffffe00
100061a8:	1000835c 	.word	0x1000835c
100061ac:	10007bc0 	.word	0x10007bc0
100061b0:	08b51d9b 	.word	0x08b51d9b

100061b4 <vendord_xfer_cb>:
100061b4:	b5f0      	push	{r4, r5, r6, r7, lr}
100061b6:	b083      	sub	sp, #12
100061b8:	0006      	movs	r6, r0
100061ba:	001d      	movs	r5, r3
100061bc:	2400      	movs	r4, #0
100061be:	2c00      	cmp	r4, #0
100061c0:	d00c      	beq.n	100061dc <vendord_xfer_cb+0x28>
100061c2:	2c00      	cmp	r4, #0
100061c4:	d157      	bne.n	10006276 <vendord_xfer_cb+0xc2>
100061c6:	9401      	str	r4, [sp, #4]
100061c8:	232a      	movs	r3, #42	@ 0x2a
100061ca:	33ff      	adds	r3, #255	@ 0xff
100061cc:	5cfb      	ldrb	r3, [r7, r3]
100061ce:	428b      	cmp	r3, r1
100061d0:	d015      	beq.n	100061fe <vendord_xfer_cb+0x4a>
100061d2:	797b      	ldrb	r3, [r7, #5]
100061d4:	428b      	cmp	r3, r1
100061d6:	d036      	beq.n	10006246 <vendord_xfer_cb+0x92>
100061d8:	2001      	movs	r0, #1
100061da:	e04d      	b.n	10006278 <vendord_xfer_cb+0xc4>
100061dc:	2393      	movs	r3, #147	@ 0x93
100061de:	009b      	lsls	r3, r3, #2
100061e0:	4363      	muls	r3, r4
100061e2:	4f26      	ldr	r7, [pc, #152]	@ (1000627c <vendord_xfer_cb+0xc8>)
100061e4:	19df      	adds	r7, r3, r7
100061e6:	003b      	movs	r3, r7
100061e8:	332a      	adds	r3, #42	@ 0x2a
100061ea:	33ff      	adds	r3, #255	@ 0xff
100061ec:	781b      	ldrb	r3, [r3, #0]
100061ee:	428b      	cmp	r3, r1
100061f0:	d0e7      	beq.n	100061c2 <vendord_xfer_cb+0xe>
100061f2:	797b      	ldrb	r3, [r7, #5]
100061f4:	428b      	cmp	r3, r1
100061f6:	d0e4      	beq.n	100061c2 <vendord_xfer_cb+0xe>
100061f8:	3401      	adds	r4, #1
100061fa:	b2e4      	uxtb	r4, r4
100061fc:	e7df      	b.n	100061be <vendord_xfer_cb+0xa>
100061fe:	003b      	movs	r3, r7
10006200:	3331      	adds	r3, #49	@ 0x31
10006202:	33ff      	adds	r3, #255	@ 0xff
10006204:	889b      	ldrh	r3, [r3, #4]
10006206:	2b00      	cmp	r3, #0
10006208:	d112      	bne.n	10006230 <vendord_xfer_cb+0x7c>
1000620a:	4b1d      	ldr	r3, [pc, #116]	@ (10006280 <vendord_xfer_cb+0xcc>)
1000620c:	2b00      	cmp	r3, #0
1000620e:	d007      	beq.n	10006220 <vendord_xfer_cb+0x6c>
10006210:	9b01      	ldr	r3, [sp, #4]
10006212:	01d9      	lsls	r1, r3, #7
10006214:	4b1b      	ldr	r3, [pc, #108]	@ (10006284 <vendord_xfer_cb+0xd0>)
10006216:	18c9      	adds	r1, r1, r3
10006218:	b2aa      	uxth	r2, r5
1000621a:	0020      	movs	r0, r4
1000621c:	e000      	b.n	10006220 <vendord_xfer_cb+0x6c>
1000621e:	bf00      	nop
10006220:	0039      	movs	r1, r7
10006222:	3129      	adds	r1, #41	@ 0x29
10006224:	31ff      	adds	r1, #255	@ 0xff
10006226:	0030      	movs	r0, r6
10006228:	f000 f9ce 	bl	100065c8 <tu_edpt_stream_read_xfer>
1000622c:	2001      	movs	r0, #1
1000622e:	e023      	b.n	10006278 <vendord_xfer_cb+0xc4>
10006230:	003b      	movs	r3, r7
10006232:	3329      	adds	r3, #41	@ 0x29
10006234:	33ff      	adds	r3, #255	@ 0xff
10006236:	6859      	ldr	r1, [r3, #4]
10006238:	b2aa      	uxth	r2, r5
1000623a:	0038      	movs	r0, r7
1000623c:	3031      	adds	r0, #49	@ 0x31
1000623e:	30ff      	adds	r0, #255	@ 0xff
10006240:	f000 fc8f 	bl	10006b62 <tu_fifo_write_n>
10006244:	e7e1      	b.n	1000620a <vendord_xfer_cb+0x56>
10006246:	4b10      	ldr	r3, [pc, #64]	@ (10006288 <vendord_xfer_cb+0xd4>)
10006248:	2b00      	cmp	r3, #0
1000624a:	d004      	beq.n	10006256 <vendord_xfer_cb+0xa2>
1000624c:	0429      	lsls	r1, r5, #16
1000624e:	0c09      	lsrs	r1, r1, #16
10006250:	0020      	movs	r0, r4
10006252:	e000      	b.n	10006256 <vendord_xfer_cb+0xa2>
10006254:	bf00      	nop
10006256:	1d3c      	adds	r4, r7, #4
10006258:	0021      	movs	r1, r4
1000625a:	0030      	movs	r0, r6
1000625c:	f000 f972 	bl	10006544 <tu_edpt_stream_write_xfer>
10006260:	2800      	cmp	r0, #0
10006262:	d001      	beq.n	10006268 <vendord_xfer_cb+0xb4>
10006264:	2001      	movs	r0, #1
10006266:	e007      	b.n	10006278 <vendord_xfer_cb+0xc4>
10006268:	002a      	movs	r2, r5
1000626a:	0021      	movs	r1, r4
1000626c:	0030      	movs	r0, r6
1000626e:	f000 f929 	bl	100064c4 <tu_edpt_stream_write_zlp_if_needed>
10006272:	2001      	movs	r0, #1
10006274:	e000      	b.n	10006278 <vendord_xfer_cb+0xc4>
10006276:	2000      	movs	r0, #0
10006278:	b003      	add	sp, #12
1000627a:	bdf0      	pop	{r4, r5, r6, r7, pc}
1000627c:	20001384 	.word	0x20001384
10006280:	00000000 	.word	0x00000000
10006284:	20001304 	.word	0x20001304
10006288:	00000000 	.word	0x00000000

1000628c <tusb_rhport_init>:
1000628c:	b510      	push	{r4, lr}
1000628e:	b082      	sub	sp, #8
10006290:	2900      	cmp	r1, #0
10006292:	d00a      	beq.n	100062aa <tusb_rhport_init+0x1e>
10006294:	2801      	cmp	r0, #1
10006296:	d81c      	bhi.n	100062d2 <tusb_rhport_init+0x46>
10006298:	780b      	ldrb	r3, [r1, #0]
1000629a:	2b00      	cmp	r3, #0
1000629c:	d019      	beq.n	100062d2 <tusb_rhport_init+0x46>
1000629e:	4a16      	ldr	r2, [pc, #88]	@ (100062f8 <tusb_rhport_init+0x6c>)
100062a0:	5413      	strb	r3, [r2, r0]
100062a2:	2b01      	cmp	r3, #1
100062a4:	d01e      	beq.n	100062e4 <tusb_rhport_init+0x58>
100062a6:	2401      	movs	r4, #1
100062a8:	e019      	b.n	100062de <tusb_rhport_init+0x52>
100062aa:	a901      	add	r1, sp, #4
100062ac:	2301      	movs	r3, #1
100062ae:	700b      	strb	r3, [r1, #0]
100062b0:	2300      	movs	r3, #0
100062b2:	704b      	strb	r3, [r1, #1]
100062b4:	2000      	movs	r0, #0
100062b6:	f7fe fd21 	bl	10004cfc <tud_rhport_init>
100062ba:	1e04      	subs	r4, r0, #0
100062bc:	d003      	beq.n	100062c6 <tusb_rhport_init+0x3a>
100062be:	4b0e      	ldr	r3, [pc, #56]	@ (100062f8 <tusb_rhport_init+0x6c>)
100062c0:	2201      	movs	r2, #1
100062c2:	701a      	strb	r2, [r3, #0]
100062c4:	e00b      	b.n	100062de <tusb_rhport_init+0x52>
100062c6:	490d      	ldr	r1, [pc, #52]	@ (100062fc <tusb_rhport_init+0x70>)
100062c8:	480d      	ldr	r0, [pc, #52]	@ (10006300 <tusb_rhport_init+0x74>)
100062ca:	2247      	movs	r2, #71	@ 0x47
100062cc:	f7fd fde8 	bl	10003ea0 <__wrap_printf>
100062d0:	e005      	b.n	100062de <tusb_rhport_init+0x52>
100062d2:	490a      	ldr	r1, [pc, #40]	@ (100062fc <tusb_rhport_init+0x70>)
100062d4:	480a      	ldr	r0, [pc, #40]	@ (10006300 <tusb_rhport_init+0x74>)
100062d6:	225a      	movs	r2, #90	@ 0x5a
100062d8:	f7fd fde2 	bl	10003ea0 <__wrap_printf>
100062dc:	2400      	movs	r4, #0
100062de:	0020      	movs	r0, r4
100062e0:	b002      	add	sp, #8
100062e2:	bd10      	pop	{r4, pc}
100062e4:	f7fe fd0a 	bl	10004cfc <tud_rhport_init>
100062e8:	1e04      	subs	r4, r0, #0
100062ea:	d1f8      	bne.n	100062de <tusb_rhport_init+0x52>
100062ec:	4903      	ldr	r1, [pc, #12]	@ (100062fc <tusb_rhport_init+0x70>)
100062ee:	4804      	ldr	r0, [pc, #16]	@ (10006300 <tusb_rhport_init+0x74>)
100062f0:	225f      	movs	r2, #95	@ 0x5f
100062f2:	f7fd fdd5 	bl	10003ea0 <__wrap_printf>
100062f6:	e7f2      	b.n	100062de <tusb_rhport_init+0x52>
100062f8:	200011dc 	.word	0x200011dc
100062fc:	100083dc 	.word	0x100083dc
10006300:	10007bc0 	.word	0x10007bc0

10006304 <tu_edpt_claim>:
10006304:	b570      	push	{r4, r5, r6, lr}
10006306:	0004      	movs	r4, r0
10006308:	000d      	movs	r5, r1
1000630a:	7803      	ldrb	r3, [r0, #0]
1000630c:	07db      	lsls	r3, r3, #31
1000630e:	0fd8      	lsrs	r0, r3, #31
10006310:	2b00      	cmp	r3, #0
10006312:	d11d      	bne.n	10006350 <tu_edpt_claim+0x4c>
10006314:	7823      	ldrb	r3, [r4, #0]
10006316:	075b      	lsls	r3, r3, #29
10006318:	0fde      	lsrs	r6, r3, #31
1000631a:	2b00      	cmp	r3, #0
1000631c:	db19      	blt.n	10006352 <tu_edpt_claim+0x4e>
1000631e:	2101      	movs	r1, #1
10006320:	4249      	negs	r1, r1
10006322:	0028      	movs	r0, r5
10006324:	f000 fdc8 	bl	10006eb8 <__mutex_enter_timeout_ms_veneer>
10006328:	7823      	ldrb	r3, [r4, #0]
1000632a:	07db      	lsls	r3, r3, #31
1000632c:	0fda      	lsrs	r2, r3, #31
1000632e:	2b00      	cmp	r3, #0
10006330:	d107      	bne.n	10006342 <tu_edpt_claim+0x3e>
10006332:	7823      	ldrb	r3, [r4, #0]
10006334:	075b      	lsls	r3, r3, #29
10006336:	d409      	bmi.n	1000634c <tu_edpt_claim+0x48>
10006338:	7823      	ldrb	r3, [r4, #0]
1000633a:	2204      	movs	r2, #4
1000633c:	4313      	orrs	r3, r2
1000633e:	7023      	strb	r3, [r4, #0]
10006340:	2601      	movs	r6, #1
10006342:	0028      	movs	r0, r5
10006344:	f000 fd98 	bl	10006e78 <__mutex_exit_veneer>
10006348:	0030      	movs	r0, r6
1000634a:	e002      	b.n	10006352 <tu_edpt_claim+0x4e>
1000634c:	0016      	movs	r6, r2
1000634e:	e7f8      	b.n	10006342 <tu_edpt_claim+0x3e>
10006350:	2000      	movs	r0, #0
10006352:	bd70      	pop	{r4, r5, r6, pc}

10006354 <tu_edpt_release>:
10006354:	b570      	push	{r4, r5, r6, lr}
10006356:	0006      	movs	r6, r0
10006358:	000c      	movs	r4, r1
1000635a:	2101      	movs	r1, #1
1000635c:	4249      	negs	r1, r1
1000635e:	0020      	movs	r0, r4
10006360:	f000 fdaa 	bl	10006eb8 <__mutex_enter_timeout_ms_veneer>
10006364:	7833      	ldrb	r3, [r6, #0]
10006366:	075b      	lsls	r3, r3, #29
10006368:	0fdd      	lsrs	r5, r3, #31
1000636a:	2b00      	cmp	r3, #0
1000636c:	db04      	blt.n	10006378 <tu_edpt_release+0x24>
1000636e:	0020      	movs	r0, r4
10006370:	f000 fd82 	bl	10006e78 <__mutex_exit_veneer>
10006374:	0028      	movs	r0, r5
10006376:	bd70      	pop	{r4, r5, r6, pc}
10006378:	7833      	ldrb	r3, [r6, #0]
1000637a:	07db      	lsls	r3, r3, #31
1000637c:	d404      	bmi.n	10006388 <tu_edpt_release+0x34>
1000637e:	7833      	ldrb	r3, [r6, #0]
10006380:	2204      	movs	r2, #4
10006382:	4393      	bics	r3, r2
10006384:	7033      	strb	r3, [r6, #0]
10006386:	e7f2      	b.n	1000636e <tu_edpt_release+0x1a>
10006388:	2500      	movs	r5, #0
1000638a:	e7f0      	b.n	1000636e <tu_edpt_release+0x1a>

1000638c <tu_edpt_validate>:
1000638c:	b510      	push	{r4, lr}
1000638e:	7902      	ldrb	r2, [r0, #4]
10006390:	7943      	ldrb	r3, [r0, #5]
10006392:	021b      	lsls	r3, r3, #8
10006394:	4313      	orrs	r3, r2
10006396:	055b      	lsls	r3, r3, #21
10006398:	0d5b      	lsrs	r3, r3, #21
1000639a:	78c2      	ldrb	r2, [r0, #3]
1000639c:	0792      	lsls	r2, r2, #30
1000639e:	0f92      	lsrs	r2, r2, #30
100063a0:	2a02      	cmp	r2, #2
100063a2:	d014      	beq.n	100063ce <tu_edpt_validate+0x42>
100063a4:	2a03      	cmp	r2, #3
100063a6:	d02d      	beq.n	10006404 <tu_edpt_validate+0x78>
100063a8:	2a01      	cmp	r2, #1
100063aa:	d13c      	bne.n	10006426 <tu_edpt_validate+0x9a>
100063ac:	2902      	cmp	r1, #2
100063ae:	d004      	beq.n	100063ba <tu_edpt_validate+0x2e>
100063b0:	4a1e      	ldr	r2, [pc, #120]	@ (1000642c <tu_edpt_validate+0xa0>)
100063b2:	429a      	cmp	r2, r3
100063b4:	d304      	bcc.n	100063c0 <tu_edpt_validate+0x34>
100063b6:	2001      	movs	r0, #1
100063b8:	e036      	b.n	10006428 <tu_edpt_validate+0x9c>
100063ba:	2280      	movs	r2, #128	@ 0x80
100063bc:	00d2      	lsls	r2, r2, #3
100063be:	e7f8      	b.n	100063b2 <tu_edpt_validate+0x26>
100063c0:	491b      	ldr	r1, [pc, #108]	@ (10006430 <tu_edpt_validate+0xa4>)
100063c2:	481c      	ldr	r0, [pc, #112]	@ (10006434 <tu_edpt_validate+0xa8>)
100063c4:	22d1      	movs	r2, #209	@ 0xd1
100063c6:	f7fd fd6b 	bl	10003ea0 <__wrap_printf>
100063ca:	2000      	movs	r0, #0
100063cc:	e02c      	b.n	10006428 <tu_edpt_validate+0x9c>
100063ce:	2902      	cmp	r1, #2
100063d0:	d003      	beq.n	100063da <tu_edpt_validate+0x4e>
100063d2:	2b40      	cmp	r3, #64	@ 0x40
100063d4:	d80f      	bhi.n	100063f6 <tu_edpt_validate+0x6a>
100063d6:	2001      	movs	r0, #1
100063d8:	e026      	b.n	10006428 <tu_edpt_validate+0x9c>
100063da:	2280      	movs	r2, #128	@ 0x80
100063dc:	0092      	lsls	r2, r2, #2
100063de:	4293      	cmp	r3, r2
100063e0:	d101      	bne.n	100063e6 <tu_edpt_validate+0x5a>
100063e2:	2001      	movs	r0, #1
100063e4:	e020      	b.n	10006428 <tu_edpt_validate+0x9c>
100063e6:	4912      	ldr	r1, [pc, #72]	@ (10006430 <tu_edpt_validate+0xa4>)
100063e8:	4812      	ldr	r0, [pc, #72]	@ (10006434 <tu_edpt_validate+0xa8>)
100063ea:	3a29      	subs	r2, #41	@ 0x29
100063ec:	3aff      	subs	r2, #255	@ 0xff
100063ee:	f7fd fd57 	bl	10003ea0 <__wrap_printf>
100063f2:	2000      	movs	r0, #0
100063f4:	e018      	b.n	10006428 <tu_edpt_validate+0x9c>
100063f6:	490e      	ldr	r1, [pc, #56]	@ (10006430 <tu_edpt_validate+0xa4>)
100063f8:	480e      	ldr	r0, [pc, #56]	@ (10006434 <tu_edpt_validate+0xa8>)
100063fa:	22db      	movs	r2, #219	@ 0xdb
100063fc:	f7fd fd50 	bl	10003ea0 <__wrap_printf>
10006400:	2000      	movs	r0, #0
10006402:	e011      	b.n	10006428 <tu_edpt_validate+0x9c>
10006404:	2902      	cmp	r1, #2
10006406:	d004      	beq.n	10006412 <tu_edpt_validate+0x86>
10006408:	2240      	movs	r2, #64	@ 0x40
1000640a:	429a      	cmp	r2, r3
1000640c:	d304      	bcc.n	10006418 <tu_edpt_validate+0x8c>
1000640e:	2001      	movs	r0, #1
10006410:	e00a      	b.n	10006428 <tu_edpt_validate+0x9c>
10006412:	2280      	movs	r2, #128	@ 0x80
10006414:	00d2      	lsls	r2, r2, #3
10006416:	e7f8      	b.n	1000640a <tu_edpt_validate+0x7e>
10006418:	4905      	ldr	r1, [pc, #20]	@ (10006430 <tu_edpt_validate+0xa4>)
1000641a:	4806      	ldr	r0, [pc, #24]	@ (10006434 <tu_edpt_validate+0xa8>)
1000641c:	22e1      	movs	r2, #225	@ 0xe1
1000641e:	f7fd fd3f 	bl	10003ea0 <__wrap_printf>
10006422:	2000      	movs	r0, #0
10006424:	e000      	b.n	10006428 <tu_edpt_validate+0x9c>
10006426:	2000      	movs	r0, #0
10006428:	bd10      	pop	{r4, pc}
1000642a:	46c0      	nop			@ (mov r8, r8)
1000642c:	000003ff 	.word	0x000003ff
10006430:	100083c8 	.word	0x100083c8
10006434:	10007bc0 	.word	0x10007bc0

10006438 <tu_edpt_bind_driver>:
10006438:	b530      	push	{r4, r5, lr}
1000643a:	188a      	adds	r2, r1, r2
1000643c:	e001      	b.n	10006442 <tu_edpt_bind_driver+0xa>
1000643e:	780c      	ldrb	r4, [r1, #0]
10006440:	1909      	adds	r1, r1, r4
10006442:	4291      	cmp	r1, r2
10006444:	d20a      	bcs.n	1000645c <tu_edpt_bind_driver+0x24>
10006446:	784c      	ldrb	r4, [r1, #1]
10006448:	2c05      	cmp	r4, #5
1000644a:	d1f8      	bne.n	1000643e <tu_edpt_bind_driver+0x6>
1000644c:	788d      	ldrb	r5, [r1, #2]
1000644e:	347a      	adds	r4, #122	@ 0x7a
10006450:	402c      	ands	r4, r5
10006452:	0064      	lsls	r4, r4, #1
10006454:	1904      	adds	r4, r0, r4
10006456:	09ed      	lsrs	r5, r5, #7
10006458:	5563      	strb	r3, [r4, r5]
1000645a:	e7f0      	b.n	1000643e <tu_edpt_bind_driver+0x6>
1000645c:	bd30      	pop	{r4, r5, pc}

1000645e <tu_edpt_stream_init>:
1000645e:	b5f0      	push	{r4, r5, r6, r7, lr}
10006460:	b085      	sub	sp, #20
10006462:	0004      	movs	r4, r0
10006464:	9203      	str	r2, [sp, #12]
10006466:	aa0a      	add	r2, sp, #40	@ 0x28
10006468:	ca40      	ldmia	r2!, {r6}
1000646a:	8817      	ldrh	r7, [r2, #0]
1000646c:	aa0d      	add	r2, sp, #52	@ 0x34
1000646e:	8815      	ldrh	r5, [r2, #0]
10006470:	2201      	movs	r2, #1
10006472:	400a      	ands	r2, r1
10006474:	7801      	ldrb	r1, [r0, #0]
10006476:	2001      	movs	r0, #1
10006478:	4381      	bics	r1, r0
1000647a:	4311      	orrs	r1, r2
1000647c:	7021      	strb	r1, [r4, #0]
1000647e:	0020      	movs	r0, r4
10006480:	3008      	adds	r0, #8
10006482:	9300      	str	r3, [sp, #0]
10006484:	2301      	movs	r3, #1
10006486:	003a      	movs	r2, r7
10006488:	0031      	movs	r1, r6
1000648a:	f000 fa8b 	bl	100069a4 <tu_fifo_config>
1000648e:	2e00      	cmp	r6, #0
10006490:	d001      	beq.n	10006496 <tu_edpt_stream_init+0x38>
10006492:	2f00      	cmp	r7, #0
10006494:	d105      	bne.n	100064a2 <tu_edpt_stream_init+0x44>
10006496:	9b0c      	ldr	r3, [sp, #48]	@ 0x30
10006498:	6063      	str	r3, [r4, #4]
1000649a:	8065      	strh	r5, [r4, #2]
1000649c:	2001      	movs	r0, #1
1000649e:	b005      	add	sp, #20
100064a0:	bdf0      	pop	{r4, r5, r6, r7, pc}
100064a2:	0026      	movs	r6, r4
100064a4:	361c      	adds	r6, #28
100064a6:	0030      	movs	r0, r6
100064a8:	f7fa fc00 	bl	10000cac <mutex_init>
100064ac:	9b03      	ldr	r3, [sp, #12]
100064ae:	2b00      	cmp	r3, #0
100064b0:	d004      	beq.n	100064bc <tu_edpt_stream_init+0x5e>
100064b2:	0033      	movs	r3, r6
100064b4:	2600      	movs	r6, #0
100064b6:	6163      	str	r3, [r4, #20]
100064b8:	61a6      	str	r6, [r4, #24]
100064ba:	e7ec      	b.n	10006496 <tu_edpt_stream_init+0x38>
100064bc:	2300      	movs	r3, #0
100064be:	e7fa      	b.n	100064b6 <tu_edpt_stream_init+0x58>

100064c0 <tu_edpt_stream_deinit>:
100064c0:	2001      	movs	r0, #1
100064c2:	4770      	bx	lr

100064c4 <tu_edpt_stream_write_zlp_if_needed>:
100064c4:	b5f8      	push	{r3, r4, r5, r6, r7, lr}
100064c6:	0006      	movs	r6, r0
100064c8:	000c      	movs	r4, r1
100064ca:	0015      	movs	r5, r2
100064cc:	780b      	ldrb	r3, [r1, #0]
100064ce:	079b      	lsls	r3, r3, #30
100064d0:	d511      	bpl.n	100064f6 <tu_edpt_stream_write_zlp_if_needed+0x32>
100064d2:	2780      	movs	r7, #128	@ 0x80
100064d4:	00bf      	lsls	r7, r7, #2
100064d6:	0020      	movs	r0, r4
100064d8:	3008      	adds	r0, #8
100064da:	f000 faa1 	bl	10006a20 <tu_fifo_count>
100064de:	2800      	cmp	r0, #0
100064e0:	d125      	bne.n	1000652e <tu_edpt_stream_write_zlp_if_needed+0x6a>
100064e2:	2d00      	cmp	r5, #0
100064e4:	d025      	beq.n	10006532 <tu_edpt_stream_write_zlp_if_needed+0x6e>
100064e6:	3f01      	subs	r7, #1
100064e8:	423d      	tst	r5, r7
100064ea:	d124      	bne.n	10006536 <tu_edpt_stream_write_zlp_if_needed+0x72>
100064ec:	7823      	ldrb	r3, [r4, #0]
100064ee:	07db      	lsls	r3, r3, #31
100064f0:	d503      	bpl.n	100064fa <tu_edpt_stream_write_zlp_if_needed+0x36>
100064f2:	2000      	movs	r0, #0
100064f4:	e01c      	b.n	10006530 <tu_edpt_stream_write_zlp_if_needed+0x6c>
100064f6:	2740      	movs	r7, #64	@ 0x40
100064f8:	e7ed      	b.n	100064d6 <tu_edpt_stream_write_zlp_if_needed+0x12>
100064fa:	7861      	ldrb	r1, [r4, #1]
100064fc:	0030      	movs	r0, r6
100064fe:	f7fe fcf1 	bl	10004ee4 <usbd_edpt_claim>
10006502:	2800      	cmp	r0, #0
10006504:	d0f5      	beq.n	100064f2 <tu_edpt_stream_write_zlp_if_needed+0x2e>
10006506:	7823      	ldrb	r3, [r4, #0]
10006508:	07db      	lsls	r3, r3, #31
1000650a:	d507      	bpl.n	1000651c <tu_edpt_stream_write_zlp_if_needed+0x58>
1000650c:	22b5      	movs	r2, #181	@ 0xb5
1000650e:	490b      	ldr	r1, [pc, #44]	@ (1000653c <tu_edpt_stream_write_zlp_if_needed+0x78>)
10006510:	480b      	ldr	r0, [pc, #44]	@ (10006540 <tu_edpt_stream_write_zlp_if_needed+0x7c>)
10006512:	0052      	lsls	r2, r2, #1
10006514:	f7fd fcc4 	bl	10003ea0 <__wrap_printf>
10006518:	2000      	movs	r0, #0
1000651a:	e009      	b.n	10006530 <tu_edpt_stream_write_zlp_if_needed+0x6c>
1000651c:	7861      	ldrb	r1, [r4, #1]
1000651e:	2300      	movs	r3, #0
10006520:	2200      	movs	r2, #0
10006522:	0030      	movs	r0, r6
10006524:	f7fe fd06 	bl	10004f34 <usbd_edpt_xfer>
10006528:	2800      	cmp	r0, #0
1000652a:	d101      	bne.n	10006530 <tu_edpt_stream_write_zlp_if_needed+0x6c>
1000652c:	e7ee      	b.n	1000650c <tu_edpt_stream_write_zlp_if_needed+0x48>
1000652e:	2000      	movs	r0, #0
10006530:	bdf8      	pop	{r3, r4, r5, r6, r7, pc}
10006532:	2000      	movs	r0, #0
10006534:	e7fc      	b.n	10006530 <tu_edpt_stream_write_zlp_if_needed+0x6c>
10006536:	2000      	movs	r0, #0
10006538:	e7fa      	b.n	10006530 <tu_edpt_stream_write_zlp_if_needed+0x6c>
1000653a:	46c0      	nop			@ (mov r8, r8)
1000653c:	100083a4 	.word	0x100083a4
10006540:	10007bc0 	.word	0x10007bc0

10006544 <tu_edpt_stream_write_xfer>:
10006544:	b570      	push	{r4, r5, r6, lr}
10006546:	0005      	movs	r5, r0
10006548:	000c      	movs	r4, r1
1000654a:	000e      	movs	r6, r1
1000654c:	3608      	adds	r6, #8
1000654e:	0030      	movs	r0, r6
10006550:	f000 fa66 	bl	10006a20 <tu_fifo_count>
10006554:	2800      	cmp	r0, #0
10006556:	d030      	beq.n	100065ba <tu_edpt_stream_write_xfer+0x76>
10006558:	7823      	ldrb	r3, [r4, #0]
1000655a:	07db      	lsls	r3, r3, #31
1000655c:	d501      	bpl.n	10006562 <tu_edpt_stream_write_xfer+0x1e>
1000655e:	2000      	movs	r0, #0
10006560:	bd70      	pop	{r4, r5, r6, pc}
10006562:	7861      	ldrb	r1, [r4, #1]
10006564:	0028      	movs	r0, r5
10006566:	f7fe fcbd 	bl	10004ee4 <usbd_edpt_claim>
1000656a:	2800      	cmp	r0, #0
1000656c:	d0f7      	beq.n	1000655e <tu_edpt_stream_write_xfer+0x1a>
1000656e:	6861      	ldr	r1, [r4, #4]
10006570:	8862      	ldrh	r2, [r4, #2]
10006572:	0030      	movs	r0, r6
10006574:	f000 fabe 	bl	10006af4 <tu_fifo_read_n>
10006578:	1e06      	subs	r6, r0, #0
1000657a:	d014      	beq.n	100065a6 <tu_edpt_stream_write_xfer+0x62>
1000657c:	7823      	ldrb	r3, [r4, #0]
1000657e:	07db      	lsls	r3, r3, #31
10006580:	d507      	bpl.n	10006592 <tu_edpt_stream_write_xfer+0x4e>
10006582:	22bc      	movs	r2, #188	@ 0xbc
10006584:	490e      	ldr	r1, [pc, #56]	@ (100065c0 <tu_edpt_stream_write_xfer+0x7c>)
10006586:	480f      	ldr	r0, [pc, #60]	@ (100065c4 <tu_edpt_stream_write_xfer+0x80>)
10006588:	0052      	lsls	r2, r2, #1
1000658a:	f7fd fc89 	bl	10003ea0 <__wrap_printf>
1000658e:	2000      	movs	r0, #0
10006590:	e7e6      	b.n	10006560 <tu_edpt_stream_write_xfer+0x1c>
10006592:	6862      	ldr	r2, [r4, #4]
10006594:	7861      	ldrb	r1, [r4, #1]
10006596:	0003      	movs	r3, r0
10006598:	0028      	movs	r0, r5
1000659a:	f7fe fccb 	bl	10004f34 <usbd_edpt_xfer>
1000659e:	2800      	cmp	r0, #0
100065a0:	d0ef      	beq.n	10006582 <tu_edpt_stream_write_xfer+0x3e>
100065a2:	0030      	movs	r0, r6
100065a4:	e7dc      	b.n	10006560 <tu_edpt_stream_write_xfer+0x1c>
100065a6:	7823      	ldrb	r3, [r4, #0]
100065a8:	07db      	lsls	r3, r3, #31
100065aa:	d501      	bpl.n	100065b0 <tu_edpt_stream_write_xfer+0x6c>
100065ac:	2000      	movs	r0, #0
100065ae:	e7d7      	b.n	10006560 <tu_edpt_stream_write_xfer+0x1c>
100065b0:	7861      	ldrb	r1, [r4, #1]
100065b2:	0028      	movs	r0, r5
100065b4:	f7fe fcaa 	bl	10004f0c <usbd_edpt_release>
100065b8:	e7f8      	b.n	100065ac <tu_edpt_stream_write_xfer+0x68>
100065ba:	2000      	movs	r0, #0
100065bc:	e7d0      	b.n	10006560 <tu_edpt_stream_write_xfer+0x1c>
100065be:	46c0      	nop			@ (mov r8, r8)
100065c0:	10008388 	.word	0x10008388
100065c4:	10007bc0 	.word	0x10007bc0

100065c8 <tu_edpt_stream_read_xfer>:
100065c8:	b5f8      	push	{r3, r4, r5, r6, r7, lr}
100065ca:	0005      	movs	r5, r0
100065cc:	000c      	movs	r4, r1
100065ce:	898b      	ldrh	r3, [r1, #12]
100065d0:	2b00      	cmp	r3, #0
100065d2:	d122      	bne.n	1000661a <tu_edpt_stream_read_xfer+0x52>
100065d4:	780b      	ldrb	r3, [r1, #0]
100065d6:	07db      	lsls	r3, r3, #31
100065d8:	d501      	bpl.n	100065de <tu_edpt_stream_read_xfer+0x16>
100065da:	2000      	movs	r0, #0
100065dc:	bdf8      	pop	{r3, r4, r5, r6, r7, pc}
100065de:	7849      	ldrb	r1, [r1, #1]
100065e0:	f7fe fc80 	bl	10004ee4 <usbd_edpt_claim>
100065e4:	2800      	cmp	r0, #0
100065e6:	d0f8      	beq.n	100065da <tu_edpt_stream_read_xfer+0x12>
100065e8:	8863      	ldrh	r3, [r4, #2]
100065ea:	7822      	ldrb	r2, [r4, #0]
100065ec:	07d2      	lsls	r2, r2, #31
100065ee:	d507      	bpl.n	10006600 <tu_edpt_stream_read_xfer+0x38>
100065f0:	22d9      	movs	r2, #217	@ 0xd9
100065f2:	4930      	ldr	r1, [pc, #192]	@ (100066b4 <tu_edpt_stream_read_xfer+0xec>)
100065f4:	4830      	ldr	r0, [pc, #192]	@ (100066b8 <tu_edpt_stream_read_xfer+0xf0>)
100065f6:	0052      	lsls	r2, r2, #1
100065f8:	f7fd fc52 	bl	10003ea0 <__wrap_printf>
100065fc:	2000      	movs	r0, #0
100065fe:	e7ed      	b.n	100065dc <tu_edpt_stream_read_xfer+0x14>
10006600:	7861      	ldrb	r1, [r4, #1]
10006602:	2b00      	cmp	r3, #0
10006604:	d007      	beq.n	10006616 <tu_edpt_stream_read_xfer+0x4e>
10006606:	6862      	ldr	r2, [r4, #4]
10006608:	0028      	movs	r0, r5
1000660a:	f7fe fc93 	bl	10004f34 <usbd_edpt_xfer>
1000660e:	2800      	cmp	r0, #0
10006610:	d0ee      	beq.n	100065f0 <tu_edpt_stream_read_xfer+0x28>
10006612:	8860      	ldrh	r0, [r4, #2]
10006614:	e7e2      	b.n	100065dc <tu_edpt_stream_read_xfer+0x14>
10006616:	2200      	movs	r2, #0
10006618:	e7f6      	b.n	10006608 <tu_edpt_stream_read_xfer+0x40>
1000661a:	780b      	ldrb	r3, [r1, #0]
1000661c:	079b      	lsls	r3, r3, #30
1000661e:	d50d      	bpl.n	1000663c <tu_edpt_stream_read_xfer+0x74>
10006620:	2680      	movs	r6, #128	@ 0x80
10006622:	00b6      	lsls	r6, r6, #2
10006624:	0027      	movs	r7, r4
10006626:	3708      	adds	r7, #8
10006628:	0038      	movs	r0, r7
1000662a:	f000 fa2b 	bl	10006a84 <tu_fifo_remaining>
1000662e:	4286      	cmp	r6, r0
10006630:	d83d      	bhi.n	100066ae <tu_edpt_stream_read_xfer+0xe6>
10006632:	7823      	ldrb	r3, [r4, #0]
10006634:	07db      	lsls	r3, r3, #31
10006636:	d503      	bpl.n	10006640 <tu_edpt_stream_read_xfer+0x78>
10006638:	2000      	movs	r0, #0
1000663a:	e7cf      	b.n	100065dc <tu_edpt_stream_read_xfer+0x14>
1000663c:	2640      	movs	r6, #64	@ 0x40
1000663e:	e7f1      	b.n	10006624 <tu_edpt_stream_read_xfer+0x5c>
10006640:	7861      	ldrb	r1, [r4, #1]
10006642:	0028      	movs	r0, r5
10006644:	f7fe fc4e 	bl	10004ee4 <usbd_edpt_claim>
10006648:	2800      	cmp	r0, #0
1000664a:	d0f5      	beq.n	10006638 <tu_edpt_stream_read_xfer+0x70>
1000664c:	0038      	movs	r0, r7
1000664e:	f000 fa19 	bl	10006a84 <tu_fifo_remaining>
10006652:	4286      	cmp	r6, r0
10006654:	d821      	bhi.n	1000669a <tu_edpt_stream_read_xfer+0xd2>
10006656:	4276      	negs	r6, r6
10006658:	b2b6      	uxth	r6, r6
1000665a:	8862      	ldrh	r2, [r4, #2]
1000665c:	4030      	ands	r0, r6
1000665e:	1c03      	adds	r3, r0, #0
10006660:	4290      	cmp	r0, r2
10006662:	d900      	bls.n	10006666 <tu_edpt_stream_read_xfer+0x9e>
10006664:	1c13      	adds	r3, r2, #0
10006666:	b29e      	uxth	r6, r3
10006668:	7823      	ldrb	r3, [r4, #0]
1000666a:	07db      	lsls	r3, r3, #31
1000666c:	d507      	bpl.n	1000667e <tu_edpt_stream_read_xfer+0xb6>
1000666e:	22c8      	movs	r2, #200	@ 0xc8
10006670:	4910      	ldr	r1, [pc, #64]	@ (100066b4 <tu_edpt_stream_read_xfer+0xec>)
10006672:	4811      	ldr	r0, [pc, #68]	@ (100066b8 <tu_edpt_stream_read_xfer+0xf0>)
10006674:	32ff      	adds	r2, #255	@ 0xff
10006676:	f7fd fc13 	bl	10003ea0 <__wrap_printf>
1000667a:	2000      	movs	r0, #0
1000667c:	e7ae      	b.n	100065dc <tu_edpt_stream_read_xfer+0x14>
1000667e:	7861      	ldrb	r1, [r4, #1]
10006680:	2e00      	cmp	r6, #0
10006682:	d008      	beq.n	10006696 <tu_edpt_stream_read_xfer+0xce>
10006684:	6862      	ldr	r2, [r4, #4]
10006686:	0033      	movs	r3, r6
10006688:	0028      	movs	r0, r5
1000668a:	f7fe fc53 	bl	10004f34 <usbd_edpt_xfer>
1000668e:	2800      	cmp	r0, #0
10006690:	d0ed      	beq.n	1000666e <tu_edpt_stream_read_xfer+0xa6>
10006692:	0030      	movs	r0, r6
10006694:	e7a2      	b.n	100065dc <tu_edpt_stream_read_xfer+0x14>
10006696:	2200      	movs	r2, #0
10006698:	e7f5      	b.n	10006686 <tu_edpt_stream_read_xfer+0xbe>
1000669a:	7823      	ldrb	r3, [r4, #0]
1000669c:	07db      	lsls	r3, r3, #31
1000669e:	d501      	bpl.n	100066a4 <tu_edpt_stream_read_xfer+0xdc>
100066a0:	2000      	movs	r0, #0
100066a2:	e79b      	b.n	100065dc <tu_edpt_stream_read_xfer+0x14>
100066a4:	7861      	ldrb	r1, [r4, #1]
100066a6:	0028      	movs	r0, r5
100066a8:	f7fe fc30 	bl	10004f0c <usbd_edpt_release>
100066ac:	e7f8      	b.n	100066a0 <tu_edpt_stream_read_xfer+0xd8>
100066ae:	2000      	movs	r0, #0
100066b0:	e794      	b.n	100065dc <tu_edpt_stream_read_xfer+0x14>
100066b2:	46c0      	nop			@ (mov r8, r8)
100066b4:	1000836c 	.word	0x1000836c
100066b8:	10007bc0 	.word	0x10007bc0

100066bc <advance_index>:
100066bc:	0003      	movs	r3, r0
100066be:	188a      	adds	r2, r1, r2
100066c0:	b290      	uxth	r0, r2
100066c2:	4281      	cmp	r1, r0
100066c4:	d802      	bhi.n	100066cc <advance_index+0x10>
100066c6:	005a      	lsls	r2, r3, #1
100066c8:	4290      	cmp	r0, r2
100066ca:	db03      	blt.n	100066d4 <advance_index+0x18>
100066cc:	005b      	lsls	r3, r3, #1
100066ce:	b29b      	uxth	r3, r3
100066d0:	1ac0      	subs	r0, r0, r3
100066d2:	b280      	uxth	r0, r0
100066d4:	4770      	bx	lr

100066d6 <_tu_fifo_peek>:
100066d6:	b570      	push	{r4, r5, r6, lr}
100066d8:	0005      	movs	r5, r0
100066da:	0008      	movs	r0, r1
100066dc:	88ac      	ldrh	r4, [r5, #4]
100066de:	429a      	cmp	r2, r3
100066e0:	d30b      	bcc.n	100066fa <_tu_fifo_peek+0x24>
100066e2:	1ad1      	subs	r1, r2, r3
100066e4:	b289      	uxth	r1, r1
100066e6:	2900      	cmp	r1, #0
100066e8:	d01e      	beq.n	10006728 <_tu_fifo_peek+0x52>
100066ea:	428c      	cmp	r4, r1
100066ec:	d210      	bcs.n	10006710 <_tu_fifo_peek+0x3a>
100066ee:	4294      	cmp	r4, r2
100066f0:	d809      	bhi.n	10006706 <_tu_fifo_peek+0x30>
100066f2:	1b12      	subs	r2, r2, r4
100066f4:	b293      	uxth	r3, r2
100066f6:	816b      	strh	r3, [r5, #10]
100066f8:	e00a      	b.n	10006710 <_tu_fifo_peek+0x3a>
100066fa:	1ad1      	subs	r1, r2, r3
100066fc:	b289      	uxth	r1, r1
100066fe:	0066      	lsls	r6, r4, #1
10006700:	1989      	adds	r1, r1, r6
10006702:	b289      	uxth	r1, r1
10006704:	e7ef      	b.n	100066e6 <_tu_fifo_peek+0x10>
10006706:	18a2      	adds	r2, r4, r2
10006708:	b293      	uxth	r3, r2
1000670a:	e7f4      	b.n	100066f6 <_tu_fifo_peek+0x20>
1000670c:	1b1b      	subs	r3, r3, r4
1000670e:	b29b      	uxth	r3, r3
10006710:	429c      	cmp	r4, r3
10006712:	d9fb      	bls.n	1000670c <_tu_fifo_peek+0x36>
10006714:	6829      	ldr	r1, [r5, #0]
10006716:	88ea      	ldrh	r2, [r5, #6]
10006718:	0452      	lsls	r2, r2, #17
1000671a:	0c52      	lsrs	r2, r2, #17
1000671c:	4353      	muls	r3, r2
1000671e:	18c9      	adds	r1, r1, r3
10006720:	f7fc f94a 	bl	100029b8 <__wrap___aeabi_memcpy>
10006724:	2001      	movs	r0, #1
10006726:	bd70      	pop	{r4, r5, r6, pc}
10006728:	2000      	movs	r0, #0
1000672a:	e7fc      	b.n	10006726 <_tu_fifo_peek+0x50>

1000672c <_ff_pull_n>:
1000672c:	b5f8      	push	{r3, r4, r5, r6, r7, lr}
1000672e:	46ce      	mov	lr, r9
10006730:	4647      	mov	r7, r8
10006732:	b580      	push	{r7, lr}
10006734:	0005      	movs	r5, r0
10006736:	468c      	mov	ip, r1
10006738:	a908      	add	r1, sp, #32
1000673a:	7809      	ldrb	r1, [r1, #0]
1000673c:	8884      	ldrh	r4, [r0, #4]
1000673e:	1ae0      	subs	r0, r4, r3
10006740:	b280      	uxth	r0, r0
10006742:	1b1c      	subs	r4, r3, r4
10006744:	1914      	adds	r4, r2, r4
10006746:	b2a4      	uxth	r4, r4
10006748:	88ef      	ldrh	r7, [r5, #6]
1000674a:	047f      	lsls	r7, r7, #17
1000674c:	0c7e      	lsrs	r6, r7, #17
1000674e:	0007      	movs	r7, r0
10006750:	4377      	muls	r7, r6
10006752:	b2bf      	uxth	r7, r7
10006754:	4374      	muls	r4, r6
10006756:	b2a4      	uxth	r4, r4
10006758:	46a1      	mov	r9, r4
1000675a:	682c      	ldr	r4, [r5, #0]
1000675c:	46a0      	mov	r8, r4
1000675e:	4373      	muls	r3, r6
10006760:	4443      	add	r3, r8
10006762:	2900      	cmp	r1, #0
10006764:	d106      	bne.n	10006774 <_ff_pull_n+0x48>
10006766:	4290      	cmp	r0, r2
10006768:	d308      	bcc.n	1000677c <_ff_pull_n+0x50>
1000676a:	4372      	muls	r2, r6
1000676c:	0019      	movs	r1, r3
1000676e:	4660      	mov	r0, ip
10006770:	f7fc f922 	bl	100029b8 <__wrap___aeabi_memcpy>
10006774:	bcc0      	pop	{r6, r7}
10006776:	46b9      	mov	r9, r7
10006778:	46b0      	mov	r8, r6
1000677a:	bdf8      	pop	{r3, r4, r5, r6, r7, pc}
1000677c:	003a      	movs	r2, r7
1000677e:	0019      	movs	r1, r3
10006780:	4664      	mov	r4, ip
10006782:	0020      	movs	r0, r4
10006784:	f7fc f918 	bl	100029b8 <__wrap___aeabi_memcpy>
10006788:	6829      	ldr	r1, [r5, #0]
1000678a:	19e0      	adds	r0, r4, r7
1000678c:	464a      	mov	r2, r9
1000678e:	f7fc f913 	bl	100029b8 <__wrap___aeabi_memcpy>
10006792:	e7ef      	b.n	10006774 <_ff_pull_n+0x48>

10006794 <_tu_fifo_peek_n>:
10006794:	b5f0      	push	{r4, r5, r6, r7, lr}
10006796:	46c6      	mov	lr, r8
10006798:	b500      	push	{lr}
1000679a:	b082      	sub	sp, #8
1000679c:	001e      	movs	r6, r3
1000679e:	ab08      	add	r3, sp, #32
100067a0:	881b      	ldrh	r3, [r3, #0]
100067a2:	ac09      	add	r4, sp, #36	@ 0x24
100067a4:	7827      	ldrb	r7, [r4, #0]
100067a6:	8884      	ldrh	r4, [r0, #4]
100067a8:	429e      	cmp	r6, r3
100067aa:	d30f      	bcc.n	100067cc <_tu_fifo_peek_n+0x38>
100067ac:	1af5      	subs	r5, r6, r3
100067ae:	b2ad      	uxth	r5, r5
100067b0:	2d00      	cmp	r5, #0
100067b2:	d01f      	beq.n	100067f4 <_tu_fifo_peek_n+0x60>
100067b4:	42ac      	cmp	r4, r5
100067b6:	d205      	bcs.n	100067c4 <_tu_fifo_peek_n+0x30>
100067b8:	42b4      	cmp	r4, r6
100067ba:	d810      	bhi.n	100067de <_tu_fifo_peek_n+0x4a>
100067bc:	1b33      	subs	r3, r6, r4
100067be:	b29b      	uxth	r3, r3
100067c0:	8143      	strh	r3, [r0, #10]
100067c2:	0025      	movs	r5, r4
100067c4:	4295      	cmp	r5, r2
100067c6:	d30f      	bcc.n	100067e8 <_tu_fifo_peek_n+0x54>
100067c8:	0015      	movs	r5, r2
100067ca:	e00d      	b.n	100067e8 <_tu_fifo_peek_n+0x54>
100067cc:	1af5      	subs	r5, r6, r3
100067ce:	b2ad      	uxth	r5, r5
100067d0:	46a8      	mov	r8, r5
100067d2:	0065      	lsls	r5, r4, #1
100067d4:	46ac      	mov	ip, r5
100067d6:	4645      	mov	r5, r8
100067d8:	4465      	add	r5, ip
100067da:	b2ad      	uxth	r5, r5
100067dc:	e7e8      	b.n	100067b0 <_tu_fifo_peek_n+0x1c>
100067de:	19a6      	adds	r6, r4, r6
100067e0:	b2b3      	uxth	r3, r6
100067e2:	e7ed      	b.n	100067c0 <_tu_fifo_peek_n+0x2c>
100067e4:	1b1b      	subs	r3, r3, r4
100067e6:	b29b      	uxth	r3, r3
100067e8:	429c      	cmp	r4, r3
100067ea:	d9fb      	bls.n	100067e4 <_tu_fifo_peek_n+0x50>
100067ec:	9700      	str	r7, [sp, #0]
100067ee:	002a      	movs	r2, r5
100067f0:	f7ff ff9c 	bl	1000672c <_ff_pull_n>
100067f4:	0028      	movs	r0, r5
100067f6:	b002      	add	sp, #8
100067f8:	bc80      	pop	{r7}
100067fa:	46b8      	mov	r8, r7
100067fc:	bdf0      	pop	{r4, r5, r6, r7, pc}

100067fe <_tu_fifo_read_n>:
100067fe:	b5f0      	push	{r4, r5, r6, r7, lr}
10006800:	b083      	sub	sp, #12
10006802:	0004      	movs	r4, r0
10006804:	000d      	movs	r5, r1
10006806:	0016      	movs	r6, r2
10006808:	001f      	movs	r7, r3
1000680a:	6900      	ldr	r0, [r0, #16]
1000680c:	2800      	cmp	r0, #0
1000680e:	d003      	beq.n	10006818 <_tu_fifo_read_n+0x1a>
10006810:	2101      	movs	r1, #1
10006812:	4249      	negs	r1, r1
10006814:	f000 fb50 	bl	10006eb8 <__mutex_enter_timeout_ms_veneer>
10006818:	8923      	ldrh	r3, [r4, #8]
1000681a:	b29b      	uxth	r3, r3
1000681c:	8962      	ldrh	r2, [r4, #10]
1000681e:	9701      	str	r7, [sp, #4]
10006820:	9200      	str	r2, [sp, #0]
10006822:	0032      	movs	r2, r6
10006824:	0029      	movs	r1, r5
10006826:	0020      	movs	r0, r4
10006828:	f7ff ffb4 	bl	10006794 <_tu_fifo_peek_n>
1000682c:	0005      	movs	r5, r0
1000682e:	8961      	ldrh	r1, [r4, #10]
10006830:	b289      	uxth	r1, r1
10006832:	88a0      	ldrh	r0, [r4, #4]
10006834:	002a      	movs	r2, r5
10006836:	f7ff ff41 	bl	100066bc <advance_index>
1000683a:	8160      	strh	r0, [r4, #10]
1000683c:	6920      	ldr	r0, [r4, #16]
1000683e:	2800      	cmp	r0, #0
10006840:	d001      	beq.n	10006846 <_tu_fifo_read_n+0x48>
10006842:	f000 fb19 	bl	10006e78 <__mutex_exit_veneer>
10006846:	0028      	movs	r0, r5
10006848:	b003      	add	sp, #12
1000684a:	bdf0      	pop	{r4, r5, r6, r7, pc}

1000684c <_ff_push_n>:
1000684c:	b5f8      	push	{r3, r4, r5, r6, r7, lr}
1000684e:	46ce      	mov	lr, r9
10006850:	4647      	mov	r7, r8
10006852:	b580      	push	{r7, lr}
10006854:	0005      	movs	r5, r0
10006856:	468c      	mov	ip, r1
10006858:	a908      	add	r1, sp, #32
1000685a:	7808      	ldrb	r0, [r1, #0]
1000685c:	88ac      	ldrh	r4, [r5, #4]
1000685e:	1ae1      	subs	r1, r4, r3
10006860:	b289      	uxth	r1, r1
10006862:	1b1c      	subs	r4, r3, r4
10006864:	1914      	adds	r4, r2, r4
10006866:	b2a4      	uxth	r4, r4
10006868:	88ef      	ldrh	r7, [r5, #6]
1000686a:	047f      	lsls	r7, r7, #17
1000686c:	0c7e      	lsrs	r6, r7, #17
1000686e:	000f      	movs	r7, r1
10006870:	4377      	muls	r7, r6
10006872:	b2bf      	uxth	r7, r7
10006874:	4374      	muls	r4, r6
10006876:	b2a4      	uxth	r4, r4
10006878:	46a1      	mov	r9, r4
1000687a:	682c      	ldr	r4, [r5, #0]
1000687c:	46a0      	mov	r8, r4
1000687e:	4373      	muls	r3, r6
10006880:	4443      	add	r3, r8
10006882:	2800      	cmp	r0, #0
10006884:	d106      	bne.n	10006894 <_ff_push_n+0x48>
10006886:	4291      	cmp	r1, r2
10006888:	d308      	bcc.n	1000689c <_ff_push_n+0x50>
1000688a:	4372      	muls	r2, r6
1000688c:	4661      	mov	r1, ip
1000688e:	0018      	movs	r0, r3
10006890:	f7fc f892 	bl	100029b8 <__wrap___aeabi_memcpy>
10006894:	bcc0      	pop	{r6, r7}
10006896:	46b9      	mov	r9, r7
10006898:	46b0      	mov	r8, r6
1000689a:	bdf8      	pop	{r3, r4, r5, r6, r7, pc}
1000689c:	003a      	movs	r2, r7
1000689e:	4664      	mov	r4, ip
100068a0:	0021      	movs	r1, r4
100068a2:	0018      	movs	r0, r3
100068a4:	f7fc f888 	bl	100029b8 <__wrap___aeabi_memcpy>
100068a8:	6828      	ldr	r0, [r5, #0]
100068aa:	19e1      	adds	r1, r4, r7
100068ac:	464a      	mov	r2, r9
100068ae:	f7fc f883 	bl	100029b8 <__wrap___aeabi_memcpy>
100068b2:	e7ef      	b.n	10006894 <_ff_push_n+0x48>

100068b4 <_tu_fifo_write_n>:
100068b4:	b5f0      	push	{r4, r5, r6, r7, lr}
100068b6:	b085      	sub	sp, #20
100068b8:	0006      	movs	r6, r0
100068ba:	9103      	str	r1, [sp, #12]
100068bc:	1e17      	subs	r7, r2, #0
100068be:	9302      	str	r3, [sp, #8]
100068c0:	d100      	bne.n	100068c4 <_tu_fifo_write_n+0x10>
100068c2:	e06d      	b.n	100069a0 <_tu_fifo_write_n+0xec>
100068c4:	68c0      	ldr	r0, [r0, #12]
100068c6:	2800      	cmp	r0, #0
100068c8:	d003      	beq.n	100068d2 <_tu_fifo_write_n+0x1e>
100068ca:	2101      	movs	r1, #1
100068cc:	4249      	negs	r1, r1
100068ce:	f000 faf3 	bl	10006eb8 <__mutex_enter_timeout_ms_veneer>
100068d2:	8934      	ldrh	r4, [r6, #8]
100068d4:	b2a4      	uxth	r4, r4
100068d6:	8971      	ldrh	r1, [r6, #10]
100068d8:	b289      	uxth	r1, r1
100068da:	79f3      	ldrb	r3, [r6, #7]
100068dc:	09db      	lsrs	r3, r3, #7
100068de:	d118      	bne.n	10006912 <_tu_fifo_write_n+0x5e>
100068e0:	88b3      	ldrh	r3, [r6, #4]
100068e2:	428c      	cmp	r4, r1
100068e4:	d30f      	bcc.n	10006906 <_tu_fifo_write_n+0x52>
100068e6:	1a61      	subs	r1, r4, r1
100068e8:	b289      	uxth	r1, r1
100068ea:	428b      	cmp	r3, r1
100068ec:	d956      	bls.n	1000699c <_tu_fifo_write_n+0xe8>
100068ee:	1a5b      	subs	r3, r3, r1
100068f0:	b29b      	uxth	r3, r3
100068f2:	1c3a      	adds	r2, r7, #0
100068f4:	429f      	cmp	r7, r3
100068f6:	d900      	bls.n	100068fa <_tu_fifo_write_n+0x46>
100068f8:	1c1a      	adds	r2, r3, #0
100068fa:	b295      	uxth	r5, r2
100068fc:	2d00      	cmp	r5, #0
100068fe:	d045      	beq.n	1000698c <_tu_fifo_write_n+0xd8>
10006900:	88b2      	ldrh	r2, [r6, #4]
10006902:	0023      	movs	r3, r4
10006904:	e033      	b.n	1000696e <_tu_fifo_write_n+0xba>
10006906:	1a61      	subs	r1, r4, r1
10006908:	b289      	uxth	r1, r1
1000690a:	005a      	lsls	r2, r3, #1
1000690c:	1889      	adds	r1, r1, r2
1000690e:	b289      	uxth	r1, r1
10006910:	e7eb      	b.n	100068ea <_tu_fifo_write_n+0x36>
10006912:	88b5      	ldrh	r5, [r6, #4]
10006914:	42bd      	cmp	r5, r7
10006916:	d80e      	bhi.n	10006936 <_tu_fifo_write_n+0x82>
10006918:	9b02      	ldr	r3, [sp, #8]
1000691a:	2b00      	cmp	r3, #0
1000691c:	d121      	bne.n	10006962 <_tu_fifo_write_n+0xae>
1000691e:	1b7b      	subs	r3, r7, r5
10006920:	88f7      	ldrh	r7, [r6, #6]
10006922:	047f      	lsls	r7, r7, #17
10006924:	0c7f      	lsrs	r7, r7, #17
10006926:	435f      	muls	r7, r3
10006928:	9b03      	ldr	r3, [sp, #12]
1000692a:	469c      	mov	ip, r3
1000692c:	44bc      	add	ip, r7
1000692e:	4663      	mov	r3, ip
10006930:	9303      	str	r3, [sp, #12]
10006932:	000c      	movs	r4, r1
10006934:	e7e2      	b.n	100068fc <_tu_fifo_write_n+0x48>
10006936:	428c      	cmp	r4, r1
10006938:	d30d      	bcc.n	10006956 <_tu_fifo_write_n+0xa2>
1000693a:	1a63      	subs	r3, r4, r1
1000693c:	b29b      	uxth	r3, r3
1000693e:	19db      	adds	r3, r3, r7
10006940:	006a      	lsls	r2, r5, #1
10006942:	4293      	cmp	r3, r2
10006944:	db0f      	blt.n	10006966 <_tu_fifo_write_n+0xb2>
10006946:	1bea      	subs	r2, r5, r7
10006948:	b292      	uxth	r2, r2
1000694a:	0028      	movs	r0, r5
1000694c:	f7ff feb6 	bl	100066bc <advance_index>
10006950:	0004      	movs	r4, r0
10006952:	003d      	movs	r5, r7
10006954:	e7d2      	b.n	100068fc <_tu_fifo_write_n+0x48>
10006956:	1a63      	subs	r3, r4, r1
10006958:	b29b      	uxth	r3, r3
1000695a:	006a      	lsls	r2, r5, #1
1000695c:	189b      	adds	r3, r3, r2
1000695e:	b29b      	uxth	r3, r3
10006960:	e7ed      	b.n	1000693e <_tu_fifo_write_n+0x8a>
10006962:	000c      	movs	r4, r1
10006964:	e7ca      	b.n	100068fc <_tu_fifo_write_n+0x48>
10006966:	003d      	movs	r5, r7
10006968:	e7c8      	b.n	100068fc <_tu_fifo_write_n+0x48>
1000696a:	1a9b      	subs	r3, r3, r2
1000696c:	b29b      	uxth	r3, r3
1000696e:	429a      	cmp	r2, r3
10006970:	d9fb      	bls.n	1000696a <_tu_fifo_write_n+0xb6>
10006972:	9a02      	ldr	r2, [sp, #8]
10006974:	9200      	str	r2, [sp, #0]
10006976:	002a      	movs	r2, r5
10006978:	9903      	ldr	r1, [sp, #12]
1000697a:	0030      	movs	r0, r6
1000697c:	f7ff ff66 	bl	1000684c <_ff_push_n>
10006980:	88b0      	ldrh	r0, [r6, #4]
10006982:	002a      	movs	r2, r5
10006984:	0021      	movs	r1, r4
10006986:	f7ff fe99 	bl	100066bc <advance_index>
1000698a:	8130      	strh	r0, [r6, #8]
1000698c:	68f0      	ldr	r0, [r6, #12]
1000698e:	2800      	cmp	r0, #0
10006990:	d001      	beq.n	10006996 <_tu_fifo_write_n+0xe2>
10006992:	f000 fa71 	bl	10006e78 <__mutex_exit_veneer>
10006996:	0028      	movs	r0, r5
10006998:	b005      	add	sp, #20
1000699a:	bdf0      	pop	{r4, r5, r6, r7, pc}
1000699c:	2500      	movs	r5, #0
1000699e:	e7f5      	b.n	1000698c <_tu_fifo_write_n+0xd8>
100069a0:	0015      	movs	r5, r2
100069a2:	e7f8      	b.n	10006996 <_tu_fifo_write_n+0xe2>

100069a4 <tu_fifo_config>:
100069a4:	b5f0      	push	{r4, r5, r6, r7, lr}
100069a6:	b083      	sub	sp, #12
100069a8:	0004      	movs	r4, r0
100069aa:	9101      	str	r1, [sp, #4]
100069ac:	0016      	movs	r6, r2
100069ae:	001d      	movs	r5, r3
100069b0:	ab08      	add	r3, sp, #32
100069b2:	781f      	ldrb	r7, [r3, #0]
100069b4:	2380      	movs	r3, #128	@ 0x80
100069b6:	021b      	lsls	r3, r3, #8
100069b8:	429a      	cmp	r2, r3
100069ba:	d82d      	bhi.n	10006a18 <tu_fifo_config+0x74>
100069bc:	68c0      	ldr	r0, [r0, #12]
100069be:	2800      	cmp	r0, #0
100069c0:	d003      	beq.n	100069ca <tu_fifo_config+0x26>
100069c2:	2101      	movs	r1, #1
100069c4:	4249      	negs	r1, r1
100069c6:	f000 fa77 	bl	10006eb8 <__mutex_enter_timeout_ms_veneer>
100069ca:	6920      	ldr	r0, [r4, #16]
100069cc:	2800      	cmp	r0, #0
100069ce:	d003      	beq.n	100069d8 <tu_fifo_config+0x34>
100069d0:	2101      	movs	r1, #1
100069d2:	4249      	negs	r1, r1
100069d4:	f000 fa70 	bl	10006eb8 <__mutex_enter_timeout_ms_veneer>
100069d8:	9b01      	ldr	r3, [sp, #4]
100069da:	6023      	str	r3, [r4, #0]
100069dc:	80a6      	strh	r6, [r4, #4]
100069de:	046d      	lsls	r5, r5, #17
100069e0:	0c6b      	lsrs	r3, r5, #17
100069e2:	88e5      	ldrh	r5, [r4, #6]
100069e4:	0bed      	lsrs	r5, r5, #15
100069e6:	03ed      	lsls	r5, r5, #15
100069e8:	431d      	orrs	r5, r3
100069ea:	80e5      	strh	r5, [r4, #6]
100069ec:	01fb      	lsls	r3, r7, #7
100069ee:	79e2      	ldrb	r2, [r4, #7]
100069f0:	277f      	movs	r7, #127	@ 0x7f
100069f2:	4017      	ands	r7, r2
100069f4:	431f      	orrs	r7, r3
100069f6:	71e7      	strb	r7, [r4, #7]
100069f8:	2300      	movs	r3, #0
100069fa:	8163      	strh	r3, [r4, #10]
100069fc:	8123      	strh	r3, [r4, #8]
100069fe:	68e0      	ldr	r0, [r4, #12]
10006a00:	2800      	cmp	r0, #0
10006a02:	d001      	beq.n	10006a08 <tu_fifo_config+0x64>
10006a04:	f000 fa38 	bl	10006e78 <__mutex_exit_veneer>
10006a08:	6920      	ldr	r0, [r4, #16]
10006a0a:	2800      	cmp	r0, #0
10006a0c:	d006      	beq.n	10006a1c <tu_fifo_config+0x78>
10006a0e:	f000 fa33 	bl	10006e78 <__mutex_exit_veneer>
10006a12:	2001      	movs	r0, #1
10006a14:	b003      	add	sp, #12
10006a16:	bdf0      	pop	{r4, r5, r6, r7, pc}
10006a18:	2000      	movs	r0, #0
10006a1a:	e7fb      	b.n	10006a14 <tu_fifo_config+0x70>
10006a1c:	2001      	movs	r0, #1
10006a1e:	e7f9      	b.n	10006a14 <tu_fifo_config+0x70>

10006a20 <tu_fifo_count>:
10006a20:	b510      	push	{r4, lr}
10006a22:	8882      	ldrh	r2, [r0, #4]
10006a24:	8901      	ldrh	r1, [r0, #8]
10006a26:	b28b      	uxth	r3, r1
10006a28:	8940      	ldrh	r0, [r0, #10]
10006a2a:	b284      	uxth	r4, r0
10006a2c:	4288      	cmp	r0, r1
10006a2e:	d807      	bhi.n	10006a40 <tu_fifo_count+0x20>
10006a30:	1b1b      	subs	r3, r3, r4
10006a32:	b29b      	uxth	r3, r3
10006a34:	1c10      	adds	r0, r2, #0
10006a36:	429a      	cmp	r2, r3
10006a38:	d900      	bls.n	10006a3c <tu_fifo_count+0x1c>
10006a3a:	1c18      	adds	r0, r3, #0
10006a3c:	b280      	uxth	r0, r0
10006a3e:	bd10      	pop	{r4, pc}
10006a40:	1b1b      	subs	r3, r3, r4
10006a42:	b29b      	uxth	r3, r3
10006a44:	0051      	lsls	r1, r2, #1
10006a46:	185b      	adds	r3, r3, r1
10006a48:	b29b      	uxth	r3, r3
10006a4a:	e7f3      	b.n	10006a34 <tu_fifo_count+0x14>

10006a4c <tu_fifo_empty>:
10006a4c:	8903      	ldrh	r3, [r0, #8]
10006a4e:	8940      	ldrh	r0, [r0, #10]
10006a50:	1a18      	subs	r0, r3, r0
10006a52:	4243      	negs	r3, r0
10006a54:	4158      	adcs	r0, r3
10006a56:	b2c0      	uxtb	r0, r0
10006a58:	4770      	bx	lr

10006a5a <tu_fifo_full>:
10006a5a:	b510      	push	{r4, lr}
10006a5c:	8884      	ldrh	r4, [r0, #4]
10006a5e:	8902      	ldrh	r2, [r0, #8]
10006a60:	b293      	uxth	r3, r2
10006a62:	8941      	ldrh	r1, [r0, #10]
10006a64:	b288      	uxth	r0, r1
10006a66:	4291      	cmp	r1, r2
10006a68:	d806      	bhi.n	10006a78 <tu_fifo_full+0x1e>
10006a6a:	1a1b      	subs	r3, r3, r0
10006a6c:	b29b      	uxth	r3, r3
10006a6e:	2000      	movs	r0, #0
10006a70:	42a3      	cmp	r3, r4
10006a72:	4140      	adcs	r0, r0
10006a74:	b2c0      	uxtb	r0, r0
10006a76:	bd10      	pop	{r4, pc}
10006a78:	1a1b      	subs	r3, r3, r0
10006a7a:	b29b      	uxth	r3, r3
10006a7c:	0062      	lsls	r2, r4, #1
10006a7e:	189b      	adds	r3, r3, r2
10006a80:	b29b      	uxth	r3, r3
10006a82:	e7f4      	b.n	10006a6e <tu_fifo_full+0x14>

10006a84 <tu_fifo_remaining>:
10006a84:	b510      	push	{r4, lr}
10006a86:	8882      	ldrh	r2, [r0, #4]
10006a88:	8901      	ldrh	r1, [r0, #8]
10006a8a:	b28b      	uxth	r3, r1
10006a8c:	8940      	ldrh	r0, [r0, #10]
10006a8e:	b284      	uxth	r4, r0
10006a90:	4288      	cmp	r0, r1
10006a92:	d806      	bhi.n	10006aa2 <tu_fifo_remaining+0x1e>
10006a94:	1b1b      	subs	r3, r3, r4
10006a96:	b29b      	uxth	r3, r3
10006a98:	429a      	cmp	r2, r3
10006a9a:	d908      	bls.n	10006aae <tu_fifo_remaining+0x2a>
10006a9c:	1ad0      	subs	r0, r2, r3
10006a9e:	b280      	uxth	r0, r0
10006aa0:	bd10      	pop	{r4, pc}
10006aa2:	1b1b      	subs	r3, r3, r4
10006aa4:	b29b      	uxth	r3, r3
10006aa6:	0051      	lsls	r1, r2, #1
10006aa8:	185b      	adds	r3, r3, r1
10006aaa:	b29b      	uxth	r3, r3
10006aac:	e7f4      	b.n	10006a98 <tu_fifo_remaining+0x14>
10006aae:	2000      	movs	r0, #0
10006ab0:	e7f6      	b.n	10006aa0 <tu_fifo_remaining+0x1c>

10006ab2 <tu_fifo_read>:
10006ab2:	b570      	push	{r4, r5, r6, lr}
10006ab4:	0004      	movs	r4, r0
10006ab6:	000d      	movs	r5, r1
10006ab8:	6900      	ldr	r0, [r0, #16]
10006aba:	2800      	cmp	r0, #0
10006abc:	d003      	beq.n	10006ac6 <tu_fifo_read+0x14>
10006abe:	2101      	movs	r1, #1
10006ac0:	4249      	negs	r1, r1
10006ac2:	f000 f9f9 	bl	10006eb8 <__mutex_enter_timeout_ms_veneer>
10006ac6:	8922      	ldrh	r2, [r4, #8]
10006ac8:	b292      	uxth	r2, r2
10006aca:	8963      	ldrh	r3, [r4, #10]
10006acc:	b29b      	uxth	r3, r3
10006ace:	0029      	movs	r1, r5
10006ad0:	0020      	movs	r0, r4
10006ad2:	f7ff fe00 	bl	100066d6 <_tu_fifo_peek>
10006ad6:	0005      	movs	r5, r0
10006ad8:	8961      	ldrh	r1, [r4, #10]
10006ada:	b289      	uxth	r1, r1
10006adc:	88a0      	ldrh	r0, [r4, #4]
10006ade:	002a      	movs	r2, r5
10006ae0:	f7ff fdec 	bl	100066bc <advance_index>
10006ae4:	8160      	strh	r0, [r4, #10]
10006ae6:	6920      	ldr	r0, [r4, #16]
10006ae8:	2800      	cmp	r0, #0
10006aea:	d001      	beq.n	10006af0 <tu_fifo_read+0x3e>
10006aec:	f000 f9c4 	bl	10006e78 <__mutex_exit_veneer>
10006af0:	0028      	movs	r0, r5
10006af2:	bd70      	pop	{r4, r5, r6, pc}

10006af4 <tu_fifo_read_n>:
10006af4:	b510      	push	{r4, lr}
10006af6:	2300      	movs	r3, #0
10006af8:	f7ff fe81 	bl	100067fe <_tu_fifo_read_n>
10006afc:	bd10      	pop	{r4, pc}

10006afe <tu_fifo_write>:
10006afe:	b5f8      	push	{r3, r4, r5, r6, r7, lr}
10006b00:	0004      	movs	r4, r0
10006b02:	000e      	movs	r6, r1
10006b04:	68c0      	ldr	r0, [r0, #12]
10006b06:	2800      	cmp	r0, #0
10006b08:	d003      	beq.n	10006b12 <tu_fifo_write+0x14>
10006b0a:	2101      	movs	r1, #1
10006b0c:	4249      	negs	r1, r1
10006b0e:	f000 f9d3 	bl	10006eb8 <__mutex_enter_timeout_ms_veneer>
10006b12:	8925      	ldrh	r5, [r4, #8]
10006b14:	b2ad      	uxth	r5, r5
10006b16:	0020      	movs	r0, r4
10006b18:	f7ff ff9f 	bl	10006a5a <tu_fifo_full>
10006b1c:	2800      	cmp	r0, #0
10006b1e:	d002      	beq.n	10006b26 <tu_fifo_write+0x28>
10006b20:	79e7      	ldrb	r7, [r4, #7]
10006b22:	09ff      	lsrs	r7, r7, #7
10006b24:	d016      	beq.n	10006b54 <tu_fifo_write+0x56>
10006b26:	88a2      	ldrh	r2, [r4, #4]
10006b28:	002b      	movs	r3, r5
10006b2a:	e001      	b.n	10006b30 <tu_fifo_write+0x32>
10006b2c:	1a9b      	subs	r3, r3, r2
10006b2e:	b29b      	uxth	r3, r3
10006b30:	429a      	cmp	r2, r3
10006b32:	d9fb      	bls.n	10006b2c <tu_fifo_write+0x2e>
10006b34:	6820      	ldr	r0, [r4, #0]
10006b36:	88e2      	ldrh	r2, [r4, #6]
10006b38:	0452      	lsls	r2, r2, #17
10006b3a:	0c52      	lsrs	r2, r2, #17
10006b3c:	4353      	muls	r3, r2
10006b3e:	18c0      	adds	r0, r0, r3
10006b40:	0031      	movs	r1, r6
10006b42:	f7fb ff39 	bl	100029b8 <__wrap___aeabi_memcpy>
10006b46:	88a0      	ldrh	r0, [r4, #4]
10006b48:	2201      	movs	r2, #1
10006b4a:	0029      	movs	r1, r5
10006b4c:	f7ff fdb6 	bl	100066bc <advance_index>
10006b50:	8120      	strh	r0, [r4, #8]
10006b52:	2701      	movs	r7, #1
10006b54:	68e0      	ldr	r0, [r4, #12]
10006b56:	2800      	cmp	r0, #0
10006b58:	d001      	beq.n	10006b5e <tu_fifo_write+0x60>
10006b5a:	f000 f98d 	bl	10006e78 <__mutex_exit_veneer>
10006b5e:	0038      	movs	r0, r7
10006b60:	bdf8      	pop	{r3, r4, r5, r6, r7, pc}

10006b62 <tu_fifo_write_n>:
10006b62:	b510      	push	{r4, lr}
10006b64:	2300      	movs	r3, #0
10006b66:	f7ff fea5 	bl	100068b4 <_tu_fifo_write_n>
10006b6a:	bd10      	pop	{r4, pc}

10006b6c <tu_fifo_clear>:
10006b6c:	b510      	push	{r4, lr}
10006b6e:	0004      	movs	r4, r0
10006b70:	68c0      	ldr	r0, [r0, #12]
10006b72:	2800      	cmp	r0, #0
10006b74:	d003      	beq.n	10006b7e <tu_fifo_clear+0x12>
10006b76:	2101      	movs	r1, #1
10006b78:	4249      	negs	r1, r1
10006b7a:	f000 f99d 	bl	10006eb8 <__mutex_enter_timeout_ms_veneer>
10006b7e:	6920      	ldr	r0, [r4, #16]
10006b80:	2800      	cmp	r0, #0
10006b82:	d003      	beq.n	10006b8c <tu_fifo_clear+0x20>
10006b84:	2101      	movs	r1, #1
10006b86:	4249      	negs	r1, r1
10006b88:	f000 f996 	bl	10006eb8 <__mutex_enter_timeout_ms_veneer>
10006b8c:	2300      	movs	r3, #0
10006b8e:	8163      	strh	r3, [r4, #10]
10006b90:	8123      	strh	r3, [r4, #8]
10006b92:	68e0      	ldr	r0, [r4, #12]
10006b94:	2800      	cmp	r0, #0
10006b96:	d001      	beq.n	10006b9c <tu_fifo_clear+0x30>
10006b98:	f000 f96e 	bl	10006e78 <__mutex_exit_veneer>
10006b9c:	6920      	ldr	r0, [r4, #16]
10006b9e:	2800      	cmp	r0, #0
10006ba0:	d001      	beq.n	10006ba6 <tu_fifo_clear+0x3a>
10006ba2:	f000 f969 	bl	10006e78 <__mutex_exit_veneer>
10006ba6:	2001      	movs	r0, #1
10006ba8:	bd10      	pop	{r4, pc}

10006baa <tu_fifo_set_overwritable>:
10006baa:	b570      	push	{r4, r5, r6, lr}
10006bac:	0004      	movs	r4, r0
10006bae:	000d      	movs	r5, r1
10006bb0:	68c0      	ldr	r0, [r0, #12]
10006bb2:	2800      	cmp	r0, #0
10006bb4:	d003      	beq.n	10006bbe <tu_fifo_set_overwritable+0x14>
10006bb6:	2101      	movs	r1, #1
10006bb8:	4249      	negs	r1, r1
10006bba:	f000 f97d 	bl	10006eb8 <__mutex_enter_timeout_ms_veneer>
10006bbe:	6920      	ldr	r0, [r4, #16]
10006bc0:	2800      	cmp	r0, #0
10006bc2:	d003      	beq.n	10006bcc <tu_fifo_set_overwritable+0x22>
10006bc4:	2101      	movs	r1, #1
10006bc6:	4249      	negs	r1, r1
10006bc8:	f000 f976 	bl	10006eb8 <__mutex_enter_timeout_ms_veneer>
10006bcc:	01ed      	lsls	r5, r5, #7
10006bce:	79e3      	ldrb	r3, [r4, #7]
10006bd0:	217f      	movs	r1, #127	@ 0x7f
10006bd2:	4019      	ands	r1, r3
10006bd4:	4329      	orrs	r1, r5
10006bd6:	71e1      	strb	r1, [r4, #7]
10006bd8:	68e0      	ldr	r0, [r4, #12]
10006bda:	2800      	cmp	r0, #0
10006bdc:	d001      	beq.n	10006be2 <tu_fifo_set_overwritable+0x38>
10006bde:	f000 f94b 	bl	10006e78 <__mutex_exit_veneer>
10006be2:	6920      	ldr	r0, [r4, #16]
10006be4:	2800      	cmp	r0, #0
10006be6:	d001      	beq.n	10006bec <tu_fifo_set_overwritable+0x42>
10006be8:	f000 f946 	bl	10006e78 <__mutex_exit_veneer>
10006bec:	2001      	movs	r0, #1
10006bee:	bd70      	pop	{r4, r5, r6, pc}

10006bf0 <spi_unreset>:
10006bf0:	4b07      	ldr	r3, [pc, #28]	@ (10006c10 <spi_unreset+0x20>)
10006bf2:	4298      	cmp	r0, r3
10006bf4:	d00a      	beq.n	10006c0c <spi_unreset+0x1c>
10006bf6:	2311      	movs	r3, #17
10006bf8:	2201      	movs	r2, #1
10006bfa:	409a      	lsls	r2, r3
10006bfc:	4b05      	ldr	r3, [pc, #20]	@ (10006c14 <spi_unreset+0x24>)
10006bfe:	601a      	str	r2, [r3, #0]
10006c00:	4b05      	ldr	r3, [pc, #20]	@ (10006c18 <spi_unreset+0x28>)
10006c02:	681b      	ldr	r3, [r3, #0]
10006c04:	0011      	movs	r1, r2
10006c06:	4399      	bics	r1, r3
10006c08:	d1fa      	bne.n	10006c00 <spi_unreset+0x10>
10006c0a:	4770      	bx	lr
10006c0c:	2310      	movs	r3, #16
10006c0e:	e7f3      	b.n	10006bf8 <spi_unreset+0x8>
10006c10:	4003c000 	.word	0x4003c000
10006c14:	4000f000 	.word	0x4000f000
10006c18:	4000c008 	.word	0x4000c008

10006c1c <spi_set_baudrate>:
10006c1c:	b5f8      	push	{r3, r4, r5, r6, r7, lr}
10006c1e:	46de      	mov	lr, fp
10006c20:	4657      	mov	r7, sl
10006c22:	464e      	mov	r6, r9
10006c24:	4645      	mov	r5, r8
10006c26:	b5e0      	push	{r5, r6, r7, lr}
10006c28:	4681      	mov	r9, r0
10006c2a:	000e      	movs	r6, r1
10006c2c:	2006      	movs	r0, #6
10006c2e:	f7fa fd43 	bl	100016b8 <clock_get_hz>
10006c32:	4680      	mov	r8, r0
10006c34:	464b      	mov	r3, r9
10006c36:	685a      	ldr	r2, [r3, #4]
10006c38:	2302      	movs	r3, #2
10006c3a:	401a      	ands	r2, r3
10006c3c:	4693      	mov	fp, r2
10006c3e:	2204      	movs	r2, #4
10006c40:	444a      	add	r2, r9
10006c42:	4692      	mov	sl, r2
10006c44:	4a21      	ldr	r2, [pc, #132]	@ (10006ccc <spi_set_baudrate+0xb0>)
10006c46:	444a      	add	r2, r9
10006c48:	6013      	str	r3, [r2, #0]
10006c4a:	2402      	movs	r4, #2
10006c4c:	e000      	b.n	10006c50 <spi_set_baudrate+0x34>
10006c4e:	3402      	adds	r4, #2
10006c50:	2cfe      	cmp	r4, #254	@ 0xfe
10006c52:	d81a      	bhi.n	10006c8a <spi_set_baudrate+0x6e>
10006c54:	2500      	movs	r5, #0
10006c56:	0220      	lsls	r0, r4, #8
10006c58:	0032      	movs	r2, r6
10006c5a:	2300      	movs	r3, #0
10006c5c:	2100      	movs	r1, #0
10006c5e:	f7fb fdeb 	bl	10002838 <__wrap___aeabi_lmul>
10006c62:	2900      	cmp	r1, #0
10006c64:	d103      	bne.n	10006c6e <spi_set_baudrate+0x52>
10006c66:	42a9      	cmp	r1, r5
10006c68:	d1f1      	bne.n	10006c4e <spi_set_baudrate+0x32>
10006c6a:	4540      	cmp	r0, r8
10006c6c:	d9ef      	bls.n	10006c4e <spi_set_baudrate+0x32>
10006c6e:	2780      	movs	r7, #128	@ 0x80
10006c70:	007f      	lsls	r7, r7, #1
10006c72:	2f01      	cmp	r7, #1
10006c74:	d90c      	bls.n	10006c90 <spi_set_baudrate+0x74>
10006c76:	1e7d      	subs	r5, r7, #1
10006c78:	0021      	movs	r1, r4
10006c7a:	4369      	muls	r1, r5
10006c7c:	4640      	mov	r0, r8
10006c7e:	f7fa ff9f 	bl	10001bc0 <__wrap___aeabi_uidiv>
10006c82:	42b0      	cmp	r0, r6
10006c84:	d804      	bhi.n	10006c90 <spi_set_baudrate+0x74>
10006c86:	002f      	movs	r7, r5
10006c88:	e7f3      	b.n	10006c72 <spi_set_baudrate+0x56>
10006c8a:	2780      	movs	r7, #128	@ 0x80
10006c8c:	007f      	lsls	r7, r7, #1
10006c8e:	e7f0      	b.n	10006c72 <spi_set_baudrate+0x56>
10006c90:	464b      	mov	r3, r9
10006c92:	611c      	str	r4, [r3, #16]
10006c94:	1e7a      	subs	r2, r7, #1
10006c96:	0212      	lsls	r2, r2, #8
10006c98:	681b      	ldr	r3, [r3, #0]
10006c9a:	405a      	eors	r2, r3
10006c9c:	23ff      	movs	r3, #255	@ 0xff
10006c9e:	021b      	lsls	r3, r3, #8
10006ca0:	401a      	ands	r2, r3
10006ca2:	2380      	movs	r3, #128	@ 0x80
10006ca4:	015b      	lsls	r3, r3, #5
10006ca6:	444b      	add	r3, r9
10006ca8:	601a      	str	r2, [r3, #0]
10006caa:	2380      	movs	r3, #128	@ 0x80
10006cac:	019b      	lsls	r3, r3, #6
10006cae:	4453      	add	r3, sl
10006cb0:	465a      	mov	r2, fp
10006cb2:	601a      	str	r2, [r3, #0]
10006cb4:	0039      	movs	r1, r7
10006cb6:	4361      	muls	r1, r4
10006cb8:	4640      	mov	r0, r8
10006cba:	f7fa ff81 	bl	10001bc0 <__wrap___aeabi_uidiv>
10006cbe:	bcf0      	pop	{r4, r5, r6, r7}
10006cc0:	46bb      	mov	fp, r7
10006cc2:	46b2      	mov	sl, r6
10006cc4:	46a9      	mov	r9, r5
10006cc6:	46a0      	mov	r8, r4
10006cc8:	bdf8      	pop	{r3, r4, r5, r6, r7, pc}
10006cca:	46c0      	nop			@ (mov r8, r8)
10006ccc:	00003004 	.word	0x00003004

10006cd0 <spi_init>:
10006cd0:	b570      	push	{r4, r5, r6, lr}
10006cd2:	0004      	movs	r4, r0
10006cd4:	000d      	movs	r5, r1
10006cd6:	4b15      	ldr	r3, [pc, #84]	@ (10006d2c <spi_init+0x5c>)
10006cd8:	4298      	cmp	r0, r3
10006cda:	d024      	beq.n	10006d26 <spi_init+0x56>
10006cdc:	2211      	movs	r2, #17
10006cde:	2301      	movs	r3, #1
10006ce0:	4093      	lsls	r3, r2
10006ce2:	4a13      	ldr	r2, [pc, #76]	@ (10006d30 <spi_init+0x60>)
10006ce4:	6013      	str	r3, [r2, #0]
10006ce6:	0020      	movs	r0, r4
10006ce8:	f7ff ff82 	bl	10006bf0 <spi_unreset>
10006cec:	0029      	movs	r1, r5
10006cee:	0020      	movs	r0, r4
10006cf0:	f7ff ff94 	bl	10006c1c <spi_set_baudrate>
10006cf4:	6862      	ldr	r2, [r4, #4]
10006cf6:	2302      	movs	r3, #2
10006cf8:	401a      	ands	r2, r3
10006cfa:	490e      	ldr	r1, [pc, #56]	@ (10006d34 <spi_init+0x64>)
10006cfc:	1861      	adds	r1, r4, r1
10006cfe:	600b      	str	r3, [r1, #0]
10006d00:	6825      	ldr	r5, [r4, #0]
10006d02:	2107      	movs	r1, #7
10006d04:	404d      	eors	r5, r1
10006d06:	31c8      	adds	r1, #200	@ 0xc8
10006d08:	4029      	ands	r1, r5
10006d0a:	2580      	movs	r5, #128	@ 0x80
10006d0c:	016d      	lsls	r5, r5, #5
10006d0e:	1965      	adds	r5, r4, r5
10006d10:	6029      	str	r1, [r5, #0]
10006d12:	4909      	ldr	r1, [pc, #36]	@ (10006d38 <spi_init+0x68>)
10006d14:	1861      	adds	r1, r4, r1
10006d16:	600a      	str	r2, [r1, #0]
10006d18:	4a08      	ldr	r2, [pc, #32]	@ (10006d3c <spi_init+0x6c>)
10006d1a:	4694      	mov	ip, r2
10006d1c:	4464      	add	r4, ip
10006d1e:	2203      	movs	r2, #3
10006d20:	6022      	str	r2, [r4, #0]
10006d22:	600b      	str	r3, [r1, #0]
10006d24:	bd70      	pop	{r4, r5, r6, pc}
10006d26:	2210      	movs	r2, #16
10006d28:	e7d9      	b.n	10006cde <spi_init+0xe>
10006d2a:	46c0      	nop			@ (mov r8, r8)
10006d2c:	4003c000 	.word	0x4003c000
10006d30:	4000e000 	.word	0x4000e000
10006d34:	00003004 	.word	0x00003004
10006d38:	00002004 	.word	0x00002004
10006d3c:	00002024 	.word	0x00002024

10006d40 <strlen>:
10006d40:	b510      	push	{r4, lr}
10006d42:	0783      	lsls	r3, r0, #30
10006d44:	d00a      	beq.n	10006d5c <strlen+0x1c>
10006d46:	0003      	movs	r3, r0
10006d48:	2103      	movs	r1, #3
10006d4a:	e002      	b.n	10006d52 <strlen+0x12>
10006d4c:	3301      	adds	r3, #1
10006d4e:	420b      	tst	r3, r1
10006d50:	d005      	beq.n	10006d5e <strlen+0x1e>
10006d52:	781a      	ldrb	r2, [r3, #0]
10006d54:	2a00      	cmp	r2, #0
10006d56:	d1f9      	bne.n	10006d4c <strlen+0xc>
10006d58:	1a18      	subs	r0, r3, r0
10006d5a:	bd10      	pop	{r4, pc}
10006d5c:	0003      	movs	r3, r0
10006d5e:	6819      	ldr	r1, [r3, #0]
10006d60:	4a0c      	ldr	r2, [pc, #48]	@ (10006d94 <strlen+0x54>)
10006d62:	4c0d      	ldr	r4, [pc, #52]	@ (10006d98 <strlen+0x58>)
10006d64:	188a      	adds	r2, r1, r2
10006d66:	438a      	bics	r2, r1
10006d68:	4222      	tst	r2, r4
10006d6a:	d10f      	bne.n	10006d8c <strlen+0x4c>
10006d6c:	6859      	ldr	r1, [r3, #4]
10006d6e:	4a09      	ldr	r2, [pc, #36]	@ (10006d94 <strlen+0x54>)
10006d70:	3304      	adds	r3, #4
10006d72:	188a      	adds	r2, r1, r2
10006d74:	438a      	bics	r2, r1
10006d76:	4222      	tst	r2, r4
10006d78:	d108      	bne.n	10006d8c <strlen+0x4c>
10006d7a:	6859      	ldr	r1, [r3, #4]
10006d7c:	4a05      	ldr	r2, [pc, #20]	@ (10006d94 <strlen+0x54>)
10006d7e:	3304      	adds	r3, #4
10006d80:	188a      	adds	r2, r1, r2
10006d82:	438a      	bics	r2, r1
10006d84:	4222      	tst	r2, r4
10006d86:	d0f1      	beq.n	10006d6c <strlen+0x2c>
10006d88:	e000      	b.n	10006d8c <strlen+0x4c>
10006d8a:	3301      	adds	r3, #1
10006d8c:	781a      	ldrb	r2, [r3, #0]
10006d8e:	2a00      	cmp	r2, #0
10006d90:	d1fb      	bne.n	10006d8a <strlen+0x4a>
10006d92:	e7e1      	b.n	10006d58 <strlen+0x18>
10006d94:	fefefeff 	.word	0xfefefeff
10006d98:	80808080 	.word	0x80808080

10006d9c <__libc_fini_array>:
10006d9c:	b570      	push	{r4, r5, r6, lr}
10006d9e:	4c07      	ldr	r4, [pc, #28]	@ (10006dbc <__libc_fini_array+0x20>)
10006da0:	4d07      	ldr	r5, [pc, #28]	@ (10006dc0 <__libc_fini_array+0x24>)
10006da2:	1b64      	subs	r4, r4, r5
10006da4:	10a4      	asrs	r4, r4, #2
10006da6:	d005      	beq.n	10006db4 <__libc_fini_array+0x18>
10006da8:	3c01      	subs	r4, #1
10006daa:	00a3      	lsls	r3, r4, #2
10006dac:	58eb      	ldr	r3, [r5, r3]
10006dae:	4798      	blx	r3
10006db0:	2c00      	cmp	r4, #0
10006db2:	d1f9      	bne.n	10006da8 <__libc_fini_array+0xc>
10006db4:	f000 f856 	bl	10006e64 <_fini>
10006db8:	bd70      	pop	{r4, r5, r6, pc}
10006dba:	46c0      	nop			@ (mov r8, r8)
10006dbc:	10006f90 	.word	0x10006f90
10006dc0:	10006f90 	.word	0x10006f90

10006dc4 <atexit>:
10006dc4:	b510      	push	{r4, lr}
10006dc6:	0001      	movs	r1, r0
10006dc8:	2300      	movs	r3, #0
10006dca:	2200      	movs	r2, #0
10006dcc:	2000      	movs	r0, #0
10006dce:	f000 f801 	bl	10006dd4 <__register_exitproc>
10006dd2:	bd10      	pop	{r4, pc}

10006dd4 <__register_exitproc>:
10006dd4:	b5f0      	push	{r4, r5, r6, r7, lr}
10006dd6:	46c6      	mov	lr, r8
10006dd8:	4c1a      	ldr	r4, [pc, #104]	@ (10006e44 <__register_exitproc+0x70>)
10006dda:	b500      	push	{lr}
10006ddc:	6825      	ldr	r5, [r4, #0]
10006dde:	2d00      	cmp	r5, #0
10006de0:	d02a      	beq.n	10006e38 <__register_exitproc+0x64>
10006de2:	686c      	ldr	r4, [r5, #4]
10006de4:	2c1f      	cmp	r4, #31
10006de6:	dc2a      	bgt.n	10006e3e <__register_exitproc+0x6a>
10006de8:	2800      	cmp	r0, #0
10006dea:	d108      	bne.n	10006dfe <__register_exitproc+0x2a>
10006dec:	2000      	movs	r0, #0
10006dee:	1c63      	adds	r3, r4, #1
10006df0:	3402      	adds	r4, #2
10006df2:	00a4      	lsls	r4, r4, #2
10006df4:	606b      	str	r3, [r5, #4]
10006df6:	5161      	str	r1, [r4, r5]
10006df8:	bc80      	pop	{r7}
10006dfa:	46b8      	mov	r8, r7
10006dfc:	bdf0      	pop	{r4, r5, r6, r7, pc}
10006dfe:	2788      	movs	r7, #136	@ 0x88
10006e00:	00a6      	lsls	r6, r4, #2
10006e02:	19ae      	adds	r6, r5, r6
10006e04:	51f2      	str	r2, [r6, r7]
10006e06:	3701      	adds	r7, #1
10006e08:	37ff      	adds	r7, #255	@ 0xff
10006e0a:	46bc      	mov	ip, r7
10006e0c:	2201      	movs	r2, #1
10006e0e:	44ac      	add	ip, r5
10006e10:	4667      	mov	r7, ip
10006e12:	40a2      	lsls	r2, r4
10006e14:	683f      	ldr	r7, [r7, #0]
10006e16:	4690      	mov	r8, r2
10006e18:	4317      	orrs	r7, r2
10006e1a:	4662      	mov	r2, ip
10006e1c:	6017      	str	r7, [r2, #0]
10006e1e:	2784      	movs	r7, #132	@ 0x84
10006e20:	007f      	lsls	r7, r7, #1
10006e22:	51f3      	str	r3, [r6, r7]
10006e24:	2802      	cmp	r0, #2
10006e26:	d1e1      	bne.n	10006dec <__register_exitproc+0x18>
10006e28:	0028      	movs	r0, r5
10006e2a:	4642      	mov	r2, r8
10006e2c:	308d      	adds	r0, #141	@ 0x8d
10006e2e:	30ff      	adds	r0, #255	@ 0xff
10006e30:	6803      	ldr	r3, [r0, #0]
10006e32:	4313      	orrs	r3, r2
10006e34:	6003      	str	r3, [r0, #0]
10006e36:	e7d9      	b.n	10006dec <__register_exitproc+0x18>
10006e38:	4d03      	ldr	r5, [pc, #12]	@ (10006e48 <__register_exitproc+0x74>)
10006e3a:	6025      	str	r5, [r4, #0]
10006e3c:	e7d1      	b.n	10006de2 <__register_exitproc+0xe>
10006e3e:	2001      	movs	r0, #1
10006e40:	4240      	negs	r0, r0
10006e42:	e7d9      	b.n	10006df8 <__register_exitproc+0x24>
10006e44:	20001034 	.word	0x20001034
10006e48:	20000ea4 	.word	0x20000ea4

10006e4c <register_fini>:
10006e4c:	4b03      	ldr	r3, [pc, #12]	@ (10006e5c <register_fini+0x10>)
10006e4e:	b510      	push	{r4, lr}
10006e50:	2b00      	cmp	r3, #0
10006e52:	d002      	beq.n	10006e5a <register_fini+0xe>
10006e54:	4802      	ldr	r0, [pc, #8]	@ (10006e60 <register_fini+0x14>)
10006e56:	f7ff ffb5 	bl	10006dc4 <atexit>
10006e5a:	bd10      	pop	{r4, pc}
10006e5c:	00000000 	.word	0x00000000
10006e60:	10006d9d 	.word	0x10006d9d

10006e64 <_fini>:
10006e64:	b5f8      	push	{r3, r4, r5, r6, r7, lr}
10006e66:	46c0      	nop			@ (mov r8, r8)

10006e68 <__flash_do_cmd_veneer>:
10006e68:	b401      	push	{r0}
10006e6a:	4802      	ldr	r0, [pc, #8]	@ (10006e74 <__flash_do_cmd_veneer+0xc>)
10006e6c:	4684      	mov	ip, r0
10006e6e:	bc01      	pop	{r0}
10006e70:	4760      	bx	ip
10006e72:	bf00      	nop
10006e74:	200002f5 	.word	0x200002f5

10006e78 <__mutex_exit_veneer>:
10006e78:	b401      	push	{r0}
10006e7a:	4802      	ldr	r0, [pc, #8]	@ (10006e84 <__mutex_exit_veneer+0xc>)
10006e7c:	4684      	mov	ip, r0
10006e7e:	bc01      	pop	{r0}
10006e80:	4760      	bx	ip
10006e82:	bf00      	nop
10006e84:	20000209 	.word	0x20000209

10006e88 <____aeabi_ldiv0_veneer>:
10006e88:	b401      	push	{r0}
10006e8a:	4802      	ldr	r0, [pc, #8]	@ (10006e94 <____aeabi_ldiv0_veneer+0xc>)
10006e8c:	4684      	mov	ip, r0
10006e8e:	bc01      	pop	{r0}
10006e90:	4760      	bx	ip
10006e92:	bf00      	nop
10006e94:	20000b79 	.word	0x20000b79

10006e98 <____aeabi_idiv0_veneer>:
10006e98:	b401      	push	{r0}
10006e9a:	4802      	ldr	r0, [pc, #8]	@ (10006ea4 <____aeabi_idiv0_veneer+0xc>)
10006e9c:	4684      	mov	ip, r0
10006e9e:	bc01      	pop	{r0}
10006ea0:	4760      	bx	ip
10006ea2:	bf00      	nop
10006ea4:	20000b79 	.word	0x20000b79

10006ea8 <__mutex_try_enter_veneer>:
10006ea8:	b401      	push	{r0}
10006eaa:	4802      	ldr	r0, [pc, #8]	@ (10006eb4 <__mutex_try_enter_veneer+0xc>)
10006eac:	4684      	mov	ip, r0
10006eae:	bc01      	pop	{r0}
10006eb0:	4760      	bx	ip
10006eb2:	bf00      	nop
10006eb4:	200000c1 	.word	0x200000c1

10006eb8 <__mutex_enter_timeout_ms_veneer>:
10006eb8:	b401      	push	{r0}
10006eba:	4802      	ldr	r0, [pc, #8]	@ (10006ec4 <__mutex_enter_timeout_ms_veneer+0xc>)
10006ebc:	4684      	mov	ip, r0
10006ebe:	bc01      	pop	{r0}
10006ec0:	4760      	bx	ip
10006ec2:	bf00      	nop
10006ec4:	200001cd 	.word	0x200001cd

10006ec8 <__spi_write_blocking_veneer>:
10006ec8:	b401      	push	{r0}
10006eca:	4802      	ldr	r0, [pc, #8]	@ (10006ed4 <__spi_write_blocking_veneer+0xc>)
10006ecc:	4684      	mov	ip, r0
10006ece:	bc01      	pop	{r0}
10006ed0:	4760      	bx	ip
10006ed2:	bf00      	nop
10006ed4:	20000b3d 	.word	0x20000b3d

10006ed8 <__mutex_try_enter_block_until_veneer>:
10006ed8:	b401      	push	{r0}
10006eda:	4802      	ldr	r0, [pc, #8]	@ (10006ee4 <__mutex_try_enter_block_until_veneer+0xc>)
10006edc:	4684      	mov	ip, r0
10006ede:	bc01      	pop	{r0}
10006ee0:	4760      	bx	ip
10006ee2:	bf00      	nop
10006ee4:	20000199 	.word	0x20000199

10006ee8 <__hw_endpoint_start_next_buffer_veneer>:
10006ee8:	b401      	push	{r0}
10006eea:	4802      	ldr	r0, [pc, #8]	@ (10006ef4 <__hw_endpoint_start_next_buffer_veneer+0xc>)
10006eec:	4684      	mov	ip, r0
10006eee:	bc01      	pop	{r0}
10006ef0:	4760      	bx	ip
10006ef2:	bf00      	nop
10006ef4:	20000881 	.word	0x20000881

10006ef8 <__hw_endpoint_reset_transfer_veneer>:
10006ef8:	b401      	push	{r0}
10006efa:	4802      	ldr	r0, [pc, #8]	@ (10006f04 <__hw_endpoint_reset_transfer_veneer+0xc>)
10006efc:	4684      	mov	ip, r0
10006efe:	bc01      	pop	{r0}
10006f00:	4760      	bx	ip
10006f02:	bf00      	nop
10006f04:	20000829 	.word	0x20000829

10006f08 <___hw_endpoint_buffer_control_update32_veneer>:
10006f08:	b401      	push	{r0}
10006f0a:	4802      	ldr	r0, [pc, #8]	@ (10006f14 <___hw_endpoint_buffer_control_update32_veneer+0xc>)
10006f0c:	4684      	mov	ip, r0
10006f0e:	bc01      	pop	{r0}
10006f10:	4760      	bx	ip
10006f12:	bf00      	nop
10006f14:	20000835 	.word	0x20000835

10006f18 <__e15_is_bulkin_ep_veneer>:
10006f18:	b401      	push	{r0}
10006f1a:	4802      	ldr	r0, [pc, #8]	@ (10006f24 <__e15_is_bulkin_ep_veneer+0xc>)
10006f1c:	4684      	mov	ip, r0
10006f1e:	bc01      	pop	{r0}
10006f20:	4760      	bx	ip
10006f22:	bf00      	nop
10006f24:	2000072d 	.word	0x2000072d

10006f28 <__e15_is_critical_frame_period_veneer>:
10006f28:	b401      	push	{r0}
10006f2a:	4802      	ldr	r0, [pc, #8]	@ (10006f34 <__e15_is_critical_frame_period_veneer+0xc>)
10006f2c:	4684      	mov	ip, r0
10006f2e:	bc01      	pop	{r0}
10006f30:	4760      	bx	ip
10006f32:	bf00      	nop
10006f34:	20000759 	.word	0x20000759

10006f38 <__reset_non_control_endpoints_veneer>:
10006f38:	b401      	push	{r0}
10006f3a:	4802      	ldr	r0, [pc, #8]	@ (10006f44 <__reset_non_control_endpoints_veneer+0xc>)
10006f3c:	4684      	mov	ip, r0
10006f3e:	bc01      	pop	{r0}
10006f40:	4760      	bx	ip
10006f42:	bf00      	nop
10006f44:	200003e1 	.word	0x200003e1

10006f48 <__pre_init_runtime_init_early_resets>:
10006f48:	100019a1                                ....

10006f4c <__pre_init_runtime_init_usb_power_down>:
10006f4c:	100019cd 10001b61 1000299d 10002205     ....a....)..."..
10006f5c:	1000286d                                m(..

10006f60 <__pre_init_runtime_init_clocks>:
10006f60:	10001a95                                ....

10006f64 <__pre_init_runtime_init_post_clock_resets>:
10006f64:	100019e9                                ....

10006f68 <__pre_init_runtime_init_rp2040_gpio_ie_disable>:
10006f68:	10001a09                                ....

10006f6c <__pre_init_runtime_init_spin_locks_reset>:
10006f6c:	10001a1d                                ....

10006f70 <__pre_init_runtime_init_mutex>:
10006f70:	10000ce5                                ....

10006f74 <__pre_init_runtime_init_install_ram_vector_table>:
10006f74:	10001a25                                %...

10006f78 <__pre_init_runtime_init_default_alarm_pool>:
10006f78:	1000151d                                ....

10006f7c <__pre_init_first_per_core_initializer>:
10006f7c:	1000198d                                ....

10006f80 <__pre_init_runtime_init_per_core_irq_priorities>:
10006f80:	100007f9                                ....

10006f84 <__init_array_start>:
10006f84:	10006e4d 	.word	0x10006e4d
10006f88:	100044b5 	.word	0x100044b5

10006f8c <__frame_dummy_init_array_entry>:
10006f8c:	100002fd                                ....

Disassembly of section .data:

200000c0 <mutex_try_enter>:
200000c0:	b510      	push	{r4, lr}
200000c2:	0003      	movs	r3, r0
200000c4:	6804      	ldr	r4, [r0, #0]
200000c6:	f3ef 8210 	mrs	r2, PRIMASK
200000ca:	b672      	cpsid	i
200000cc:	6820      	ldr	r0, [r4, #0]
200000ce:	2800      	cmp	r0, #0
200000d0:	d0fc      	beq.n	200000cc <mutex_try_enter+0xc>
200000d2:	f3bf 8f5f 	dmb	sy
200000d6:	2004      	movs	r0, #4
200000d8:	5618      	ldrsb	r0, [r3, r0]
200000da:	2800      	cmp	r0, #0
200000dc:	db0b      	blt.n	200000f6 <mutex_try_enter+0x36>
200000de:	2900      	cmp	r1, #0
200000e0:	d010      	beq.n	20000104 <mutex_try_enter+0x44>
200000e2:	6008      	str	r0, [r1, #0]
200000e4:	2000      	movs	r0, #0
200000e6:	681b      	ldr	r3, [r3, #0]
200000e8:	f3bf 8f5f 	dmb	sy
200000ec:	2100      	movs	r1, #0
200000ee:	6019      	str	r1, [r3, #0]
200000f0:	f382 8810 	msr	PRIMASK, r2
200000f4:	bd10      	pop	{r4, pc}
200000f6:	21d0      	movs	r1, #208	@ 0xd0
200000f8:	0609      	lsls	r1, r1, #24
200000fa:	7809      	ldrb	r1, [r1, #0]
200000fc:	b249      	sxtb	r1, r1
200000fe:	7119      	strb	r1, [r3, #4]
20000100:	2001      	movs	r0, #1
20000102:	e7f0      	b.n	200000e6 <mutex_try_enter+0x26>
20000104:	2000      	movs	r0, #0
20000106:	e7ee      	b.n	200000e6 <mutex_try_enter+0x26>

20000108 <mutex_enter_block_until>:
20000108:	b5f0      	push	{r4, r5, r6, r7, lr}
2000010a:	46d6      	mov	lr, sl
2000010c:	464f      	mov	r7, r9
2000010e:	4646      	mov	r6, r8
20000110:	b5c0      	push	{r6, r7, lr}
20000112:	0005      	movs	r5, r0
20000114:	4690      	mov	r8, r2
20000116:	4699      	mov	r9, r3
20000118:	6803      	ldr	r3, [r0, #0]
2000011a:	2b00      	cmp	r3, #0
2000011c:	d020      	beq.n	20000160 <mutex_enter_block_until+0x58>
2000011e:	23d0      	movs	r3, #208	@ 0xd0
20000120:	061b      	lsls	r3, r3, #24
20000122:	781b      	ldrb	r3, [r3, #0]
20000124:	b25b      	sxtb	r3, r3
20000126:	469a      	mov	sl, r3
20000128:	682f      	ldr	r7, [r5, #0]
2000012a:	f3ef 8410 	mrs	r4, PRIMASK
2000012e:	b672      	cpsid	i
20000130:	683e      	ldr	r6, [r7, #0]
20000132:	2e00      	cmp	r6, #0
20000134:	d0fc      	beq.n	20000130 <mutex_enter_block_until+0x28>
20000136:	f3bf 8f5f 	dmb	sy
2000013a:	2304      	movs	r3, #4
2000013c:	56eb      	ldrsb	r3, [r5, r3]
2000013e:	2b00      	cmp	r3, #0
20000140:	db14      	blt.n	2000016c <mutex_enter_block_until+0x64>
20000142:	682b      	ldr	r3, [r5, #0]
20000144:	f3bf 8f5f 	dmb	sy
20000148:	2200      	movs	r2, #0
2000014a:	601a      	str	r2, [r3, #0]
2000014c:	f384 8810 	msr	PRIMASK, r4
20000150:	4640      	mov	r0, r8
20000152:	4649      	mov	r1, r9
20000154:	f000 fd1c 	bl	20000b90 <__best_effort_wfe_or_timeout_veneer>
20000158:	2800      	cmp	r0, #0
2000015a:	d0e5      	beq.n	20000128 <mutex_enter_block_until+0x20>
2000015c:	2000      	movs	r0, #0
2000015e:	e00f      	b.n	20000180 <mutex_enter_block_until+0x78>
20000160:	4b0a      	ldr	r3, [pc, #40]	@ (2000018c <mutex_enter_block_until+0x84>)
20000162:	4a0b      	ldr	r2, [pc, #44]	@ (20000190 <mutex_enter_block_until+0x88>)
20000164:	480b      	ldr	r0, [pc, #44]	@ (20000194 <mutex_enter_block_until+0x8c>)
20000166:	21a6      	movs	r1, #166	@ 0xa6
20000168:	f000 fd4a 	bl	20000c00 <____assert_func_veneer>
2000016c:	4653      	mov	r3, sl
2000016e:	712b      	strb	r3, [r5, #4]
20000170:	682b      	ldr	r3, [r5, #0]
20000172:	f3bf 8f5f 	dmb	sy
20000176:	2200      	movs	r2, #0
20000178:	601a      	str	r2, [r3, #0]
2000017a:	f384 8810 	msr	PRIMASK, r4
2000017e:	2001      	movs	r0, #1
20000180:	bce0      	pop	{r5, r6, r7}
20000182:	46ba      	mov	sl, r7
20000184:	46b1      	mov	r9, r6
20000186:	46a8      	mov	r8, r5
20000188:	bdf0      	pop	{r4, r5, r6, r7, pc}
2000018a:	46c0      	nop			@ (mov r8, r8)
2000018c:	100072b4 	.word	0x100072b4
20000190:	10007c64 	.word	0x10007c64
20000194:	1000726c 	.word	0x1000726c

20000198 <mutex_try_enter_block_until>:
20000198:	b570      	push	{r4, r5, r6, lr}
2000019a:	b082      	sub	sp, #8
2000019c:	0006      	movs	r6, r0
2000019e:	0015      	movs	r5, r2
200001a0:	001c      	movs	r4, r3
200001a2:	a901      	add	r1, sp, #4
200001a4:	f7ff ff8c 	bl	200000c0 <mutex_try_enter>
200001a8:	2800      	cmp	r0, #0
200001aa:	d107      	bne.n	200001bc <mutex_try_enter_block_until+0x24>
200001ac:	9b01      	ldr	r3, [sp, #4]
200001ae:	b25b      	sxtb	r3, r3
200001b0:	22d0      	movs	r2, #208	@ 0xd0
200001b2:	0612      	lsls	r2, r2, #24
200001b4:	7812      	ldrb	r2, [r2, #0]
200001b6:	b252      	sxtb	r2, r2
200001b8:	4293      	cmp	r3, r2
200001ba:	d101      	bne.n	200001c0 <mutex_try_enter_block_until+0x28>
200001bc:	b002      	add	sp, #8
200001be:	bd70      	pop	{r4, r5, r6, pc}
200001c0:	002a      	movs	r2, r5
200001c2:	0023      	movs	r3, r4
200001c4:	0030      	movs	r0, r6
200001c6:	f7ff ff9f 	bl	20000108 <mutex_enter_block_until>
200001ca:	e7f7      	b.n	200001bc <mutex_try_enter_block_until+0x24>

200001cc <mutex_enter_timeout_ms>:
200001cc:	b5f8      	push	{r3, r4, r5, r6, r7, lr}
200001ce:	0006      	movs	r6, r0
200001d0:	000f      	movs	r7, r1
200001d2:	f000 fcd5 	bl	20000b80 <__time_us_64_veneer>
200001d6:	0004      	movs	r4, r0
200001d8:	000d      	movs	r5, r1
200001da:	22fa      	movs	r2, #250	@ 0xfa
200001dc:	0092      	lsls	r2, r2, #2
200001de:	2300      	movs	r3, #0
200001e0:	0038      	movs	r0, r7
200001e2:	2100      	movs	r1, #0
200001e4:	f000 fcf4 	bl	20000bd0 <____wrap___aeabi_lmul_veneer>
200001e8:	0022      	movs	r2, r4
200001ea:	002b      	movs	r3, r5
200001ec:	1812      	adds	r2, r2, r0
200001ee:	414b      	adcs	r3, r1
200001f0:	2b00      	cmp	r3, #0
200001f2:	db03      	blt.n	200001fc <mutex_enter_timeout_ms+0x30>
200001f4:	0030      	movs	r0, r6
200001f6:	f7ff ff87 	bl	20000108 <mutex_enter_block_until>
200001fa:	bdf8      	pop	{r3, r4, r5, r6, r7, pc}
200001fc:	2201      	movs	r2, #1
200001fe:	4252      	negs	r2, r2
20000200:	4b00      	ldr	r3, [pc, #0]	@ (20000204 <mutex_enter_timeout_ms+0x38>)
20000202:	e7f7      	b.n	200001f4 <mutex_enter_timeout_ms+0x28>
20000204:	7fffffff 	.word	0x7fffffff

20000208 <mutex_exit>:
20000208:	b510      	push	{r4, lr}
2000020a:	6801      	ldr	r1, [r0, #0]
2000020c:	f3ef 8310 	mrs	r3, PRIMASK
20000210:	b672      	cpsid	i
20000212:	680a      	ldr	r2, [r1, #0]
20000214:	2a00      	cmp	r2, #0
20000216:	d0fc      	beq.n	20000212 <mutex_exit+0xa>
20000218:	f3bf 8f5f 	dmb	sy
2000021c:	2204      	movs	r2, #4
2000021e:	5682      	ldrsb	r2, [r0, r2]
20000220:	2a00      	cmp	r2, #0
20000222:	db0a      	blt.n	2000023a <mutex_exit+0x32>
20000224:	22ff      	movs	r2, #255	@ 0xff
20000226:	7102      	strb	r2, [r0, #4]
20000228:	6802      	ldr	r2, [r0, #0]
2000022a:	f3bf 8f5f 	dmb	sy
2000022e:	2100      	movs	r1, #0
20000230:	6011      	str	r1, [r2, #0]
20000232:	f383 8810 	msr	PRIMASK, r3
20000236:	bf40      	sev
20000238:	bd10      	pop	{r4, pc}
2000023a:	4b03      	ldr	r3, [pc, #12]	@ (20000248 <mutex_exit+0x40>)
2000023c:	4a03      	ldr	r2, [pc, #12]	@ (2000024c <mutex_exit+0x44>)
2000023e:	4804      	ldr	r0, [pc, #16]	@ (20000250 <mutex_exit+0x48>)
20000240:	21d5      	movs	r1, #213	@ 0xd5
20000242:	f000 fcdd 	bl	20000c00 <____assert_func_veneer>
20000246:	46c0      	nop			@ (mov r8, r8)
20000248:	100072c8 	.word	0x100072c8
2000024c:	10007c58 	.word	0x10007c58
20000250:	1000726c 	.word	0x1000726c

20000254 <flash_init_boot2_copyout>:
20000254:	4b09      	ldr	r3, [pc, #36]	@ (2000027c <flash_init_boot2_copyout+0x28>)
20000256:	781b      	ldrb	r3, [r3, #0]
20000258:	2b00      	cmp	r3, #0
2000025a:	d008      	beq.n	2000026e <flash_init_boot2_copyout+0x1a>
2000025c:	e00c      	b.n	20000278 <flash_init_boot2_copyout+0x24>
2000025e:	009a      	lsls	r2, r3, #2
20000260:	2180      	movs	r1, #128	@ 0x80
20000262:	0549      	lsls	r1, r1, #21
20000264:	1851      	adds	r1, r2, r1
20000266:	6808      	ldr	r0, [r1, #0]
20000268:	4905      	ldr	r1, [pc, #20]	@ (20000280 <flash_init_boot2_copyout+0x2c>)
2000026a:	5050      	str	r0, [r2, r1]
2000026c:	3301      	adds	r3, #1
2000026e:	2b3f      	cmp	r3, #63	@ 0x3f
20000270:	ddf5      	ble.n	2000025e <flash_init_boot2_copyout+0xa>
20000272:	4b02      	ldr	r3, [pc, #8]	@ (2000027c <flash_init_boot2_copyout+0x28>)
20000274:	2201      	movs	r2, #1
20000276:	701a      	strb	r2, [r3, #0]
20000278:	4770      	bx	lr
2000027a:	46c0      	nop			@ (mov r8, r8)
2000027c:	20001e04 	.word	0x20001e04
20000280:	200015d0 	.word	0x200015d0

20000284 <flash_enable_xip_via_boot2>:
20000284:	b510      	push	{r4, lr}
20000286:	4b01      	ldr	r3, [pc, #4]	@ (2000028c <flash_enable_xip_via_boot2+0x8>)
20000288:	4798      	blx	r3
2000028a:	bd10      	pop	{r4, pc}
2000028c:	200015d1 	.word	0x200015d1

20000290 <flash_save_hardware_state>:
20000290:	2300      	movs	r3, #0
20000292:	e005      	b.n	200002a0 <flash_save_hardware_state+0x10>
20000294:	009a      	lsls	r2, r3, #2
20000296:	4904      	ldr	r1, [pc, #16]	@ (200002a8 <flash_save_hardware_state+0x18>)
20000298:	1851      	adds	r1, r2, r1
2000029a:	6849      	ldr	r1, [r1, #4]
2000029c:	5011      	str	r1, [r2, r0]
2000029e:	3301      	adds	r3, #1
200002a0:	2b05      	cmp	r3, #5
200002a2:	d9f7      	bls.n	20000294 <flash_save_hardware_state+0x4>
200002a4:	4770      	bx	lr
200002a6:	46c0      	nop			@ (mov r8, r8)
200002a8:	40020000 	.word	0x40020000

200002ac <flash_restore_hardware_state>:
200002ac:	b510      	push	{r4, lr}
200002ae:	2200      	movs	r2, #0
200002b0:	e006      	b.n	200002c0 <flash_restore_hardware_state+0x14>
200002b2:	0093      	lsls	r3, r2, #2
200002b4:	5819      	ldr	r1, [r3, r0]
200002b6:	4c04      	ldr	r4, [pc, #16]	@ (200002c8 <flash_restore_hardware_state+0x1c>)
200002b8:	46a4      	mov	ip, r4
200002ba:	4463      	add	r3, ip
200002bc:	6059      	str	r1, [r3, #4]
200002be:	3201      	adds	r2, #1
200002c0:	2a05      	cmp	r2, #5
200002c2:	d9f6      	bls.n	200002b2 <flash_restore_hardware_state+0x6>
200002c4:	bd10      	pop	{r4, pc}
200002c6:	46c0      	nop			@ (mov r8, r8)
200002c8:	40020000 	.word	0x40020000

200002cc <flash_cs_force>:
200002cc:	2800      	cmp	r0, #0
200002ce:	d00a      	beq.n	200002e6 <flash_cs_force+0x1a>
200002d0:	2303      	movs	r3, #3
200002d2:	021b      	lsls	r3, r3, #8
200002d4:	4a05      	ldr	r2, [pc, #20]	@ (200002ec <flash_cs_force+0x20>)
200002d6:	6812      	ldr	r2, [r2, #0]
200002d8:	4053      	eors	r3, r2
200002da:	22c0      	movs	r2, #192	@ 0xc0
200002dc:	0092      	lsls	r2, r2, #2
200002de:	4013      	ands	r3, r2
200002e0:	4a03      	ldr	r2, [pc, #12]	@ (200002f0 <flash_cs_force+0x24>)
200002e2:	6013      	str	r3, [r2, #0]
200002e4:	4770      	bx	lr
200002e6:	2302      	movs	r3, #2
200002e8:	e7f3      	b.n	200002d2 <flash_cs_force+0x6>
200002ea:	46c0      	nop			@ (mov r8, r8)
200002ec:	4001800c 	.word	0x4001800c
200002f0:	4001900c 	.word	0x4001900c

200002f4 <flash_do_cmd>:
200002f4:	b5f0      	push	{r4, r5, r6, r7, lr}
200002f6:	46d6      	mov	lr, sl
200002f8:	464f      	mov	r7, r9
200002fa:	4646      	mov	r6, r8
200002fc:	b5c0      	push	{r6, r7, lr}
200002fe:	b086      	sub	sp, #24
20000300:	0007      	movs	r7, r0
20000302:	000e      	movs	r6, r1
20000304:	0015      	movs	r5, r2
20000306:	2318      	movs	r3, #24
20000308:	469a      	mov	sl, r3
2000030a:	881b      	ldrh	r3, [r3, #0]
2000030c:	2214      	movs	r2, #20
2000030e:	4690      	mov	r8, r2
20000310:	8810      	ldrh	r0, [r2, #0]
20000312:	492d      	ldr	r1, [pc, #180]	@ (200003c8 <flash_do_cmd+0xd4>)
20000314:	4798      	blx	r3
20000316:	4681      	mov	r9, r0
20000318:	4653      	mov	r3, sl
2000031a:	881b      	ldrh	r3, [r3, #0]
2000031c:	4642      	mov	r2, r8
2000031e:	8810      	ldrh	r0, [r2, #0]
20000320:	492a      	ldr	r1, [pc, #168]	@ (200003cc <flash_do_cmd+0xd8>)
20000322:	4798      	blx	r3
20000324:	0004      	movs	r4, r0
20000326:	4653      	mov	r3, sl
20000328:	881b      	ldrh	r3, [r3, #0]
2000032a:	4642      	mov	r2, r8
2000032c:	8810      	ldrh	r0, [r2, #0]
2000032e:	4928      	ldr	r1, [pc, #160]	@ (200003d0 <flash_do_cmd+0xdc>)
20000330:	4798      	blx	r3
20000332:	4680      	mov	r8, r0
20000334:	464b      	mov	r3, r9
20000336:	2b00      	cmp	r3, #0
20000338:	d00f      	beq.n	2000035a <flash_do_cmd+0x66>
2000033a:	2c00      	cmp	r4, #0
2000033c:	d00d      	beq.n	2000035a <flash_do_cmd+0x66>
2000033e:	2800      	cmp	r0, #0
20000340:	d00b      	beq.n	2000035a <flash_do_cmd+0x66>
20000342:	f7ff ff87 	bl	20000254 <flash_init_boot2_copyout>
20000346:	4668      	mov	r0, sp
20000348:	f7ff ffa2 	bl	20000290 <flash_save_hardware_state>
2000034c:	47c8      	blx	r9
2000034e:	47a0      	blx	r4
20000350:	2000      	movs	r0, #0
20000352:	f7ff ffbb 	bl	200002cc <flash_cs_force>
20000356:	002a      	movs	r2, r5
20000358:	e010      	b.n	2000037c <flash_do_cmd+0x88>
2000035a:	4b1e      	ldr	r3, [pc, #120]	@ (200003d4 <flash_do_cmd+0xe0>)
2000035c:	4a1e      	ldr	r2, [pc, #120]	@ (200003d8 <flash_do_cmd+0xe4>)
2000035e:	218a      	movs	r1, #138	@ 0x8a
20000360:	481e      	ldr	r0, [pc, #120]	@ (200003dc <flash_do_cmd+0xe8>)
20000362:	0049      	lsls	r1, r1, #1
20000364:	f000 fc4c 	bl	20000c00 <____assert_func_veneer>
20000368:	2b00      	cmp	r3, #0
2000036a:	d007      	beq.n	2000037c <flash_do_cmd+0x88>
2000036c:	2a00      	cmp	r2, #0
2000036e:	d005      	beq.n	2000037c <flash_do_cmd+0x88>
20000370:	23c0      	movs	r3, #192	@ 0xc0
20000372:	055b      	lsls	r3, r3, #21
20000374:	6e1b      	ldr	r3, [r3, #96]	@ 0x60
20000376:	7033      	strb	r3, [r6, #0]
20000378:	3a01      	subs	r2, #1
2000037a:	3601      	adds	r6, #1
2000037c:	002b      	movs	r3, r5
2000037e:	4313      	orrs	r3, r2
20000380:	d012      	beq.n	200003a8 <flash_do_cmd+0xb4>
20000382:	23c0      	movs	r3, #192	@ 0xc0
20000384:	055b      	lsls	r3, r3, #21
20000386:	6a9c      	ldr	r4, [r3, #40]	@ 0x28
20000388:	2308      	movs	r3, #8
2000038a:	4023      	ands	r3, r4
2000038c:	07a4      	lsls	r4, r4, #30
2000038e:	d5eb      	bpl.n	20000368 <flash_do_cmd+0x74>
20000390:	2d00      	cmp	r5, #0
20000392:	d0e9      	beq.n	20000368 <flash_do_cmd+0x74>
20000394:	1b51      	subs	r1, r2, r5
20000396:	290d      	cmp	r1, #13
20000398:	d8e6      	bhi.n	20000368 <flash_do_cmd+0x74>
2000039a:	7838      	ldrb	r0, [r7, #0]
2000039c:	21c0      	movs	r1, #192	@ 0xc0
2000039e:	0549      	lsls	r1, r1, #21
200003a0:	6608      	str	r0, [r1, #96]	@ 0x60
200003a2:	3d01      	subs	r5, #1
200003a4:	3701      	adds	r7, #1
200003a6:	e7df      	b.n	20000368 <flash_do_cmd+0x74>
200003a8:	2001      	movs	r0, #1
200003aa:	f7ff ff8f 	bl	200002cc <flash_cs_force>
200003ae:	47c0      	blx	r8
200003b0:	f7ff ff68 	bl	20000284 <flash_enable_xip_via_boot2>
200003b4:	4668      	mov	r0, sp
200003b6:	f7ff ff79 	bl	200002ac <flash_restore_hardware_state>
200003ba:	b006      	add	sp, #24
200003bc:	bce0      	pop	{r5, r6, r7}
200003be:	46ba      	mov	sl, r7
200003c0:	46b1      	mov	r9, r6
200003c2:	46a8      	mov	r8, r5
200003c4:	bdf0      	pop	{r4, r5, r6, r7, pc}
200003c6:	46c0      	nop			@ (mov r8, r8)
200003c8:	00004649 	.word	0x00004649
200003cc:	00005845 	.word	0x00005845
200003d0:	00004346 	.word	0x00004346
200003d4:	10007994 	.word	0x10007994
200003d8:	100080ec 	.word	0x100080ec
200003dc:	10007848 	.word	0x10007848

200003e0 <reset_non_control_endpoints>:
200003e0:	b510      	push	{r4, lr}
200003e2:	2300      	movs	r3, #0
200003e4:	e008      	b.n	200003f8 <reset_non_control_endpoints+0x18>
200003e6:	3301      	adds	r3, #1
200003e8:	00da      	lsls	r2, r3, #3
200003ea:	2100      	movs	r1, #0
200003ec:	4808      	ldr	r0, [pc, #32]	@ (20000410 <reset_non_control_endpoints+0x30>)
200003ee:	5011      	str	r1, [r2, r0]
200003f0:	4684      	mov	ip, r0
200003f2:	4462      	add	r2, ip
200003f4:	6051      	str	r1, [r2, #4]
200003f6:	b2db      	uxtb	r3, r3
200003f8:	2b0e      	cmp	r3, #14
200003fa:	d9f4      	bls.n	200003e6 <reset_non_control_endpoints+0x6>
200003fc:	4805      	ldr	r0, [pc, #20]	@ (20000414 <reset_non_control_endpoints+0x34>)
200003fe:	22f0      	movs	r2, #240	@ 0xf0
20000400:	0092      	lsls	r2, r2, #2
20000402:	2100      	movs	r1, #0
20000404:	f000 fbf4 	bl	20000bf0 <____wrap_memset_veneer>
20000408:	4b03      	ldr	r3, [pc, #12]	@ (20000418 <reset_non_control_endpoints+0x38>)
2000040a:	4a04      	ldr	r2, [pc, #16]	@ (2000041c <reset_non_control_endpoints+0x3c>)
2000040c:	601a      	str	r2, [r3, #0]
2000040e:	bd10      	pop	{r4, pc}
20000410:	50100000 	.word	0x50100000
20000414:	2000177c 	.word	0x2000177c
20000418:	20001bb8 	.word	0x20001bb8
2000041c:	50100180 	.word	0x50100180

20000420 <hw_handle_buff_status>:
20000420:	b5f0      	push	{r4, r5, r6, r7, lr}
20000422:	46ce      	mov	lr, r9
20000424:	4647      	mov	r7, r8
20000426:	b580      	push	{r7, lr}
20000428:	b085      	sub	sp, #20
2000042a:	4b21      	ldr	r3, [pc, #132]	@ (200004b0 <hw_handle_buff_status+0x90>)
2000042c:	6d9f      	ldr	r7, [r3, #88]	@ 0x58
2000042e:	2400      	movs	r4, #0
20000430:	2601      	movs	r6, #1
20000432:	e003      	b.n	2000043c <hw_handle_buff_status+0x1c>
20000434:	43b7      	bics	r7, r6
20000436:	0076      	lsls	r6, r6, #1
20000438:	3401      	adds	r4, #1
2000043a:	b2e4      	uxtb	r4, r4
2000043c:	2f00      	cmp	r7, #0
2000043e:	d031      	beq.n	200004a4 <hw_handle_buff_status+0x84>
20000440:	2c1f      	cmp	r4, #31
20000442:	d82f      	bhi.n	200004a4 <hw_handle_buff_status+0x84>
20000444:	423e      	tst	r6, r7
20000446:	d0f6      	beq.n	20000436 <hw_handle_buff_status+0x16>
20000448:	4b1a      	ldr	r3, [pc, #104]	@ (200004b4 <hw_handle_buff_status+0x94>)
2000044a:	659e      	str	r6, [r3, #88]	@ 0x58
2000044c:	0863      	lsrs	r3, r4, #1
2000044e:	4699      	mov	r9, r3
20000450:	2301      	movs	r3, #1
20000452:	4023      	ands	r3, r4
20000454:	2201      	movs	r2, #1
20000456:	4053      	eors	r3, r2
20000458:	b2db      	uxtb	r3, r3
2000045a:	4698      	mov	r8, r3
2000045c:	464b      	mov	r3, r9
2000045e:	005d      	lsls	r5, r3, #1
20000460:	4445      	add	r5, r8
20000462:	016d      	lsls	r5, r5, #5
20000464:	4b14      	ldr	r3, [pc, #80]	@ (200004b8 <hw_handle_buff_status+0x98>)
20000466:	18ed      	adds	r5, r5, r3
20000468:	0028      	movs	r0, r5
2000046a:	f000 fa47 	bl	200008fc <hw_endpoint_xfer_continue>
2000046e:	2800      	cmp	r0, #0
20000470:	d0e0      	beq.n	20000434 <hw_handle_buff_status+0x14>
20000472:	4a11      	ldr	r2, [pc, #68]	@ (200004b8 <hw_handle_buff_status+0x98>)
20000474:	464b      	mov	r3, r9
20000476:	005b      	lsls	r3, r3, #1
20000478:	4443      	add	r3, r8
2000047a:	015b      	lsls	r3, r3, #5
2000047c:	18d3      	adds	r3, r2, r3
2000047e:	7899      	ldrb	r1, [r3, #2]
20000480:	8ada      	ldrh	r2, [r3, #22]
20000482:	a801      	add	r0, sp, #4
20000484:	2300      	movs	r3, #0
20000486:	4698      	mov	r8, r3
20000488:	7003      	strb	r3, [r0, #0]
2000048a:	3307      	adds	r3, #7
2000048c:	7043      	strb	r3, [r0, #1]
2000048e:	7101      	strb	r1, [r0, #4]
20000490:	6082      	str	r2, [r0, #8]
20000492:	4643      	mov	r3, r8
20000494:	7143      	strb	r3, [r0, #5]
20000496:	2101      	movs	r1, #1
20000498:	f000 fa50 	bl	2000093c <dcd_event_handler>
2000049c:	0028      	movs	r0, r5
2000049e:	f000 f9c3 	bl	20000828 <hw_endpoint_reset_transfer>
200004a2:	e7c7      	b.n	20000434 <hw_handle_buff_status+0x14>
200004a4:	b005      	add	sp, #20
200004a6:	bcc0      	pop	{r6, r7}
200004a8:	46b9      	mov	r9, r7
200004aa:	46b0      	mov	r8, r6
200004ac:	bdf0      	pop	{r4, r5, r6, r7, pc}
200004ae:	46c0      	nop			@ (mov r8, r8)
200004b0:	50110000 	.word	0x50110000
200004b4:	50113000 	.word	0x50113000
200004b8:	2000173c 	.word	0x2000173c

200004bc <dcd_rp2040_irq>:
200004bc:	b5f0      	push	{r4, r5, r6, r7, lr}
200004be:	46ce      	mov	lr, r9
200004c0:	4647      	mov	r7, r8
200004c2:	b580      	push	{r7, lr}
200004c4:	b085      	sub	sp, #20
200004c6:	4a75      	ldr	r2, [pc, #468]	@ (2000069c <dcd_rp2040_irq+0x1e0>)
200004c8:	2398      	movs	r3, #152	@ 0x98
200004ca:	58d5      	ldr	r5, [r2, r3]
200004cc:	2380      	movs	r3, #128	@ 0x80
200004ce:	029b      	lsls	r3, r3, #10
200004d0:	002f      	movs	r7, r5
200004d2:	401f      	ands	r7, r3
200004d4:	421d      	tst	r5, r3
200004d6:	d045      	beq.n	20000564 <dcd_rp2040_irq+0xa8>
200004d8:	4b71      	ldr	r3, [pc, #452]	@ (200006a0 <dcd_rp2040_irq+0x1e4>)
200004da:	6a9a      	ldr	r2, [r3, #40]	@ 0x28
200004dc:	4b71      	ldr	r3, [pc, #452]	@ (200006a4 <dcd_rp2040_irq+0x1e8>)
200004de:	601a      	str	r2, [r3, #0]
200004e0:	2400      	movs	r4, #0
200004e2:	2100      	movs	r1, #0
200004e4:	e009      	b.n	200004fa <dcd_rp2040_irq+0x3e>
200004e6:	4b70      	ldr	r3, [pc, #448]	@ (200006a8 <dcd_rp2040_irq+0x1ec>)
200004e8:	185b      	adds	r3, r3, r1
200004ea:	333c      	adds	r3, #60	@ 0x3c
200004ec:	2200      	movs	r2, #0
200004ee:	701a      	strb	r2, [r3, #0]
200004f0:	f000 f9c6 	bl	20000880 <hw_endpoint_start_next_buffer>
200004f4:	0031      	movs	r1, r6
200004f6:	3401      	adds	r4, #1
200004f8:	b2e4      	uxtb	r4, r4
200004fa:	2c0f      	cmp	r4, #15
200004fc:	d818      	bhi.n	20000530 <dcd_rp2040_irq+0x74>
200004fe:	01a6      	lsls	r6, r4, #6
20000500:	0030      	movs	r0, r6
20000502:	3020      	adds	r0, #32
20000504:	4b68      	ldr	r3, [pc, #416]	@ (200006a8 <dcd_rp2040_irq+0x1ec>)
20000506:	18c0      	adds	r0, r0, r3
20000508:	199b      	adds	r3, r3, r6
2000050a:	333b      	adds	r3, #59	@ 0x3b
2000050c:	781b      	ldrb	r3, [r3, #0]
2000050e:	2b02      	cmp	r3, #2
20000510:	d1f1      	bne.n	200004f6 <dcd_rp2040_irq+0x3a>
20000512:	4b65      	ldr	r3, [pc, #404]	@ (200006a8 <dcd_rp2040_irq+0x1ec>)
20000514:	199b      	adds	r3, r3, r6
20000516:	333a      	adds	r3, #58	@ 0x3a
20000518:	781e      	ldrb	r6, [r3, #0]
2000051a:	2e00      	cmp	r6, #0
2000051c:	d0eb      	beq.n	200004f6 <dcd_rp2040_irq+0x3a>
2000051e:	4b62      	ldr	r3, [pc, #392]	@ (200006a8 <dcd_rp2040_irq+0x1ec>)
20000520:	01a1      	lsls	r1, r4, #6
20000522:	185b      	adds	r3, r3, r1
20000524:	333c      	adds	r3, #60	@ 0x3c
20000526:	781b      	ldrb	r3, [r3, #0]
20000528:	2b00      	cmp	r3, #0
2000052a:	d1dc      	bne.n	200004e6 <dcd_rp2040_irq+0x2a>
2000052c:	0031      	movs	r1, r6
2000052e:	e7e2      	b.n	200004f6 <dcd_rp2040_irq+0x3a>
20000530:	2900      	cmp	r1, #0
20000532:	d108      	bne.n	20000546 <dcd_rp2040_irq+0x8a>
20000534:	4b5d      	ldr	r3, [pc, #372]	@ (200006ac <dcd_rp2040_irq+0x1f0>)
20000536:	781b      	ldrb	r3, [r3, #0]
20000538:	2b00      	cmp	r3, #0
2000053a:	d104      	bne.n	20000546 <dcd_rp2040_irq+0x8a>
2000053c:	4a5c      	ldr	r2, [pc, #368]	@ (200006b0 <dcd_rp2040_irq+0x1f4>)
2000053e:	3390      	adds	r3, #144	@ 0x90
20000540:	2180      	movs	r1, #128	@ 0x80
20000542:	0289      	lsls	r1, r1, #10
20000544:	50d1      	str	r1, [r2, r3]
20000546:	4b55      	ldr	r3, [pc, #340]	@ (2000069c <dcd_rp2040_irq+0x1e0>)
20000548:	6c9b      	ldr	r3, [r3, #72]	@ 0x48
2000054a:	055b      	lsls	r3, r3, #21
2000054c:	0d5b      	lsrs	r3, r3, #21
2000054e:	a801      	add	r0, sp, #4
20000550:	2200      	movs	r2, #0
20000552:	7002      	strb	r2, [r0, #0]
20000554:	3203      	adds	r2, #3
20000556:	7042      	strb	r2, [r0, #1]
20000558:	6043      	str	r3, [r0, #4]
2000055a:	2101      	movs	r1, #1
2000055c:	f000 f9ee 	bl	2000093c <dcd_event_handler>
20000560:	2780      	movs	r7, #128	@ 0x80
20000562:	02bf      	lsls	r7, r7, #10
20000564:	06eb      	lsls	r3, r5, #27
20000566:	d406      	bmi.n	20000576 <dcd_rp2040_irq+0xba>
20000568:	03eb      	lsls	r3, r5, #15
2000056a:	d551      	bpl.n	20000610 <dcd_rp2040_irq+0x154>
2000056c:	2380      	movs	r3, #128	@ 0x80
2000056e:	025b      	lsls	r3, r3, #9
20000570:	431f      	orrs	r7, r3
20000572:	2400      	movs	r4, #0
20000574:	e019      	b.n	200005aa <dcd_rp2040_irq+0xee>
20000576:	2310      	movs	r3, #16
20000578:	431f      	orrs	r7, r3
2000057a:	f7ff ff51 	bl	20000420 <hw_handle_buff_status>
2000057e:	e7f3      	b.n	20000568 <dcd_rp2040_irq+0xac>
20000580:	2302      	movs	r3, #2
20000582:	4699      	mov	r9, r3
20000584:	e01e      	b.n	200005c4 <dcd_rp2040_irq+0x108>
20000586:	4b4b      	ldr	r3, [pc, #300]	@ (200006b4 <dcd_rp2040_irq+0x1f8>)
20000588:	464a      	mov	r2, r9
2000058a:	661a      	str	r2, [r3, #96]	@ 0x60
2000058c:	4b43      	ldr	r3, [pc, #268]	@ (2000069c <dcd_rp2040_irq+0x1e0>)
2000058e:	6e5b      	ldr	r3, [r3, #100]	@ 0x64
20000590:	464a      	mov	r2, r9
20000592:	4013      	ands	r3, r2
20000594:	4599      	cmp	r9, r3
20000596:	d1f9      	bne.n	2000058c <dcd_rp2040_irq+0xd0>
20000598:	e018      	b.n	200005cc <dcd_rp2040_irq+0x110>
2000059a:	4b43      	ldr	r3, [pc, #268]	@ (200006a8 <dcd_rp2040_irq+0x1ec>)
2000059c:	4642      	mov	r2, r8
2000059e:	0152      	lsls	r2, r2, #5
200005a0:	189b      	adds	r3, r3, r2
200005a2:	2201      	movs	r2, #1
200005a4:	70da      	strb	r2, [r3, #3]
200005a6:	3401      	adds	r4, #1
200005a8:	b2e4      	uxtb	r4, r4
200005aa:	2c01      	cmp	r4, #1
200005ac:	d820      	bhi.n	200005f0 <dcd_rp2040_irq+0x134>
200005ae:	46a0      	mov	r8, r4
200005b0:	0166      	lsls	r6, r4, #5
200005b2:	4b3d      	ldr	r3, [pc, #244]	@ (200006a8 <dcd_rp2040_irq+0x1ec>)
200005b4:	18f6      	adds	r6, r6, r3
200005b6:	7eb3      	ldrb	r3, [r6, #26]
200005b8:	2b00      	cmp	r3, #0
200005ba:	d0ee      	beq.n	2000059a <dcd_rp2040_irq+0xde>
200005bc:	2c00      	cmp	r4, #0
200005be:	d0df      	beq.n	20000580 <dcd_rp2040_irq+0xc4>
200005c0:	2301      	movs	r3, #1
200005c2:	4699      	mov	r9, r3
200005c4:	f000 fb24 	bl	20000c10 <__rp2040_chip_version_veneer>
200005c8:	2801      	cmp	r0, #1
200005ca:	d8dc      	bhi.n	20000586 <dcd_rp2040_irq+0xca>
200005cc:	22c0      	movs	r2, #192	@ 0xc0
200005ce:	0192      	lsls	r2, r2, #6
200005d0:	2100      	movs	r1, #0
200005d2:	0030      	movs	r0, r6
200005d4:	f000 f92e 	bl	20000834 <_hw_endpoint_buffer_control_update32>
200005d8:	0030      	movs	r0, r6
200005da:	f000 f925 	bl	20000828 <hw_endpoint_reset_transfer>
200005de:	f000 fb17 	bl	20000c10 <__rp2040_chip_version_veneer>
200005e2:	2801      	cmp	r0, #1
200005e4:	d9d9      	bls.n	2000059a <dcd_rp2040_irq+0xde>
200005e6:	4b32      	ldr	r3, [pc, #200]	@ (200006b0 <dcd_rp2040_irq+0x1f4>)
200005e8:	464a      	mov	r2, r9
200005ea:	665a      	str	r2, [r3, #100]	@ 0x64
200005ec:	661a      	str	r2, [r3, #96]	@ 0x60
200005ee:	e7d4      	b.n	2000059a <dcd_rp2040_irq+0xde>
200005f0:	a801      	add	r0, sp, #4
200005f2:	2300      	movs	r3, #0
200005f4:	7003      	strb	r3, [r0, #0]
200005f6:	3306      	adds	r3, #6
200005f8:	7043      	strb	r3, [r0, #1]
200005fa:	4a2f      	ldr	r2, [pc, #188]	@ (200006b8 <dcd_rp2040_irq+0x1fc>)
200005fc:	ab02      	add	r3, sp, #8
200005fe:	ca12      	ldmia	r2!, {r1, r4}
20000600:	c312      	stmia	r3!, {r1, r4}
20000602:	2101      	movs	r1, #1
20000604:	f000 f99a 	bl	2000093c <dcd_event_handler>
20000608:	4b29      	ldr	r3, [pc, #164]	@ (200006b0 <dcd_rp2040_irq+0x1f4>)
2000060a:	2280      	movs	r2, #128	@ 0x80
2000060c:	0292      	lsls	r2, r2, #10
2000060e:	651a      	str	r2, [r3, #80]	@ 0x50
20000610:	04eb      	lsls	r3, r5, #19
20000612:	d40a      	bmi.n	2000062a <dcd_rp2040_irq+0x16e>
20000614:	046b      	lsls	r3, r5, #17
20000616:	d41d      	bmi.n	20000654 <dcd_rp2040_irq+0x198>
20000618:	042b      	lsls	r3, r5, #16
2000061a:	d42a      	bmi.n	20000672 <dcd_rp2040_irq+0x1b6>
2000061c:	42af      	cmp	r7, r5
2000061e:	d138      	bne.n	20000692 <dcd_rp2040_irq+0x1d6>
20000620:	b005      	add	sp, #20
20000622:	bcc0      	pop	{r6, r7}
20000624:	46b9      	mov	r9, r7
20000626:	46b0      	mov	r8, r6
20000628:	bdf0      	pop	{r4, r5, r6, r7, pc}
2000062a:	2380      	movs	r3, #128	@ 0x80
2000062c:	015b      	lsls	r3, r3, #5
2000062e:	431f      	orrs	r7, r3
20000630:	2400      	movs	r4, #0
20000632:	4b1a      	ldr	r3, [pc, #104]	@ (2000069c <dcd_rp2040_irq+0x1e0>)
20000634:	601c      	str	r4, [r3, #0]
20000636:	f7ff fed3 	bl	200003e0 <reset_non_control_endpoints>
2000063a:	a801      	add	r0, sp, #4
2000063c:	7004      	strb	r4, [r0, #0]
2000063e:	2301      	movs	r3, #1
20000640:	7043      	strb	r3, [r0, #1]
20000642:	7104      	strb	r4, [r0, #4]
20000644:	2101      	movs	r1, #1
20000646:	f000 f979 	bl	2000093c <dcd_event_handler>
2000064a:	4b19      	ldr	r3, [pc, #100]	@ (200006b0 <dcd_rp2040_irq+0x1f4>)
2000064c:	2280      	movs	r2, #128	@ 0x80
2000064e:	0312      	lsls	r2, r2, #12
20000650:	651a      	str	r2, [r3, #80]	@ 0x50
20000652:	e7df      	b.n	20000614 <dcd_rp2040_irq+0x158>
20000654:	2380      	movs	r3, #128	@ 0x80
20000656:	01db      	lsls	r3, r3, #7
20000658:	431f      	orrs	r7, r3
2000065a:	a801      	add	r0, sp, #4
2000065c:	2300      	movs	r3, #0
2000065e:	7003      	strb	r3, [r0, #0]
20000660:	3304      	adds	r3, #4
20000662:	7043      	strb	r3, [r0, #1]
20000664:	2101      	movs	r1, #1
20000666:	f000 f969 	bl	2000093c <dcd_event_handler>
2000066a:	4b11      	ldr	r3, [pc, #68]	@ (200006b0 <dcd_rp2040_irq+0x1f4>)
2000066c:	2210      	movs	r2, #16
2000066e:	651a      	str	r2, [r3, #80]	@ 0x50
20000670:	e7d2      	b.n	20000618 <dcd_rp2040_irq+0x15c>
20000672:	2380      	movs	r3, #128	@ 0x80
20000674:	021b      	lsls	r3, r3, #8
20000676:	431f      	orrs	r7, r3
20000678:	a801      	add	r0, sp, #4
2000067a:	2300      	movs	r3, #0
2000067c:	7003      	strb	r3, [r0, #0]
2000067e:	3305      	adds	r3, #5
20000680:	7043      	strb	r3, [r0, #1]
20000682:	2101      	movs	r1, #1
20000684:	f000 f95a 	bl	2000093c <dcd_event_handler>
20000688:	4b09      	ldr	r3, [pc, #36]	@ (200006b0 <dcd_rp2040_irq+0x1f4>)
2000068a:	2280      	movs	r2, #128	@ 0x80
2000068c:	0112      	lsls	r2, r2, #4
2000068e:	651a      	str	r2, [r3, #80]	@ 0x50
20000690:	e7c4      	b.n	2000061c <dcd_rp2040_irq+0x160>
20000692:	0039      	movs	r1, r7
20000694:	4069      	eors	r1, r5
20000696:	4809      	ldr	r0, [pc, #36]	@ (200006bc <dcd_rp2040_irq+0x200>)
20000698:	f000 fa92 	bl	20000bc0 <__panic_veneer>
2000069c:	50110000 	.word	0x50110000
200006a0:	40054000 	.word	0x40054000
200006a4:	20001734 	.word	0x20001734
200006a8:	2000173c 	.word	0x2000173c
200006ac:	20001e02 	.word	0x20001e02
200006b0:	50113000 	.word	0x50113000
200006b4:	50112000 	.word	0x50112000
200006b8:	50100000 	.word	0x50100000
200006bc:	10007a84 	.word	0x10007a84

200006c0 <prepare_ep_buffer>:
200006c0:	b5f8      	push	{r3, r4, r5, r6, r7, lr}
200006c2:	0004      	movs	r4, r0
200006c4:	000f      	movs	r7, r1
200006c6:	8a83      	ldrh	r3, [r0, #20]
200006c8:	8b02      	ldrh	r2, [r0, #24]
200006ca:	1c1e      	adds	r6, r3, #0
200006cc:	4293      	cmp	r3, r2
200006ce:	d900      	bls.n	200006d2 <prepare_ep_buffer+0x12>
200006d0:	1c16      	adds	r6, r2, #0
200006d2:	b2b6      	uxth	r6, r6
200006d4:	1b9b      	subs	r3, r3, r6
200006d6:	82a3      	strh	r3, [r4, #20]
200006d8:	2280      	movs	r2, #128	@ 0x80
200006da:	00d2      	lsls	r2, r2, #3
200006dc:	4332      	orrs	r2, r6
200006de:	78e3      	ldrb	r3, [r4, #3]
200006e0:	2b00      	cmp	r3, #0
200006e2:	d013      	beq.n	2000070c <prepare_ep_buffer+0x4c>
200006e4:	2580      	movs	r5, #128	@ 0x80
200006e6:	01ad      	lsls	r5, r5, #6
200006e8:	4315      	orrs	r5, r2
200006ea:	2201      	movs	r2, #1
200006ec:	4053      	eors	r3, r2
200006ee:	70e3      	strb	r3, [r4, #3]
200006f0:	7863      	ldrb	r3, [r4, #1]
200006f2:	2b00      	cmp	r3, #0
200006f4:	d00c      	beq.n	20000710 <prepare_ep_buffer+0x50>
200006f6:	8aa3      	ldrh	r3, [r4, #20]
200006f8:	2b00      	cmp	r3, #0
200006fa:	d102      	bne.n	20000702 <prepare_ep_buffer+0x42>
200006fc:	2380      	movs	r3, #128	@ 0x80
200006fe:	01db      	lsls	r3, r3, #7
20000700:	431d      	orrs	r5, r3
20000702:	2f00      	cmp	r7, #0
20000704:	d000      	beq.n	20000708 <prepare_ep_buffer+0x48>
20000706:	042d      	lsls	r5, r5, #16
20000708:	0028      	movs	r0, r5
2000070a:	bdf8      	pop	{r3, r4, r5, r6, r7, pc}
2000070c:	2500      	movs	r5, #0
2000070e:	e7eb      	b.n	200006e8 <prepare_ep_buffer+0x28>
20000710:	68e0      	ldr	r0, [r4, #12]
20000712:	01bb      	lsls	r3, r7, #6
20000714:	18c0      	adds	r0, r0, r3
20000716:	6921      	ldr	r1, [r4, #16]
20000718:	0032      	movs	r2, r6
2000071a:	f000 fa81 	bl	20000c20 <__unaligned_memcpy_veneer>
2000071e:	6923      	ldr	r3, [r4, #16]
20000720:	199b      	adds	r3, r3, r6
20000722:	6123      	str	r3, [r4, #16]
20000724:	2380      	movs	r3, #128	@ 0x80
20000726:	021b      	lsls	r3, r3, #8
20000728:	431d      	orrs	r5, r3
2000072a:	e7e4      	b.n	200006f6 <prepare_ep_buffer+0x36>

2000072c <e15_is_bulkin_ep>:
2000072c:	4b09      	ldr	r3, [pc, #36]	@ (20000754 <e15_is_bulkin_ep+0x28>)
2000072e:	6c1b      	ldr	r3, [r3, #64]	@ 0x40
20000730:	079b      	lsls	r3, r3, #30
20000732:	d40c      	bmi.n	2000074e <e15_is_bulkin_ep+0x22>
20000734:	7883      	ldrb	r3, [r0, #2]
20000736:	09db      	lsrs	r3, r3, #7
20000738:	2b01      	cmp	r3, #1
2000073a:	d001      	beq.n	20000740 <e15_is_bulkin_ep+0x14>
2000073c:	2000      	movs	r0, #0
2000073e:	e007      	b.n	20000750 <e15_is_bulkin_ep+0x24>
20000740:	7ec3      	ldrb	r3, [r0, #27]
20000742:	2b02      	cmp	r3, #2
20000744:	d001      	beq.n	2000074a <e15_is_bulkin_ep+0x1e>
20000746:	2000      	movs	r0, #0
20000748:	e002      	b.n	20000750 <e15_is_bulkin_ep+0x24>
2000074a:	2001      	movs	r0, #1
2000074c:	e000      	b.n	20000750 <e15_is_bulkin_ep+0x24>
2000074e:	2000      	movs	r0, #0
20000750:	4770      	bx	lr
20000752:	46c0      	nop			@ (mov r8, r8)
20000754:	50110000 	.word	0x50110000

20000758 <e15_is_critical_frame_period>:
20000758:	b510      	push	{r4, lr}
2000075a:	f7ff ffe7 	bl	2000072c <e15_is_bulkin_ep>
2000075e:	2800      	cmp	r0, #0
20000760:	d009      	beq.n	20000776 <e15_is_critical_frame_period+0x1e>
20000762:	4b06      	ldr	r3, [pc, #24]	@ (2000077c <e15_is_critical_frame_period+0x24>)
20000764:	6a9b      	ldr	r3, [r3, #40]	@ 0x28
20000766:	4a06      	ldr	r2, [pc, #24]	@ (20000780 <e15_is_critical_frame_period+0x28>)
20000768:	6812      	ldr	r2, [r2, #0]
2000076a:	1a9b      	subs	r3, r3, r2
2000076c:	4a05      	ldr	r2, [pc, #20]	@ (20000784 <e15_is_critical_frame_period+0x2c>)
2000076e:	4694      	mov	ip, r2
20000770:	4463      	add	r3, ip
20000772:	2bc6      	cmp	r3, #198	@ 0xc6
20000774:	d800      	bhi.n	20000778 <e15_is_critical_frame_period+0x20>
20000776:	bd10      	pop	{r4, pc}
20000778:	2000      	movs	r0, #0
2000077a:	e7fc      	b.n	20000776 <e15_is_critical_frame_period+0x1e>
2000077c:	40054000 	.word	0x40054000
20000780:	20001734 	.word	0x20001734
20000784:	fffffce0 	.word	0xfffffce0

20000788 <sync_ep_buffer>:
20000788:	b570      	push	{r4, r5, r6, lr}
2000078a:	0004      	movs	r4, r0
2000078c:	6883      	ldr	r3, [r0, #8]
2000078e:	681b      	ldr	r3, [r3, #0]
20000790:	2900      	cmp	r1, #0
20000792:	d000      	beq.n	20000796 <sync_ep_buffer+0xe>
20000794:	0c1b      	lsrs	r3, r3, #16
20000796:	059d      	lsls	r5, r3, #22
20000798:	0dad      	lsrs	r5, r5, #22
2000079a:	7862      	ldrb	r2, [r4, #1]
2000079c:	2a00      	cmp	r2, #0
2000079e:	d111      	bne.n	200007c4 <sync_ep_buffer+0x3c>
200007a0:	041b      	lsls	r3, r3, #16
200007a2:	d409      	bmi.n	200007b8 <sync_ep_buffer+0x30>
200007a4:	8ae3      	ldrh	r3, [r4, #22]
200007a6:	195b      	adds	r3, r3, r5
200007a8:	82e3      	strh	r3, [r4, #22]
200007aa:	8b23      	ldrh	r3, [r4, #24]
200007ac:	42ab      	cmp	r3, r5
200007ae:	d901      	bls.n	200007b4 <sync_ep_buffer+0x2c>
200007b0:	2300      	movs	r3, #0
200007b2:	82a3      	strh	r3, [r4, #20]
200007b4:	0028      	movs	r0, r5
200007b6:	bd70      	pop	{r4, r5, r6, pc}
200007b8:	4b0d      	ldr	r3, [pc, #52]	@ (200007f0 <sync_ep_buffer+0x68>)
200007ba:	4a0e      	ldr	r2, [pc, #56]	@ (200007f4 <sync_ep_buffer+0x6c>)
200007bc:	480e      	ldr	r0, [pc, #56]	@ (200007f8 <sync_ep_buffer+0x70>)
200007be:	21e8      	movs	r1, #232	@ 0xe8
200007c0:	f000 fa1e 	bl	20000c00 <____assert_func_veneer>
200007c4:	041b      	lsls	r3, r3, #16
200007c6:	d50d      	bpl.n	200007e4 <sync_ep_buffer+0x5c>
200007c8:	6920      	ldr	r0, [r4, #16]
200007ca:	68e3      	ldr	r3, [r4, #12]
200007cc:	0189      	lsls	r1, r1, #6
200007ce:	1859      	adds	r1, r3, r1
200007d0:	002a      	movs	r2, r5
200007d2:	f000 fa25 	bl	20000c20 <__unaligned_memcpy_veneer>
200007d6:	8ae3      	ldrh	r3, [r4, #22]
200007d8:	195b      	adds	r3, r3, r5
200007da:	82e3      	strh	r3, [r4, #22]
200007dc:	6923      	ldr	r3, [r4, #16]
200007de:	195b      	adds	r3, r3, r5
200007e0:	6123      	str	r3, [r4, #16]
200007e2:	e7e2      	b.n	200007aa <sync_ep_buffer+0x22>
200007e4:	4b05      	ldr	r3, [pc, #20]	@ (200007fc <sync_ep_buffer+0x74>)
200007e6:	4a03      	ldr	r2, [pc, #12]	@ (200007f4 <sync_ep_buffer+0x6c>)
200007e8:	4803      	ldr	r0, [pc, #12]	@ (200007f8 <sync_ep_buffer+0x70>)
200007ea:	21ee      	movs	r1, #238	@ 0xee
200007ec:	f000 fa08 	bl	20000c00 <____assert_func_veneer>
200007f0:	10007aa4 	.word	0x10007aa4
200007f4:	1000814c 	.word	0x1000814c
200007f8:	10007ac4 	.word	0x10007ac4
200007fc:	10007b20 	.word	0x10007b20

20000800 <_hw_endpoint_xfer_sync>:
20000800:	b510      	push	{r4, lr}
20000802:	0004      	movs	r4, r0
20000804:	6883      	ldr	r3, [r0, #8]
20000806:	681b      	ldr	r3, [r3, #0]
20000808:	2100      	movs	r1, #0
2000080a:	f7ff ffbd 	bl	20000788 <sync_ep_buffer>
2000080e:	6863      	ldr	r3, [r4, #4]
20000810:	681b      	ldr	r3, [r3, #0]
20000812:	005b      	lsls	r3, r3, #1
20000814:	d502      	bpl.n	2000081c <_hw_endpoint_xfer_sync+0x1c>
20000816:	8b23      	ldrh	r3, [r4, #24]
20000818:	4283      	cmp	r3, r0
2000081a:	d000      	beq.n	2000081e <_hw_endpoint_xfer_sync+0x1e>
2000081c:	bd10      	pop	{r4, pc}
2000081e:	2101      	movs	r1, #1
20000820:	0020      	movs	r0, r4
20000822:	f7ff ffb1 	bl	20000788 <sync_ep_buffer>
20000826:	e7f9      	b.n	2000081c <_hw_endpoint_xfer_sync+0x1c>

20000828 <hw_endpoint_reset_transfer>:
20000828:	2300      	movs	r3, #0
2000082a:	7683      	strb	r3, [r0, #26]
2000082c:	8283      	strh	r3, [r0, #20]
2000082e:	82c3      	strh	r3, [r0, #22]
20000830:	6103      	str	r3, [r0, #16]
20000832:	4770      	bx	lr

20000834 <_hw_endpoint_buffer_control_update32>:
20000834:	b510      	push	{r4, lr}
20000836:	2900      	cmp	r1, #0
20000838:	d002      	beq.n	20000840 <_hw_endpoint_buffer_control_update32+0xc>
2000083a:	6883      	ldr	r3, [r0, #8]
2000083c:	681b      	ldr	r3, [r3, #0]
2000083e:	4019      	ands	r1, r3
20000840:	2a00      	cmp	r2, #0
20000842:	d010      	beq.n	20000866 <_hw_endpoint_buffer_control_update32+0x32>
20000844:	4311      	orrs	r1, r2
20000846:	0552      	lsls	r2, r2, #21
20000848:	d50d      	bpl.n	20000866 <_hw_endpoint_buffer_control_update32+0x32>
2000084a:	6882      	ldr	r2, [r0, #8]
2000084c:	6813      	ldr	r3, [r2, #0]
2000084e:	055b      	lsls	r3, r3, #21
20000850:	d40c      	bmi.n	2000086c <_hw_endpoint_buffer_control_update32+0x38>
20000852:	4b08      	ldr	r3, [pc, #32]	@ (20000874 <_hw_endpoint_buffer_control_update32+0x40>)
20000854:	400b      	ands	r3, r1
20000856:	6013      	str	r3, [r2, #0]
20000858:	4b07      	ldr	r3, [pc, #28]	@ (20000878 <_hw_endpoint_buffer_control_update32+0x44>)
2000085a:	6c1b      	ldr	r3, [r3, #64]	@ 0x40
2000085c:	079b      	lsls	r3, r3, #30
2000085e:	d402      	bmi.n	20000866 <_hw_endpoint_buffer_control_update32+0x32>
20000860:	230c      	movs	r3, #12
20000862:	3b03      	subs	r3, #3
20000864:	d2fd      	bcs.n	20000862 <_hw_endpoint_buffer_control_update32+0x2e>
20000866:	6883      	ldr	r3, [r0, #8]
20000868:	6019      	str	r1, [r3, #0]
2000086a:	bd10      	pop	{r4, pc}
2000086c:	7881      	ldrb	r1, [r0, #2]
2000086e:	4803      	ldr	r0, [pc, #12]	@ (2000087c <_hw_endpoint_buffer_control_update32+0x48>)
20000870:	f000 f9a6 	bl	20000bc0 <__panic_veneer>
20000874:	fffffbff 	.word	0xfffffbff
20000878:	50110000 	.word	0x50110000
2000087c:	10007b40 	.word	0x10007b40

20000880 <hw_endpoint_start_next_buffer>:
20000880:	b570      	push	{r4, r5, r6, lr}
20000882:	0004      	movs	r4, r0
20000884:	6843      	ldr	r3, [r0, #4]
20000886:	681e      	ldr	r6, [r3, #0]
20000888:	2100      	movs	r1, #0
2000088a:	f7ff ff19 	bl	200006c0 <prepare_ep_buffer>
2000088e:	2580      	movs	r5, #128	@ 0x80
20000890:	016d      	lsls	r5, r5, #5
20000892:	4305      	orrs	r5, r0
20000894:	4b16      	ldr	r3, [pc, #88]	@ (200008f0 <hw_endpoint_start_next_buffer+0x70>)
20000896:	6c1b      	ldr	r3, [r3, #64]	@ 0x40
20000898:	079b      	lsls	r3, r3, #30
2000089a:	d515      	bpl.n	200008c8 <hw_endpoint_start_next_buffer+0x48>
2000089c:	78a3      	ldrb	r3, [r4, #2]
2000089e:	065b      	lsls	r3, r3, #25
200008a0:	d117      	bne.n	200008d2 <hw_endpoint_start_next_buffer+0x52>
200008a2:	2300      	movs	r3, #0
200008a4:	8aa2      	ldrh	r2, [r4, #20]
200008a6:	2a00      	cmp	r2, #0
200008a8:	d001      	beq.n	200008ae <hw_endpoint_start_next_buffer+0x2e>
200008aa:	2b00      	cmp	r3, #0
200008ac:	d015      	beq.n	200008da <hw_endpoint_start_next_buffer+0x5a>
200008ae:	4b11      	ldr	r3, [pc, #68]	@ (200008f4 <hw_endpoint_start_next_buffer+0x74>)
200008b0:	401e      	ands	r6, r3
200008b2:	2380      	movs	r3, #128	@ 0x80
200008b4:	059b      	lsls	r3, r3, #22
200008b6:	4333      	orrs	r3, r6
200008b8:	6862      	ldr	r2, [r4, #4]
200008ba:	6013      	str	r3, [r2, #0]
200008bc:	002a      	movs	r2, r5
200008be:	2100      	movs	r1, #0
200008c0:	0020      	movs	r0, r4
200008c2:	f7ff ffb7 	bl	20000834 <_hw_endpoint_buffer_control_update32>
200008c6:	bd70      	pop	{r4, r5, r6, pc}
200008c8:	78a3      	ldrb	r3, [r4, #2]
200008ca:	09db      	lsrs	r3, r3, #7
200008cc:	d103      	bne.n	200008d6 <hw_endpoint_start_next_buffer+0x56>
200008ce:	3301      	adds	r3, #1
200008d0:	e7e8      	b.n	200008a4 <hw_endpoint_start_next_buffer+0x24>
200008d2:	2301      	movs	r3, #1
200008d4:	e7e6      	b.n	200008a4 <hw_endpoint_start_next_buffer+0x24>
200008d6:	2300      	movs	r3, #0
200008d8:	e7e4      	b.n	200008a4 <hw_endpoint_start_next_buffer+0x24>
200008da:	2101      	movs	r1, #1
200008dc:	0020      	movs	r0, r4
200008de:	f7ff feef 	bl	200006c0 <prepare_ep_buffer>
200008e2:	4305      	orrs	r5, r0
200008e4:	4a04      	ldr	r2, [pc, #16]	@ (200008f8 <hw_endpoint_start_next_buffer+0x78>)
200008e6:	4032      	ands	r2, r6
200008e8:	23a0      	movs	r3, #160	@ 0xa0
200008ea:	05db      	lsls	r3, r3, #23
200008ec:	4313      	orrs	r3, r2
200008ee:	e7e3      	b.n	200008b8 <hw_endpoint_start_next_buffer+0x38>
200008f0:	50110000 	.word	0x50110000
200008f4:	afffffff 	.word	0xafffffff
200008f8:	dfffffff 	.word	0xdfffffff

200008fc <hw_endpoint_xfer_continue>:
200008fc:	b570      	push	{r4, r5, r6, lr}
200008fe:	0004      	movs	r4, r0
20000900:	7e85      	ldrb	r5, [r0, #26]
20000902:	2d00      	cmp	r5, #0
20000904:	d006      	beq.n	20000914 <hw_endpoint_xfer_continue+0x18>
20000906:	f7ff ff7b 	bl	20000800 <_hw_endpoint_xfer_sync>
2000090a:	8aa3      	ldrh	r3, [r4, #20]
2000090c:	2b00      	cmp	r3, #0
2000090e:	d105      	bne.n	2000091c <hw_endpoint_xfer_continue+0x20>
20000910:	0028      	movs	r0, r5
20000912:	bd70      	pop	{r4, r5, r6, pc}
20000914:	7881      	ldrb	r1, [r0, #2]
20000916:	4808      	ldr	r0, [pc, #32]	@ (20000938 <hw_endpoint_xfer_continue+0x3c>)
20000918:	f000 f952 	bl	20000bc0 <__panic_veneer>
2000091c:	0020      	movs	r0, r4
2000091e:	f7ff ff1b 	bl	20000758 <e15_is_critical_frame_period>
20000922:	1e05      	subs	r5, r0, #0
20000924:	d003      	beq.n	2000092e <hw_endpoint_xfer_continue+0x32>
20000926:	2301      	movs	r3, #1
20000928:	7723      	strb	r3, [r4, #28]
2000092a:	2500      	movs	r5, #0
2000092c:	e7f0      	b.n	20000910 <hw_endpoint_xfer_continue+0x14>
2000092e:	0020      	movs	r0, r4
20000930:	f7ff ffa6 	bl	20000880 <hw_endpoint_start_next_buffer>
20000934:	e7ec      	b.n	20000910 <hw_endpoint_xfer_continue+0x14>
20000936:	46c0      	nop			@ (mov r8, r8)
20000938:	10007b60 	.word	0x10007b60

2000093c <dcd_event_handler>:
2000093c:	b570      	push	{r4, r5, r6, lr}
2000093e:	b084      	sub	sp, #16
20000940:	0006      	movs	r6, r0
20000942:	000d      	movs	r5, r1
20000944:	7843      	ldrb	r3, [r0, #1]
20000946:	2b06      	cmp	r3, #6
20000948:	d812      	bhi.n	20000970 <dcd_event_handler+0x34>
2000094a:	009b      	lsls	r3, r3, #2
2000094c:	4a72      	ldr	r2, [pc, #456]	@ (20000b18 <dcd_event_handler+0x1dc>)
2000094e:	58d3      	ldr	r3, [r2, r3]
20000950:	469f      	mov	pc, r3
20000952:	4b72      	ldr	r3, [pc, #456]	@ (20000b1c <dcd_event_handler+0x1e0>)
20000954:	781a      	ldrb	r2, [r3, #0]
20000956:	2101      	movs	r1, #1
20000958:	438a      	bics	r2, r1
2000095a:	701a      	strb	r2, [r3, #0]
2000095c:	781a      	ldrb	r2, [r3, #0]
2000095e:	3101      	adds	r1, #1
20000960:	438a      	bics	r2, r1
20000962:	701a      	strb	r2, [r3, #0]
20000964:	2200      	movs	r2, #0
20000966:	705a      	strb	r2, [r3, #1]
20000968:	781a      	ldrb	r2, [r3, #0]
2000096a:	3102      	adds	r1, #2
2000096c:	438a      	bics	r2, r1
2000096e:	701a      	strb	r2, [r3, #0]
20000970:	4b6b      	ldr	r3, [pc, #428]	@ (20000b20 <dcd_event_handler+0x1e4>)
20000972:	681c      	ldr	r4, [r3, #0]
20000974:	6962      	ldr	r2, [r4, #20]
20000976:	f3ef 8110 	mrs	r1, PRIMASK
2000097a:	b672      	cpsid	i
2000097c:	6813      	ldr	r3, [r2, #0]
2000097e:	2b00      	cmp	r3, #0
20000980:	d0fc      	beq.n	2000097c <dcd_event_handler+0x40>
20000982:	f3bf 8f5f 	dmb	sy
20000986:	61a1      	str	r1, [r4, #24]
20000988:	0031      	movs	r1, r6
2000098a:	0020      	movs	r0, r4
2000098c:	f000 f908 	bl	20000ba0 <__tu_fifo_write_veneer>
20000990:	6962      	ldr	r2, [r4, #20]
20000992:	69a3      	ldr	r3, [r4, #24]
20000994:	f3bf 8f5f 	dmb	sy
20000998:	2100      	movs	r1, #0
2000099a:	6011      	str	r1, [r2, #0]
2000099c:	f383 8810 	msr	PRIMASK, r3
200009a0:	2800      	cmp	r0, #0
200009a2:	d100      	bne.n	200009a6 <dcd_event_handler+0x6a>
200009a4:	e0b0      	b.n	20000b08 <dcd_event_handler+0x1cc>
200009a6:	7830      	ldrb	r0, [r6, #0]
200009a8:	7871      	ldrb	r1, [r6, #1]
200009aa:	002a      	movs	r2, r5
200009ac:	f000 f918 	bl	20000be0 <__tud_event_hook_cb_veneer>
200009b0:	b004      	add	sp, #16
200009b2:	bd70      	pop	{r4, r5, r6, pc}
200009b4:	4b59      	ldr	r3, [pc, #356]	@ (20000b1c <dcd_event_handler+0x1e0>)
200009b6:	781b      	ldrb	r3, [r3, #0]
200009b8:	07db      	lsls	r3, r3, #31
200009ba:	d5f9      	bpl.n	200009b0 <dcd_event_handler+0x74>
200009bc:	4a57      	ldr	r2, [pc, #348]	@ (20000b1c <dcd_event_handler+0x1e0>)
200009be:	7813      	ldrb	r3, [r2, #0]
200009c0:	2104      	movs	r1, #4
200009c2:	430b      	orrs	r3, r1
200009c4:	7013      	strb	r3, [r2, #0]
200009c6:	e7d3      	b.n	20000970 <dcd_event_handler+0x34>
200009c8:	4b54      	ldr	r3, [pc, #336]	@ (20000b1c <dcd_event_handler+0x1e0>)
200009ca:	781b      	ldrb	r3, [r3, #0]
200009cc:	07db      	lsls	r3, r3, #31
200009ce:	d5ef      	bpl.n	200009b0 <dcd_event_handler+0x74>
200009d0:	4a52      	ldr	r2, [pc, #328]	@ (20000b1c <dcd_event_handler+0x1e0>)
200009d2:	7813      	ldrb	r3, [r2, #0]
200009d4:	2104      	movs	r1, #4
200009d6:	438b      	bics	r3, r1
200009d8:	7013      	strb	r3, [r2, #0]
200009da:	e7c9      	b.n	20000970 <dcd_event_handler+0x34>
200009dc:	1a9b      	subs	r3, r3, r2
200009de:	015b      	lsls	r3, r3, #5
200009e0:	4a50      	ldr	r2, [pc, #320]	@ (20000b24 <dcd_event_handler+0x1e8>)
200009e2:	189b      	adds	r3, r3, r2
200009e4:	69db      	ldr	r3, [r3, #28]
200009e6:	2b00      	cmp	r3, #0
200009e8:	d002      	beq.n	200009f0 <dcd_event_handler+0xb4>
200009ea:	7830      	ldrb	r0, [r6, #0]
200009ec:	6871      	ldr	r1, [r6, #4]
200009ee:	4798      	blx	r3
200009f0:	3401      	adds	r4, #1
200009f2:	b2e4      	uxtb	r4, r4
200009f4:	4b4c      	ldr	r3, [pc, #304]	@ (20000b28 <dcd_event_handler+0x1ec>)
200009f6:	781a      	ldrb	r2, [r3, #0]
200009f8:	0023      	movs	r3, r4
200009fa:	1c51      	adds	r1, r2, #1
200009fc:	42a1      	cmp	r1, r4
200009fe:	db0a      	blt.n	20000a16 <dcd_event_handler+0xda>
20000a00:	42a2      	cmp	r2, r4
20000a02:	d9eb      	bls.n	200009dc <dcd_event_handler+0xa0>
20000a04:	4b49      	ldr	r3, [pc, #292]	@ (20000b2c <dcd_event_handler+0x1f0>)
20000a06:	681b      	ldr	r3, [r3, #0]
20000a08:	0162      	lsls	r2, r4, #5
20000a0a:	189b      	adds	r3, r3, r2
20000a0c:	2b00      	cmp	r3, #0
20000a0e:	d1e9      	bne.n	200009e4 <dcd_event_handler+0xa8>
20000a10:	e7ee      	b.n	200009f0 <dcd_event_handler+0xb4>
20000a12:	2400      	movs	r4, #0
20000a14:	e7ee      	b.n	200009f4 <dcd_event_handler+0xb8>
20000a16:	4b41      	ldr	r3, [pc, #260]	@ (20000b1c <dcd_event_handler+0x1e0>)
20000a18:	781b      	ldrb	r3, [r3, #0]
20000a1a:	075b      	lsls	r3, r3, #29
20000a1c:	d52e      	bpl.n	20000a7c <dcd_event_handler+0x140>
20000a1e:	4a3f      	ldr	r2, [pc, #252]	@ (20000b1c <dcd_event_handler+0x1e0>)
20000a20:	7813      	ldrb	r3, [r2, #0]
20000a22:	2104      	movs	r1, #4
20000a24:	438b      	bics	r3, r1
20000a26:	7013      	strb	r3, [r2, #0]
20000a28:	ac01      	add	r4, sp, #4
20000a2a:	220c      	movs	r2, #12
20000a2c:	2100      	movs	r1, #0
20000a2e:	0020      	movs	r0, r4
20000a30:	f000 f8de 	bl	20000bf0 <____wrap_memset_veneer>
20000a34:	7833      	ldrb	r3, [r6, #0]
20000a36:	7023      	strb	r3, [r4, #0]
20000a38:	2305      	movs	r3, #5
20000a3a:	7063      	strb	r3, [r4, #1]
20000a3c:	4b38      	ldr	r3, [pc, #224]	@ (20000b20 <dcd_event_handler+0x1e4>)
20000a3e:	681c      	ldr	r4, [r3, #0]
20000a40:	6962      	ldr	r2, [r4, #20]
20000a42:	f3ef 8110 	mrs	r1, PRIMASK
20000a46:	b672      	cpsid	i
20000a48:	6813      	ldr	r3, [r2, #0]
20000a4a:	2b00      	cmp	r3, #0
20000a4c:	d0fc      	beq.n	20000a48 <dcd_event_handler+0x10c>
20000a4e:	f3bf 8f5f 	dmb	sy
20000a52:	61a1      	str	r1, [r4, #24]
20000a54:	a901      	add	r1, sp, #4
20000a56:	0020      	movs	r0, r4
20000a58:	f000 f8a2 	bl	20000ba0 <__tu_fifo_write_veneer>
20000a5c:	6962      	ldr	r2, [r4, #20]
20000a5e:	69a3      	ldr	r3, [r4, #24]
20000a60:	f3bf 8f5f 	dmb	sy
20000a64:	2100      	movs	r1, #0
20000a66:	6011      	str	r1, [r2, #0]
20000a68:	f383 8810 	msr	PRIMASK, r3
20000a6c:	2800      	cmp	r0, #0
20000a6e:	d037      	beq.n	20000ae0 <dcd_event_handler+0x1a4>
20000a70:	ab01      	add	r3, sp, #4
20000a72:	7818      	ldrb	r0, [r3, #0]
20000a74:	7859      	ldrb	r1, [r3, #1]
20000a76:	002a      	movs	r2, r5
20000a78:	f000 f8b2 	bl	20000be0 <__tud_event_hook_cb_veneer>
20000a7c:	4b27      	ldr	r3, [pc, #156]	@ (20000b1c <dcd_event_handler+0x1e0>)
20000a7e:	78db      	ldrb	r3, [r3, #3]
20000a80:	07db      	lsls	r3, r3, #31
20000a82:	d400      	bmi.n	20000a86 <dcd_event_handler+0x14a>
20000a84:	e794      	b.n	200009b0 <dcd_event_handler+0x74>
20000a86:	ac01      	add	r4, sp, #4
20000a88:	220c      	movs	r2, #12
20000a8a:	2100      	movs	r1, #0
20000a8c:	0020      	movs	r0, r4
20000a8e:	f000 f8af 	bl	20000bf0 <____wrap_memset_veneer>
20000a92:	7833      	ldrb	r3, [r6, #0]
20000a94:	7023      	strb	r3, [r4, #0]
20000a96:	2303      	movs	r3, #3
20000a98:	7063      	strb	r3, [r4, #1]
20000a9a:	6873      	ldr	r3, [r6, #4]
20000a9c:	9302      	str	r3, [sp, #8]
20000a9e:	4b20      	ldr	r3, [pc, #128]	@ (20000b20 <dcd_event_handler+0x1e4>)
20000aa0:	681c      	ldr	r4, [r3, #0]
20000aa2:	6962      	ldr	r2, [r4, #20]
20000aa4:	f3ef 8110 	mrs	r1, PRIMASK
20000aa8:	b672      	cpsid	i
20000aaa:	6813      	ldr	r3, [r2, #0]
20000aac:	2b00      	cmp	r3, #0
20000aae:	d0fc      	beq.n	20000aaa <dcd_event_handler+0x16e>
20000ab0:	f3bf 8f5f 	dmb	sy
20000ab4:	61a1      	str	r1, [r4, #24]
20000ab6:	a901      	add	r1, sp, #4
20000ab8:	0020      	movs	r0, r4
20000aba:	f000 f871 	bl	20000ba0 <__tu_fifo_write_veneer>
20000abe:	6962      	ldr	r2, [r4, #20]
20000ac0:	69a3      	ldr	r3, [r4, #24]
20000ac2:	f3bf 8f5f 	dmb	sy
20000ac6:	2100      	movs	r1, #0
20000ac8:	6011      	str	r1, [r2, #0]
20000aca:	f383 8810 	msr	PRIMASK, r3
20000ace:	2800      	cmp	r0, #0
20000ad0:	d00d      	beq.n	20000aee <dcd_event_handler+0x1b2>
20000ad2:	ab01      	add	r3, sp, #4
20000ad4:	7818      	ldrb	r0, [r3, #0]
20000ad6:	7859      	ldrb	r1, [r3, #1]
20000ad8:	002a      	movs	r2, r5
20000ada:	f000 f881 	bl	20000be0 <__tud_event_hook_cb_veneer>
20000ade:	e767      	b.n	200009b0 <dcd_event_handler+0x74>
20000ae0:	2266      	movs	r2, #102	@ 0x66
20000ae2:	4913      	ldr	r1, [pc, #76]	@ (20000b30 <dcd_event_handler+0x1f4>)
20000ae4:	4813      	ldr	r0, [pc, #76]	@ (20000b34 <dcd_event_handler+0x1f8>)
20000ae6:	32ff      	adds	r2, #255	@ 0xff
20000ae8:	f000 f862 	bl	20000bb0 <____wrap_printf_veneer>
20000aec:	e7c6      	b.n	20000a7c <dcd_event_handler+0x140>
20000aee:	2266      	movs	r2, #102	@ 0x66
20000af0:	490f      	ldr	r1, [pc, #60]	@ (20000b30 <dcd_event_handler+0x1f4>)
20000af2:	4810      	ldr	r0, [pc, #64]	@ (20000b34 <dcd_event_handler+0x1f8>)
20000af4:	32ff      	adds	r2, #255	@ 0xff
20000af6:	f000 f85b 	bl	20000bb0 <____wrap_printf_veneer>
20000afa:	e759      	b.n	200009b0 <dcd_event_handler+0x74>
20000afc:	4a0e      	ldr	r2, [pc, #56]	@ (20000b38 <dcd_event_handler+0x1fc>)
20000afe:	7813      	ldrb	r3, [r2, #0]
20000b00:	3301      	adds	r3, #1
20000b02:	b2db      	uxtb	r3, r3
20000b04:	7013      	strb	r3, [r2, #0]
20000b06:	e733      	b.n	20000970 <dcd_event_handler+0x34>
20000b08:	2266      	movs	r2, #102	@ 0x66
20000b0a:	4909      	ldr	r1, [pc, #36]	@ (20000b30 <dcd_event_handler+0x1f4>)
20000b0c:	4809      	ldr	r0, [pc, #36]	@ (20000b34 <dcd_event_handler+0x1f8>)
20000b0e:	32ff      	adds	r2, #255	@ 0xff
20000b10:	f000 f84e 	bl	20000bb0 <____wrap_printf_veneer>
20000b14:	e74c      	b.n	200009b0 <dcd_event_handler+0x74>
20000b16:	46c0      	nop			@ (mov r8, r8)
20000b18:	1000819c 	.word	0x1000819c
20000b1c:	200011e8 	.word	0x200011e8
20000b20:	20001240 	.word	0x20001240
20000b24:	100082bc 	.word	0x100082bc
20000b28:	20001e01 	.word	0x20001e01
20000b2c:	20001038 	.word	0x20001038
20000b30:	10008238 	.word	0x10008238
20000b34:	10007bc0 	.word	0x10007bc0
20000b38:	20001e03 	.word	0x20001e03

20000b3c <spi_write_blocking>:
20000b3c:	b510      	push	{r4, lr}
20000b3e:	0004      	movs	r4, r0
20000b40:	0010      	movs	r0, r2
20000b42:	2200      	movs	r2, #0
20000b44:	e005      	b.n	20000b52 <spi_write_blocking+0x16>
20000b46:	68e3      	ldr	r3, [r4, #12]
20000b48:	079b      	lsls	r3, r3, #30
20000b4a:	d5fc      	bpl.n	20000b46 <spi_write_blocking+0xa>
20000b4c:	5c8b      	ldrb	r3, [r1, r2]
20000b4e:	60a3      	str	r3, [r4, #8]
20000b50:	3201      	adds	r2, #1
20000b52:	4282      	cmp	r2, r0
20000b54:	d3f7      	bcc.n	20000b46 <spi_write_blocking+0xa>
20000b56:	e000      	b.n	20000b5a <spi_write_blocking+0x1e>
20000b58:	68a3      	ldr	r3, [r4, #8]
20000b5a:	68e3      	ldr	r3, [r4, #12]
20000b5c:	075b      	lsls	r3, r3, #29
20000b5e:	d4fb      	bmi.n	20000b58 <spi_write_blocking+0x1c>
20000b60:	68e3      	ldr	r3, [r4, #12]
20000b62:	06db      	lsls	r3, r3, #27
20000b64:	d4fc      	bmi.n	20000b60 <spi_write_blocking+0x24>
20000b66:	e000      	b.n	20000b6a <spi_write_blocking+0x2e>
20000b68:	68a3      	ldr	r3, [r4, #8]
20000b6a:	68e3      	ldr	r3, [r4, #12]
20000b6c:	075b      	lsls	r3, r3, #29
20000b6e:	d4fb      	bmi.n	20000b68 <spi_write_blocking+0x2c>
20000b70:	2301      	movs	r3, #1
20000b72:	6223      	str	r3, [r4, #32]
20000b74:	bd10      	pop	{r4, pc}
	...

20000b78 <__aeabi_idiv0>:
20000b78:	4770      	bx	lr
20000b7a:	46c0      	nop			@ (mov r8, r8)
20000b7c:	0000      	movs	r0, r0
	...

20000b80 <__time_us_64_veneer>:
20000b80:	b401      	push	{r0}
20000b82:	4802      	ldr	r0, [pc, #8]	@ (20000b8c <__time_us_64_veneer+0xc>)
20000b84:	4684      	mov	ip, r0
20000b86:	bc01      	pop	{r0}
20000b88:	4760      	bx	ip
20000b8a:	bf00      	nop
20000b8c:	10001595 	.word	0x10001595

20000b90 <__best_effort_wfe_or_timeout_veneer>:
20000b90:	b401      	push	{r0}
20000b92:	4802      	ldr	r0, [pc, #8]	@ (20000b9c <__best_effort_wfe_or_timeout_veneer+0xc>)
20000b94:	4684      	mov	ip, r0
20000b96:	bc01      	pop	{r0}
20000b98:	4760      	bx	ip
20000b9a:	bf00      	nop
20000b9c:	100013f9 	.word	0x100013f9

20000ba0 <__tu_fifo_write_veneer>:
20000ba0:	b401      	push	{r0}
20000ba2:	4802      	ldr	r0, [pc, #8]	@ (20000bac <__tu_fifo_write_veneer+0xc>)
20000ba4:	4684      	mov	ip, r0
20000ba6:	bc01      	pop	{r0}
20000ba8:	4760      	bx	ip
20000baa:	bf00      	nop
20000bac:	10006aff 	.word	0x10006aff

20000bb0 <____wrap_printf_veneer>:
20000bb0:	b401      	push	{r0}
20000bb2:	4802      	ldr	r0, [pc, #8]	@ (20000bbc <____wrap_printf_veneer+0xc>)
20000bb4:	4684      	mov	ip, r0
20000bb6:	bc01      	pop	{r0}
20000bb8:	4760      	bx	ip
20000bba:	bf00      	nop
20000bbc:	10003ea1 	.word	0x10003ea1

20000bc0 <__panic_veneer>:
20000bc0:	b401      	push	{r0}
20000bc2:	4802      	ldr	r0, [pc, #8]	@ (20000bcc <__panic_veneer+0xc>)
20000bc4:	4684      	mov	ip, r0
20000bc6:	bc01      	pop	{r0}
20000bc8:	4760      	bx	ip
20000bca:	bf00      	nop
20000bcc:	10000689 	.word	0x10000689

20000bd0 <____wrap___aeabi_lmul_veneer>:
20000bd0:	b401      	push	{r0}
20000bd2:	4802      	ldr	r0, [pc, #8]	@ (20000bdc <____wrap___aeabi_lmul_veneer+0xc>)
20000bd4:	4684      	mov	ip, r0
20000bd6:	bc01      	pop	{r0}
20000bd8:	4760      	bx	ip
20000bda:	bf00      	nop
20000bdc:	10002839 	.word	0x10002839

20000be0 <__tud_event_hook_cb_veneer>:
20000be0:	b401      	push	{r0}
20000be2:	4802      	ldr	r0, [pc, #8]	@ (20000bec <__tud_event_hook_cb_veneer+0xc>)
20000be4:	4684      	mov	ip, r0
20000be6:	bc01      	pop	{r0}
20000be8:	4760      	bx	ip
20000bea:	bf00      	nop
20000bec:	10004bd5 	.word	0x10004bd5

20000bf0 <____wrap_memset_veneer>:
20000bf0:	b401      	push	{r0}
20000bf2:	4802      	ldr	r0, [pc, #8]	@ (20000bfc <____wrap_memset_veneer+0xc>)
20000bf4:	4684      	mov	ip, r0
20000bf6:	bc01      	pop	{r0}
20000bf8:	4760      	bx	ip
20000bfa:	bf00      	nop
20000bfc:	100029ad 	.word	0x100029ad

20000c00 <____assert_func_veneer>:
20000c00:	b401      	push	{r0}
20000c02:	4802      	ldr	r0, [pc, #8]	@ (20000c0c <____assert_func_veneer+0xc>)
20000c04:	4684      	mov	ip, r0
20000c06:	bc01      	pop	{r0}
20000c08:	4760      	bx	ip
20000c0a:	bf00      	nop
20000c0c:	10003bc1 	.word	0x10003bc1

20000c10 <__rp2040_chip_version_veneer>:
20000c10:	b401      	push	{r0}
20000c12:	4802      	ldr	r0, [pc, #8]	@ (20000c1c <__rp2040_chip_version_veneer+0xc>)
20000c14:	4684      	mov	ip, r0
20000c16:	bc01      	pop	{r0}
20000c18:	4760      	bx	ip
20000c1a:	bf00      	nop
20000c1c:	10000635 	.word	0x10000635

20000c20 <__unaligned_memcpy_veneer>:
20000c20:	b401      	push	{r0}
20000c22:	4802      	ldr	r0, [pc, #8]	@ (20000c2c <__unaligned_memcpy_veneer+0xc>)
20000c24:	4684      	mov	ip, r0
20000c26:	bc01      	pop	{r0}
20000c28:	4760      	bx	ip
20000c2a:	bf00      	nop
20000c2c:	100048c1 	.word	0x100048c1

20000c30 <led_count>:
20000c30:	                                         ..

20000c32 <striped_spin_lock_num>:
20000c32:	                                         ..

20000c34 <irq_handler_chain_slots>:
20000c34:	00000000 	.word	0x00000000
20000c38:	00010000 	.word	0x00010000
	...
20000c44:	00020000 	.word	0x00020000
	...
20000c50:	00030000 	.word	0x00030000
	...
20000c5c:	00ff0000 	.word	0x00ff0000
20000c60:	00000000 	.word	0x00000000

20000c64 <irq_handler_chain_first_slot>:
20000c64:	b501      	push	{r0, lr}
20000c66:	6848      	ldr	r0, [r1, #4]
20000c68:	3101      	adds	r1, #1
20000c6a:	468e      	mov	lr, r1
20000c6c:	4700      	bx	r0

20000c6e <irq_handler_chain_remove_tail>:
20000c6e:	4670      	mov	r0, lr
20000c70:	3809      	subs	r0, #9
20000c72:	4901      	ldr	r1, [pc, #4]	@ (20000c78 <irq_handler_chain_remove_tail+0xa>)
20000c74:	4788      	blx	r1
20000c76:	bd01      	pop	{r0, pc}
20000c78:	10000b7d 	.word	0x10000b7d

20000c7c <default_alarm_pool>:
	...
20000c90:	20000d00 00000000 00000000 00000000     ... ............

20000ca0 <aeabi_bits_funcs>:
20000ca0:	00003350 	.word	0x00003350
20000ca4:	0000334c 	.word	0x0000334c
20000ca8:	00003354 	.word	0x00003354
20000cac:	00003352 	.word	0x00003352

20000cb0 <aeabi_bits_funcs_end>:
20000cb0:	0000534d 	.word	0x0000534d
20000cb4:	0000434d 	.word	0x0000434d
20000cb8:	00003453 	.word	0x00003453
20000cbc:	00003443 	.word	0x00003443

20000cc0 <stdio_usb>:
20000cc0:	10004351 10003fed 100042b9 10003fd9     QC...?...B...?..
20000cd0:	00000000 00000100                       ........

20000cd8 <_usbd_qdef>:
20000cd8:	20001244 000c0010 00000000 00000000     D.. ............
	...

20000cf4 <_usbd_rhport>:
20000cf4:	000000ff                                ....

20000cf8 <print_mutex>:
	...
